2026-08-13 22:23:16 | INFO     | app.main:startup_event:56 - Starting AI Quiz Generator Backend...
2026-08-13 22:23:16 | INFO     | app.main:startup_event:56 - Starting AI Quiz Generator Backend...
2026-08-13 22:23:16 | INFO     | app.main:startup_event:56 - Starting AI Quiz Generator Backend...
2026-08-13 22:23:16 | INFO     | app.main:startup_event:56 - Starting AI Quiz Generator Backend...
2026-08-13 22:23:16 | INFO     | app.main:startup_event:56 - Starting AI Quiz Generator Backend...
2026-08-13 22:23:16 | INFO     | app.main:startup_event:56 - Starting AI Quiz Generator Backend...
2026-08-13 22:23:20 | ERROR    | app.main:startup_event:64 - Failed to create database tables: (psycopg2.OperationalError) connection to server at "localhost" (::1), port 5432 failed: Connection refused (0x0000274D/10061)
	Is the server running on that host and accepting TCP/IP connections?
connection to server at "localhost" (127.0.0.1), port 5432 failed: Connection refused (0x0000274D/10061)
	Is the server running on that host and accepting TCP/IP connections?

(Background on this error at: https://sqlalche.me/e/20/e3q8)
2026-08-13 22:23:20 | ERROR    | app.main:startup_event:64 - Failed to create database tables: (psycopg2.OperationalError) connection to server at "localhost" (::1), port 5432 failed: Connection refused (0x0000274D/10061)
	Is the server running on that host and accepting TCP/IP connections?
connection to server at "localhost" (127.0.0.1), port 5432 failed: Connection refused (0x0000274D/10061)
	Is the server running on that host and accepting TCP/IP connections?

(Background on this error at: https://sqlalche.me/e/20/e3q8)
2026-08-13 22:23:20 | ERROR    | app.main:startup_event:64 - Failed to create database tables: (psycopg2.OperationalError) connection to server at "localhost" (::1), port 5432 failed: Connection refused (0x0000274D/10061)
	Is the server running on that host and accepting TCP/IP connections?
connection to server at "localhost" (127.0.0.1), port 5432 failed: Connection refused (0x0000274D/10061)
	Is the server running on that host and accepting TCP/IP connections?

(Background on this error at: https://sqlalche.me/e/20/e3q8)
2026-08-13 22:23:20 | ERROR    | app.main:startup_event:64 - Failed to create database tables: (psycopg2.OperationalError) connection to server at "localhost" (::1), port 5432 failed: Connection refused (0x0000274D/10061)
	Is the server running on that host and accepting TCP/IP connections?
connection to server at "localhost" (127.0.0.1), port 5432 failed: Connection refused (0x0000274D/10061)
	Is the server running on that host and accepting TCP/IP connections?

(Background on this error at: https://sqlalche.me/e/20/e3q8)
2026-08-13 22:23:20 | ERROR    | app.main:startup_event:64 - Failed to create database tables: (psycopg2.OperationalError) connection to server at "localhost" (::1), port 5432 failed: Connection refused (0x0000274D/10061)
	Is the server running on that host and accepting TCP/IP connections?
connection to server at "localhost" (127.0.0.1), port 5432 failed: Connection refused (0x0000274D/10061)
	Is the server running on that host and accepting TCP/IP connections?

(Background on this error at: https://sqlalche.me/e/20/e3q8)
2026-08-13 22:23:20 | ERROR    | app.main:startup_event:64 - Failed to create database tables: (psycopg2.OperationalError) connection to server at "localhost" (::1), port 5432 failed: Connection refused (0x0000274D/10061)
	Is the server running on that host and accepting TCP/IP connections?
connection to server at "localhost" (127.0.0.1), port 5432 failed: Connection refused (0x0000274D/10061)
	Is the server running on that host and accepting TCP/IP connections?

(Background on this error at: https://sqlalche.me/e/20/e3q8)
2026-08-13 22:23:29 | INFO     | app.main:startup_event:56 - Starting AI Quiz Generator Backend...
2026-08-13 22:23:33 | ERROR    | app.main:startup_event:64 - Failed to create database tables: (psycopg2.OperationalError) connection to server at "localhost" (::1), port 5432 failed: Connection refused (0x0000274D/10061)
	Is the server running on that host and accepting TCP/IP connections?
connection to server at "localhost" (127.0.0.1), port 5432 failed: Connection refused (0x0000274D/10061)
	Is the server running on that host and accepting TCP/IP connections?

(Background on this error at: https://sqlalche.me/e/20/e3q8)
2026-08-13 22:23:35 | INFO     | app.main:startup_event:56 - Starting AI Quiz Generator Backend...
2026-08-13 22:23:36 | INFO     | app.main:startup_event:56 - Starting AI Quiz Generator Backend...
2026-08-13 22:23:37 | INFO     | app.main:startup_event:56 - Starting AI Quiz Generator Backend...
2026-08-13 22:23:37 | INFO     | app.main:startup_event:56 - Starting AI Quiz Generator Backend...
2026-08-13 22:23:37 | INFO     | app.main:startup_event:56 - Starting AI Quiz Generator Backend...
2026-08-13 22:23:37 | INFO     | app.main:startup_event:56 - Starting AI Quiz Generator Backend...
2026-08-13 22:23:39 | ERROR    | app.main:startup_event:64 - Failed to create database tables: (psycopg2.OperationalError) connection to server at "localhost" (::1), port 5432 failed: Connection refused (0x0000274D/10061)
	Is the server running on that host and accepting TCP/IP connections?
connection to server at "localhost" (127.0.0.1), port 5432 failed: Connection refused (0x0000274D/10061)
	Is the server running on that host and accepting TCP/IP connections?

(Background on this error at: https://sqlalche.me/e/20/e3q8)
2026-08-13 22:23:40 | ERROR    | app.main:startup_event:64 - Failed to create database tables: (psycopg2.OperationalError) connection to server at "localhost" (::1), port 5432 failed: Connection refused (0x0000274D/10061)
	Is the server running on that host and accepting TCP/IP connections?
connection to server at "localhost" (127.0.0.1), port 5432 failed: Connection refused (0x0000274D/10061)
	Is the server running on that host and accepting TCP/IP connections?

(Background on this error at: https://sqlalche.me/e/20/e3q8)
2026-08-13 22:23:41 | ERROR    | app.main:startup_event:64 - Failed to create database tables: (psycopg2.OperationalError) connection to server at "localhost" (::1), port 5432 failed: Connection refused (0x0000274D/10061)
	Is the server running on that host and accepting TCP/IP connections?
connection to server at "localhost" (127.0.0.1), port 5432 failed: Connection refused (0x0000274D/10061)
	Is the server running on that host and accepting TCP/IP connections?

(Background on this error at: https://sqlalche.me/e/20/e3q8)
2026-08-13 22:23:41 | ERROR    | app.main:startup_event:64 - Failed to create database tables: (psycopg2.OperationalError) connection to server at "localhost" (::1), port 5432 failed: Connection refused (0x0000274D/10061)
	Is the server running on that host and accepting TCP/IP connections?
connection to server at "localhost" (127.0.0.1), port 5432 failed: Connection refused (0x0000274D/10061)
	Is the server running on that host and accepting TCP/IP connections?

(Background on this error at: https://sqlalche.me/e/20/e3q8)
2026-08-13 22:23:41 | ERROR    | app.main:startup_event:64 - Failed to create database tables: (psycopg2.OperationalError) connection to server at "localhost" (::1), port 5432 failed: Connection refused (0x0000274D/10061)
	Is the server running on that host and accepting TCP/IP connections?
connection to server at "localhost" (127.0.0.1), port 5432 failed: Connection refused (0x0000274D/10061)
	Is the server running on that host and accepting TCP/IP connections?

(Background on this error at: https://sqlalche.me/e/20/e3q8)
2026-08-13 22:23:42 | ERROR    | app.main:startup_event:64 - Failed to create database tables: (psycopg2.OperationalError) connection to server at "localhost" (::1), port 5432 failed: Connection refused (0x0000274D/10061)
	Is the server running on that host and accepting TCP/IP connections?
connection to server at "localhost" (127.0.0.1), port 5432 failed: Connection refused (0x0000274D/10061)
	Is the server running on that host and accepting TCP/IP connections?

(Background on this error at: https://sqlalche.me/e/20/e3q8)
2026-08-13 22:24:23 | INFO     | app.main:startup_event:56 - Starting AI Quiz Generator Backend...
2026-08-13 22:24:23 | INFO     | app.main:startup_event:56 - Starting AI Quiz Generator Backend...
2026-08-13 22:24:23 | INFO     | app.main:startup_event:56 - Starting AI Quiz Generator Backend...
2026-08-13 22:24:23 | INFO     | app.main:startup_event:56 - Starting AI Quiz Generator Backend...
2026-08-13 22:24:23 | INFO     | app.main:startup_event:56 - Starting AI Quiz Generator Backend...
2026-08-13 22:24:23 | INFO     | app.main:startup_event:56 - Starting AI Quiz Generator Backend...
2026-08-13 22:24:23 | INFO     | app.main:startup_event:56 - Starting AI Quiz Generator Backend...
2026-08-13 22:24:27 | ERROR    | app.main:startup_event:64 - Failed to create database tables: (psycopg2.OperationalError) connection to server at "localhost" (::1), port 5432 failed: Connection refused (0x0000274D/10061)
	Is the server running on that host and accepting TCP/IP connections?
connection to server at "localhost" (127.0.0.1), port 5432 failed: Connection refused (0x0000274D/10061)
	Is the server running on that host and accepting TCP/IP connections?

(Background on this error at: https://sqlalche.me/e/20/e3q8)
2026-08-13 22:24:27 | WARNING  | app.main:startup_event:65 - Application will continue but database features may be limited
2026-08-13 22:24:27 | WARNING  | app.main:startup_event:76 - Vector database initialization failed: No module named 'faiss'
2026-08-13 22:24:27 | ERROR    | app.main:startup_event:64 - Failed to create database tables: (psycopg2.OperationalError) connection to server at "localhost" (::1), port 5432 failed: Connection refused (0x0000274D/10061)
	Is the server running on that host and accepting TCP/IP connections?
connection to server at "localhost" (127.0.0.1), port 5432 failed: Connection refused (0x0000274D/10061)
	Is the server running on that host and accepting TCP/IP connections?

(Background on this error at: https://sqlalche.me/e/20/e3q8)
2026-08-13 22:24:27 | WARNING  | app.main:startup_event:65 - Application will continue but database features may be limited
2026-08-13 22:24:27 | WARNING  | app.main:startup_event:76 - Vector database initialization failed: No module named 'faiss'
2026-08-13 22:24:27 | ERROR    | app.main:startup_event:64 - Failed to create database tables: (psycopg2.OperationalError) connection to server at "localhost" (::1), port 5432 failed: Connection refused (0x0000274D/10061)
	Is the server running on that host and accepting TCP/IP connections?
connection to server at "localhost" (127.0.0.1), port 5432 failed: Connection refused (0x0000274D/10061)
	Is the server running on that host and accepting TCP/IP connections?

(Background on this error at: https://sqlalche.me/e/20/e3q8)
2026-08-13 22:24:27 | WARNING  | app.main:startup_event:65 - Application will continue but database features may be limited
2026-08-13 22:24:27 | ERROR    | app.main:startup_event:64 - Failed to create database tables: (psycopg2.OperationalError) connection to server at "localhost" (::1), port 5432 failed: Connection refused (0x0000274D/10061)
	Is the server running on that host and accepting TCP/IP connections?
connection to server at "localhost" (127.0.0.1), port 5432 failed: Connection refused (0x0000274D/10061)
	Is the server running on that host and accepting TCP/IP connections?

(Background on this error at: https://sqlalche.me/e/20/e3q8)
2026-08-13 22:24:27 | WARNING  | app.main:startup_event:65 - Application will continue but database features may be limited
2026-08-13 22:24:27 | WARNING  | app.main:startup_event:76 - Vector database initialization failed: No module named 'faiss'
2026-08-13 22:24:27 | WARNING  | app.main:startup_event:76 - Vector database initialization failed: No module named 'faiss'
2026-08-13 22:24:27 | ERROR    | app.main:startup_event:64 - Failed to create database tables: (psycopg2.OperationalError) connection to server at "localhost" (::1), port 5432 failed: Connection refused (0x0000274D/10061)
	Is the server running on that host and accepting TCP/IP connections?
connection to server at "localhost" (127.0.0.1), port 5432 failed: Connection refused (0x0000274D/10061)
	Is the server running on that host and accepting TCP/IP connections?

(Background on this error at: https://sqlalche.me/e/20/e3q8)
2026-08-13 22:24:27 | WARNING  | app.main:startup_event:65 - Application will continue but database features may be limited
2026-08-13 22:24:27 | WARNING  | app.main:startup_event:76 - Vector database initialization failed: No module named 'faiss'
2026-08-13 22:24:27 | ERROR    | app.main:startup_event:64 - Failed to create database tables: (psycopg2.OperationalError) connection to server at "localhost" (::1), port 5432 failed: Connection refused (0x0000274D/10061)
	Is the server running on that host and accepting TCP/IP connections?
connection to server at "localhost" (127.0.0.1), port 5432 failed: Connection refused (0x0000274D/10061)
	Is the server running on that host and accepting TCP/IP connections?

(Background on this error at: https://sqlalche.me/e/20/e3q8)
2026-08-13 22:24:27 | WARNING  | app.main:startup_event:65 - Application will continue but database features may be limited
2026-08-13 22:24:27 | WARNING  | app.main:startup_event:76 - Vector database initialization failed: No module named 'faiss'
2026-08-13 22:24:27 | ERROR    | app.main:startup_event:64 - Failed to create database tables: (psycopg2.OperationalError) connection to server at "localhost" (::1), port 5432 failed: Connection refused (0x0000274D/10061)
	Is the server running on that host and accepting TCP/IP connections?
connection to server at "localhost" (127.0.0.1), port 5432 failed: Connection refused (0x0000274D/10061)
	Is the server running on that host and accepting TCP/IP connections?

(Background on this error at: https://sqlalche.me/e/20/e3q8)
2026-08-13 22:24:27 | WARNING  | app.main:startup_event:65 - Application will continue but database features may be limited
2026-08-13 22:24:27 | WARNING  | app.main:startup_event:76 - Vector database initialization failed: No module named 'faiss'
2026-08-13 22:24:31 | ERROR    | app.utils.cache:_connect:27 - Failed to connect to Redis: Error 10061 connecting to localhost:6379. No connection could be made because the target machine actively refused it.
2026-08-13 22:24:31 | WARNING  | app.main:startup_event:84 - Redis cache not available
2026-08-13 22:24:31 | INFO     | app.main:startup_event:88 - AI Quiz Generator Backend started successfully
2026-08-13 22:24:31 | ERROR    | app.utils.cache:_connect:27 - Failed to connect to Redis: Error 10061 connecting to localhost:6379. No connection could be made because the target machine actively refused it.
2026-08-13 22:24:31 | WARNING  | app.main:startup_event:84 - Redis cache not available
2026-08-13 22:24:31 | INFO     | app.main:startup_event:88 - AI Quiz Generator Backend started successfully
2026-08-13 22:24:31 | ERROR    | app.utils.cache:_connect:27 - Failed to connect to Redis: Error 10061 connecting to localhost:6379. No connection could be made because the target machine actively refused it.
2026-08-13 22:24:31 | WARNING  | app.main:startup_event:84 - Redis cache not available
2026-08-13 22:24:31 | INFO     | app.main:startup_event:88 - AI Quiz Generator Backend started successfully
2026-08-13 22:24:31 | ERROR    | app.utils.cache:_connect:27 - Failed to connect to Redis: Error 10061 connecting to localhost:6379. No connection could be made because the target machine actively refused it.
2026-08-13 22:24:31 | WARNING  | app.main:startup_event:84 - Redis cache not available
2026-08-13 22:24:31 | INFO     | app.main:startup_event:88 - AI Quiz Generator Backend started successfully
2026-08-13 22:24:31 | ERROR    | app.utils.cache:_connect:27 - Failed to connect to Redis: Error 10061 connecting to localhost:6379. No connection could be made because the target machine actively refused it.
2026-08-13 22:24:31 | WARNING  | app.main:startup_event:84 - Redis cache not available
2026-08-13 22:24:31 | INFO     | app.main:startup_event:88 - AI Quiz Generator Backend started successfully
2026-08-13 22:24:32 | ERROR    | app.utils.cache:_connect:27 - Failed to connect to Redis: Error 10061 connecting to localhost:6379. No connection could be made because the target machine actively refused it.
2026-08-13 22:24:32 | WARNING  | app.main:startup_event:84 - Redis cache not available
2026-08-13 22:24:32 | INFO     | app.main:startup_event:88 - AI Quiz Generator Backend started successfully
2026-08-13 22:24:32 | ERROR    | app.utils.cache:_connect:27 - Failed to connect to Redis: Error 10061 connecting to localhost:6379. No connection could be made because the target machine actively refused it.
2026-08-13 22:24:32 | WARNING  | app.main:startup_event:84 - Redis cache not available
2026-08-13 22:24:32 | INFO     | app.main:startup_event:88 - AI Quiz Generator Backend started successfully
2026-08-13 22:25:18 | INFO     | app.main:startup_event:55 - Starting AI Quiz Generator Backend...
2026-08-13 22:25:19 | INFO     | app.main:shutdown_event:94 - Shutting down AI Quiz Generator Backend...
2026-08-13 22:25:19 | WARNING  | app.main:shutdown_event:103 - Failed to save vector database: No module named 'faiss'
2026-08-13 22:25:19 | INFO     | app.main:shutdown_event:105 - AI Quiz Generator Backend shut down successfully
2026-08-13 22:25:22 | ERROR    | app.main:startup_event:63 - Failed to create database tables: (psycopg2.OperationalError) connection to server at "localhost" (::1), port 5432 failed: Connection refused (0x0000274D/10061)
	Is the server running on that host and accepting TCP/IP connections?
connection to server at "localhost" (127.0.0.1), port 5432 failed: Connection refused (0x0000274D/10061)
	Is the server running on that host and accepting TCP/IP connections?

(Background on this error at: https://sqlalche.me/e/20/e3q8)
2026-08-13 22:25:22 | WARNING  | app.main:startup_event:64 - Application will continue but database features may be limited
2026-08-13 22:25:22 | WARNING  | app.main:startup_event:75 - Vector database initialization failed: No module named 'faiss'
2026-08-13 22:25:26 | ERROR    | app.utils.cache:_connect:27 - Failed to connect to Redis: Error 10061 connecting to localhost:6379. No connection could be made because the target machine actively refused it.
2026-08-13 22:25:26 | WARNING  | app.main:startup_event:83 - Redis cache not available
2026-08-13 22:25:26 | INFO     | app.main:startup_event:87 - AI Quiz Generator Backend started successfully
2026-08-13 22:25:29 | INFO     | app.main:startup_event:55 - Starting AI Quiz Generator Backend...
2026-08-13 22:25:33 | ERROR    | app.main:startup_event:63 - Failed to create database tables: (psycopg2.OperationalError) connection to server at "localhost" (::1), port 5432 failed: Connection refused (0x0000274D/10061)
	Is the server running on that host and accepting TCP/IP connections?
connection to server at "localhost" (127.0.0.1), port 5432 failed: Connection refused (0x0000274D/10061)
	Is the server running on that host and accepting TCP/IP connections?

(Background on this error at: https://sqlalche.me/e/20/e3q8)
2026-08-13 22:25:33 | WARNING  | app.main:startup_event:64 - Application will continue but database features may be limited
2026-08-13 22:25:33 | WARNING  | app.main:startup_event:75 - Vector database initialization failed: No module named 'faiss'
2026-08-13 22:25:37 | ERROR    | app.utils.cache:_connect:27 - Failed to connect to Redis: Error 10061 connecting to localhost:6379. No connection could be made because the target machine actively refused it.
2026-08-13 22:25:37 | WARNING  | app.main:startup_event:83 - Redis cache not available
2026-08-13 22:25:37 | INFO     | app.main:startup_event:87 - AI Quiz Generator Backend started successfully
2026-08-13 22:25:37 | INFO     | app.main:shutdown_event:93 - Shutting down AI Quiz Generator Backend...
2026-08-13 22:25:37 | WARNING  | app.main:shutdown_event:102 - Failed to save vector database: No module named 'faiss'
2026-08-13 22:25:37 | INFO     | app.main:shutdown_event:104 - AI Quiz Generator Backend shut down successfully
2026-08-13 22:25:45 | INFO     | app.main:startup_event:55 - Starting AI Quiz Generator Backend...
2026-08-13 22:25:49 | ERROR    | app.main:startup_event:63 - Failed to create database tables: (psycopg2.OperationalError) connection to server at "localhost" (::1), port 5432 failed: Connection refused (0x0000274D/10061)
	Is the server running on that host and accepting TCP/IP connections?
connection to server at "localhost" (127.0.0.1), port 5432 failed: Connection refused (0x0000274D/10061)
	Is the server running on that host and accepting TCP/IP connections?

(Background on this error at: https://sqlalche.me/e/20/e3q8)
2026-08-13 22:25:49 | WARNING  | app.main:startup_event:64 - Application will continue but database features may be limited
2026-08-13 22:25:49 | WARNING  | app.main:startup_event:75 - Vector database initialization failed: No module named 'faiss'
2026-08-13 22:25:54 | ERROR    | app.utils.cache:_connect:27 - Failed to connect to Redis: Error 10061 connecting to localhost:6379. No connection could be made because the target machine actively refused it.
2026-08-13 22:25:54 | WARNING  | app.main:startup_event:83 - Redis cache not available
2026-08-13 22:25:54 | INFO     | app.main:startup_event:87 - AI Quiz Generator Backend started successfully
2026-08-13 22:27:11 | INFO     | app.main:startup_event:55 - Starting AI Quiz Generator Backend...
2026-08-13 22:27:16 | ERROR    | app.main:startup_event:63 - Failed to create database tables: (psycopg2.OperationalError) connection to server at "localhost" (::1), port 5432 failed: Connection refused (0x0000274D/10061)
	Is the server running on that host and accepting TCP/IP connections?
connection to server at "localhost" (127.0.0.1), port 5432 failed: Connection refused (0x0000274D/10061)
	Is the server running on that host and accepting TCP/IP connections?

(Background on this error at: https://sqlalche.me/e/20/e3q8)
2026-08-13 22:27:16 | WARNING  | app.main:startup_event:64 - Application will continue but database features may be limited
2026-08-13 22:27:16 | WARNING  | app.main:startup_event:75 - Vector database initialization failed: No module named 'faiss'
2026-08-13 22:27:20 | ERROR    | app.utils.cache:_connect:27 - Failed to connect to Redis: Error 10061 connecting to localhost:6379. No connection could be made because the target machine actively refused it.
2026-08-13 22:27:20 | WARNING  | app.main:startup_event:83 - Redis cache not available
2026-08-13 22:27:20 | INFO     | app.main:startup_event:87 - AI Quiz Generator Backend started successfully
2026-08-13 22:28:10 | INFO     | app.main:shutdown_event:94 - Shutting down AI Quiz Generator Backend...
2026-08-13 22:28:10 | WARNING  | app.main:shutdown_event:103 - Failed to save vector database: No module named 'faiss'
2026-08-13 22:28:10 | INFO     | app.main:shutdown_event:105 - AI Quiz Generator Backend shut down successfully
2026-08-13 22:28:15 | INFO     | app.middleware.logging:dispatch:18 - Request: GET /docs - Client: 127.0.0.1 - User-Agent: Mozilla/5.0 (Windows NT 10.0; Win64; x64) AppleWebKit/537.36 (KHTML, like Gecko) Chrome/151.0.0.0 Safari/537.36 Edg/151.0.0.0
2026-08-13 22:28:15 | INFO     | app.middleware.logging:dispatch:34 - Response: GET /docs - Status: 200 - Time: 0.007s
2026-08-13 22:28:16 | INFO     | app.middleware.logging:dispatch:18 - Request: GET /api/v1/openapi.json - Client: 127.0.0.1 - User-Agent: Mozilla/5.0 (Windows NT 10.0; Win64; x64) AppleWebKit/537.36 (KHTML, like Gecko) Chrome/151.0.0.0 Safari/537.36 Edg/151.0.0.0
2026-08-13 22:28:16 | INFO     | app.middleware.logging:dispatch:34 - Response: GET /api/v1/openapi.json - Status: 200 - Time: 0.159s
2026-08-13 22:28:17 | INFO     | app.main:startup_event:55 - Starting AI Quiz Generator Backend...
2026-08-13 22:28:22 | ERROR    | app.main:startup_event:63 - Failed to create database tables: (psycopg2.OperationalError) connection to server at "localhost" (::1), port 5432 failed: Connection refused (0x0000274D/10061)
	Is the server running on that host and accepting TCP/IP connections?
connection to server at "localhost" (127.0.0.1), port 5432 failed: Connection refused (0x0000274D/10061)
	Is the server running on that host and accepting TCP/IP connections?

(Background on this error at: https://sqlalche.me/e/20/e3q8)
2026-08-13 22:28:22 | WARNING  | app.main:startup_event:64 - Application will continue but database features may be limited
2026-08-13 22:28:22 | WARNING  | app.main:startup_event:75 - Vector database initialization failed: No module named 'faiss'
2026-08-13 22:28:26 | ERROR    | app.utils.cache:_connect:27 - Failed to connect to Redis: Error 10061 connecting to localhost:6379. No connection could be made because the target machine actively refused it.
2026-08-13 22:28:26 | WARNING  | app.main:startup_event:83 - Redis cache not available
2026-08-13 22:28:26 | INFO     | app.main:startup_event:87 - AI Quiz Generator Backend started successfully
2026-08-13 22:28:26 | INFO     | app.main:shutdown_event:93 - Shutting down AI Quiz Generator Backend...
2026-08-13 22:28:26 | WARNING  | app.main:shutdown_event:102 - Failed to save vector database: No module named 'faiss'
2026-08-13 22:28:26 | INFO     | app.main:shutdown_event:104 - AI Quiz Generator Backend shut down successfully
2026-08-13 22:28:35 | INFO     | app.main:startup_event:55 - Starting AI Quiz Generator Backend...
2026-08-13 22:28:39 | ERROR    | app.main:startup_event:63 - Failed to create database tables: (psycopg2.OperationalError) connection to server at "localhost" (::1), port 5432 failed: Connection refused (0x0000274D/10061)
	Is the server running on that host and accepting TCP/IP connections?
connection to server at "localhost" (127.0.0.1), port 5432 failed: Connection refused (0x0000274D/10061)
	Is the server running on that host and accepting TCP/IP connections?

(Background on this error at: https://sqlalche.me/e/20/e3q8)
2026-08-13 22:28:39 | WARNING  | app.main:startup_event:64 - Application will continue but database features may be limited
2026-08-13 22:28:39 | WARNING  | app.main:startup_event:75 - Vector database initialization failed: No module named 'faiss'
2026-08-13 22:28:44 | ERROR    | app.utils.cache:_connect:27 - Failed to connect to Redis: Error 10061 connecting to localhost:6379. No connection could be made because the target machine actively refused it.
2026-08-13 22:28:44 | WARNING  | app.main:startup_event:83 - Redis cache not available
2026-08-13 22:28:44 | INFO     | app.main:startup_event:87 - AI Quiz Generator Backend started successfully
2026-08-13 22:29:04 | INFO     | app.main:shutdown_event:94 - Shutting down AI Quiz Generator Backend...
2026-08-13 22:29:04 | WARNING  | app.main:shutdown_event:103 - Failed to save vector database: No module named 'faiss'
2026-08-13 22:29:04 | INFO     | app.main:shutdown_event:105 - AI Quiz Generator Backend shut down successfully
aiss'
2026-08-13 22:29:04 | INFO     | app.main:shutdown_event:105 - AI Quiz Generator Backend shut down successfully
2026-08-13 22:29:04 | INFO     | app.main:shutdown_event:94 - Shutting down AI Quiz Generator Backend...
2026-08-13 22:29:04 | WARNING  | app.main:shutdown_event:103 - Failed to save vector database: No module named 'faiss'
2026-08-13 22:29:04 | INFO     | app.main:shutdown_event:105 - AI Quiz Generator Backend shut down successfully
2026-08-13 22:29:04 | INFO     | app.main:shutdown_event:94 - Shutting down AI Quiz Generator Backend...
2026-08-13 22:29:04 | WARNING  | app.main:shutdown_event:103 - Failed to save vector database: No module named 'faiss'
2026-08-13 22:29:04 | INFO     | app.main:shutdown_event:105 - AI Quiz Generator Backend shut down successfully
2026-08-13 22:29:04 | INFO     | app.main:shutdown_event:94 - Shutting down AI Quiz Generator Backend...
2026-08-13 22:29:04 | WARNING  | app.main:shutdown_event:103 - Failed to save vector database: No module named 'faiss'
2026-08-13 22:29:04 | INFO     | app.main:shutdown_event:105 - AI Quiz Generator Backend shut down successfully
2026-08-13 22:29:17 | INFO     | app.main:startup_event:55 - Starting AI Quiz Generator Backend...
2026-08-13 22:29:18 | INFO     | app.main:startup_event:55 - Starting AI Quiz Generator Backend...
2026-08-13 22:29:18 | INFO     | app.main:startup_event:55 - Starting AI Quiz Generator Backend...
2026-08-13 22:29:18 | INFO     | app.main:startup_event:55 - Starting AI Quiz Generator Backend...
2026-08-13 22:29:18 | INFO     | app.main:startup_event:55 - Starting AI Quiz Generator Backend...
2026-08-13 22:29:21 | ERROR    | app.main:startup_event:63 - Failed to create database tables: (psycopg2.OperationalError) connection to server at "localhost" (::1), port 5432 failed: Connection refused (0x0000274D/10061)
	Is the server running on that host and accepting TCP/IP connections?
connection to server at "localhost" (127.0.0.1), port 5432 failed: Connection refused (0x0000274D/10061)
	Is the server running on that host and accepting TCP/IP connections?

(Background on this error at: https://sqlalche.me/e/20/e3q8)
2026-08-13 22:29:21 | WARNING  | app.main:startup_event:64 - Application will continue but database features may be limited
2026-08-13 22:29:21 | WARNING  | app.main:startup_event:75 - Vector database initialization failed: No module named 'faiss'
2026-08-13 22:29:22 | ERROR    | app.main:startup_event:63 - Failed to create database tables: (psycopg2.OperationalError) connection to server at "localhost" (::1), port 5432 failed: Connection refused (0x0000274D/10061)
	Is the server running on that host and accepting TCP/IP connections?
connection to server at "localhost" (127.0.0.1), port 5432 failed: Connection refused (0x0000274D/10061)
	Is the server running on that host and accepting TCP/IP connections?

(Background on this error at: https://sqlalche.me/e/20/e3q8)
2026-08-13 22:29:22 | WARNING  | app.main:startup_event:64 - Application will continue but database features may be limited
2026-08-13 22:29:22 | WARNING  | app.main:startup_event:75 - Vector database initialization failed: No module named 'faiss'
2026-08-13 22:29:22 | ERROR    | app.main:startup_event:63 - Failed to create database tables: (psycopg2.OperationalError) connection to server at "localhost" (::1), port 5432 failed: Connection refused (0x0000274D/10061)
	Is the server running on that host and accepting TCP/IP connections?
connection to server at "localhost" (127.0.0.1), port 5432 failed: Connection refused (0x0000274D/10061)
	Is the server running on that host and accepting TCP/IP connections?

(Background on this error at: https://sqlalche.me/e/20/e3q8)
2026-08-13 22:29:22 | WARNING  | app.main:startup_event:64 - Application will continue but database features may be limited
2026-08-13 22:29:22 | WARNING  | app.main:startup_event:75 - Vector database initialization failed: No module named 'faiss'
2026-08-13 22:29:22 | ERROR    | app.main:startup_event:63 - Failed to create database tables: (psycopg2.OperationalError) connection to server at "localhost" (::1), port 5432 failed: Connection refused (0x0000274D/10061)
	Is the server running on that host and accepting TCP/IP connections?
connection to server at "localhost" (127.0.0.1), port 5432 failed: Connection refused (0x0000274D/10061)
	Is the server running on that host and accepting TCP/IP connections?

(Background on this error at: https://sqlalche.me/e/20/e3q8)
2026-08-13 22:29:22 | WARNING  | app.main:startup_event:64 - Application will continue but database features may be limited
2026-08-13 22:29:22 | WARNING  | app.main:startup_event:75 - Vector database initialization failed: No module named 'faiss'
2026-08-13 22:29:22 | ERROR    | app.main:startup_event:63 - Failed to create database tables: (psycopg2.OperationalError) connection to server at "localhost" (::1), port 5432 failed: Connection refused (0x0000274D/10061)
	Is the server running on that host and accepting TCP/IP connections?
connection to server at "localhost" (127.0.0.1), port 5432 failed: Connection refused (0x0000274D/10061)
	Is the server running on that host and accepting TCP/IP connections?

(Background on this error at: https://sqlalche.me/e/20/e3q8)
2026-08-13 22:29:22 | WARNING  | app.main:startup_event:64 - Application will continue but database features may be limited
2026-08-13 22:29:22 | WARNING  | app.main:startup_event:75 - Vector database initialization failed: No module named 'faiss'
2026-08-13 22:29:25 | ERROR    | app.utils.cache:_connect:27 - Failed to connect to Redis: Error 10061 connecting to localhost:6379. No connection could be made because the target machine actively refused it.
2026-08-13 22:29:25 | WARNING  | app.main:startup_event:83 - Redis cache not available
2026-08-13 22:29:25 | INFO     | app.main:startup_event:87 - AI Quiz Generator Backend started successfully
2026-08-13 22:29:25 | INFO     | app.main:shutdown_event:93 - Shutting down AI Quiz Generator Backend...
2026-08-13 22:29:25 | WARNING  | app.main:shutdown_event:102 - Failed to save vector database: No module named 'faiss'
2026-08-13 22:29:25 | INFO     | app.main:shutdown_event:104 - AI Quiz Generator Backend shut down successfully
2026-08-13 22:29:26 | ERROR    | app.utils.cache:_connect:27 - Failed to connect to Redis: Error 10061 connecting to localhost:6379. No connection could be made because the target machine actively refused it.
2026-08-13 22:29:26 | WARNING  | app.main:startup_event:83 - Redis cache not available
2026-08-13 22:29:26 | INFO     | app.main:startup_event:87 - AI Quiz Generator Backend started successfully
2026-08-13 22:29:26 | INFO     | app.main:shutdown_event:93 - Shutting down AI Quiz Generator Backend...
2026-08-13 22:29:26 | WARNING  | app.main:shutdown_event:102 - Failed to save vector database: No module named 'faiss'
2026-08-13 22:29:26 | INFO     | app.main:shutdown_event:104 - AI Quiz Generator Backend shut down successfully
2026-08-13 22:29:26 | ERROR    | app.utils.cache:_connect:27 - Failed to connect to Redis: Error 10061 connecting to localhost:6379. No connection could be made because the target machine actively refused it.
2026-08-13 22:29:26 | WARNING  | app.main:startup_event:83 - Redis cache not available
2026-08-13 22:29:26 | INFO     | app.main:startup_event:87 - AI Quiz Generator Backend started successfully
2026-08-13 22:29:26 | INFO     | app.main:shutdown_event:93 - Shutting down AI Quiz Generator Backend...
2026-08-13 22:29:26 | WARNING  | app.main:shutdown_event:102 - Failed to save vector database: No module named 'faiss'
2026-08-13 22:29:26 | INFO     | app.main:shutdown_event:104 - AI Quiz Generator Backend shut down successfully
2026-08-13 22:29:26 | ERROR    | app.utils.cache:_connect:27 - Failed to connect to Redis: Error 10061 connecting to localhost:6379. No connection could be made because the target machine actively refused it.
2026-08-13 22:29:26 | WARNING  | app.main:startup_event:83 - Redis cache not available
2026-08-13 22:29:26 | INFO     | app.main:startup_event:87 - AI Quiz Generator Backend started successfully
2026-08-13 22:29:26 | INFO     | app.main:shutdown_event:93 - Shutting down AI Quiz Generator Backend...
2026-08-13 22:29:26 | WARNING  | app.main:shutdown_event:102 - Failed to save vector database: No module named 'faiss'
2026-08-13 22:29:26 | INFO     | app.main:shutdown_event:104 - AI Quiz Generator Backend shut down successfully
2026-08-13 22:29:26 | ERROR    | app.utils.cache:_connect:27 - Failed to connect to Redis: Error 10061 connecting to localhost:6379. No connection could be made because the target machine actively refused it.
2026-08-13 22:29:26 | WARNING  | app.main:startup_event:83 - Redis cache not available
2026-08-13 22:29:26 | INFO     | app.main:startup_event:87 - AI Quiz Generator Backend started successfully
2026-08-13 22:29:26 | INFO     | app.main:shutdown_event:93 - Shutting down AI Quiz Generator Backend...
2026-08-13 22:29:26 | WARNING  | app.main:shutdown_event:102 - Failed to save vector database: No module named 'faiss'
2026-08-13 22:29:26 | INFO     | app.main:shutdown_event:104 - AI Quiz Generator Backend shut down successfully
2026-08-13 22:29:39 | INFO     | app.main:startup_event:55 - Starting AI Quiz Generator Backend...
2026-08-13 22:29:42 | INFO     | app.main:startup_event:55 - Starting AI Quiz Generator Backend...
2026-08-13 22:29:42 | INFO     | app.main:startup_event:55 - Starting AI Quiz Generator Backend...
2026-08-13 22:29:42 | INFO     | app.main:startup_event:55 - Starting AI Quiz Generator Backend...
2026-08-13 22:29:42 | INFO     | app.main:startup_event:55 - Starting AI Quiz Generator Backend...
2026-08-13 22:29:43 | ERROR    | app.main:startup_event:63 - Failed to create database tables: (psycopg2.OperationalError) connection to server at "localhost" (::1), port 5432 failed: Connection refused (0x0000274D/10061)
	Is the server running on that host and accepting TCP/IP connections?
connection to server at "localhost" (127.0.0.1), port 5432 failed: Connection refused (0x0000274D/10061)
	Is the server running on that host and accepting TCP/IP connections?

(Background on this error at: https://sqlalche.me/e/20/e3q8)
2026-08-13 22:29:43 | WARNING  | app.main:startup_event:64 - Application will continue but database features may be limited
2026-08-13 22:29:43 | WARNING  | app.main:startup_event:75 - Vector database initialization failed: No module named 'faiss'
2026-08-13 22:29:46 | ERROR    | app.main:startup_event:63 - Failed to create database tables: (psycopg2.OperationalError) connection to server at "localhost" (::1), port 5432 failed: Connection refused (0x0000274D/10061)
	Is the server running on that host and accepting TCP/IP connections?
connection to server at "localhost" (127.0.0.1), port 5432 failed: Connection refused (0x0000274D/10061)
	Is the server running on that host and accepting TCP/IP connections?

(Background on this error at: https://sqlalche.me/e/20/e3q8)
2026-08-13 22:29:46 | WARNING  | app.main:startup_event:64 - Application will continue but database features may be limited
2026-08-13 22:29:46 | WARNING  | app.main:startup_event:75 - Vector database initialization failed: No module named 'faiss'
2026-08-13 22:29:46 | ERROR    | app.main:startup_event:63 - Failed to create database tables: (psycopg2.OperationalError) connection to server at "localhost" (::1), port 5432 failed: Connection refused (0x0000274D/10061)
	Is the server running on that host and accepting TCP/IP connections?
connection to server at "localhost" (127.0.0.1), port 5432 failed: Connection refused (0x0000274D/10061)
	Is the server running on that host and accepting TCP/IP connections?

(Background on this error at: https://sqlalche.me/e/20/e3q8)
2026-08-13 22:29:46 | WARNING  | app.main:startup_event:64 - Application will continue but database features may be limited
2026-08-13 22:29:46 | WARNING  | app.main:startup_event:75 - Vector database initialization failed: No module named 'faiss'
2026-08-13 22:29:46 | ERROR    | app.main:startup_event:63 - Failed to create database tables: (psycopg2.OperationalError) connection to server at "localhost" (::1), port 5432 failed: Connection refused (0x0000274D/10061)
	Is the server running on that host and accepting TCP/IP connections?
connection to server at "localhost" (127.0.0.1), port 5432 failed: Connection refused (0x0000274D/10061)
	Is the server running on that host and accepting TCP/IP connections?

(Background on this error at: https://sqlalche.me/e/20/e3q8)
2026-08-13 22:29:46 | WARNING  | app.main:startup_event:64 - Application will continue but database features may be limited
2026-08-13 22:29:46 | WARNING  | app.main:startup_event:75 - Vector database initialization failed: No module named 'faiss'
2026-08-13 22:29:46 | ERROR    | app.main:startup_event:63 - Failed to create database tables: (psycopg2.OperationalError) connection to server at "localhost" (::1), port 5432 failed: Connection refused (0x0000274D/10061)
	Is the server running on that host and accepting TCP/IP connections?
connection to server at "localhost" (127.0.0.1), port 5432 failed: Connection refused (0x0000274D/10061)
	Is the server running on that host and accepting TCP/IP connections?

(Background on this error at: https://sqlalche.me/e/20/e3q8)
2026-08-13 22:29:46 | WARNING  | app.main:startup_event:64 - Application will continue but database features may be limited
2026-08-13 22:29:46 | WARNING  | app.main:startup_event:75 - Vector database initialization failed: No module named 'faiss'
2026-08-13 22:29:47 | ERROR    | app.utils.cache:_connect:27 - Failed to connect to Redis: Error 10061 connecting to localhost:6379. No connection could be made because the target machine actively refused it.
2026-08-13 22:29:47 | WARNING  | app.main:startup_event:83 - Redis cache not available
2026-08-13 22:29:47 | INFO     | app.main:startup_event:87 - AI Quiz Generator Backend started successfully
2026-08-13 22:29:50 | ERROR    | app.utils.cache:_connect:27 - Failed to connect to Redis: Error 10061 connecting to localhost:6379. No connection could be made because the target machine actively refused it.
2026-08-13 22:29:50 | WARNING  | app.main:startup_event:83 - Redis cache not available
2026-08-13 22:29:50 | INFO     | app.main:startup_event:87 - AI Quiz Generator Backend started successfully
2026-08-13 22:29:50 | ERROR    | app.utils.cache:_connect:27 - Failed to connect to Redis: Error 10061 connecting to localhost:6379. No connection could be made because the target machine actively refused it.
2026-08-13 22:29:50 | WARNING  | app.main:startup_event:83 - Redis cache not available
2026-08-13 22:29:50 | INFO     | app.main:startup_event:87 - AI Quiz Generator Backend started successfully
2026-08-13 22:29:50 | ERROR    | app.utils.cache:_connect:27 - Failed to connect to Redis: Error 10061 connecting to localhost:6379. No connection could be made because the target machine actively refused it.
2026-08-13 22:29:50 | WARNING  | app.main:startup_event:83 - Redis cache not available
2026-08-13 22:29:50 | INFO     | app.main:startup_event:87 - AI Quiz Generator Backend started successfully
2026-08-13 22:29:51 | ERROR    | app.utils.cache:_connect:27 - Failed to connect to Redis: Error 10061 connecting to localhost:6379. No connection could be made because the target machine actively refused it.
2026-08-13 22:29:51 | WARNING  | app.main:startup_event:83 - Redis cache not available
2026-08-13 22:29:51 | INFO     | app.main:startup_event:87 - AI Quiz Generator Backend started successfully
2026-08-13 22:29:51 | INFO     | app.middleware.logging:dispatch:18 - Request: GET / - Client: 127.0.0.1 - User-Agent: Mozilla/5.0 (Windows NT 10.0; Win64; x64) AppleWebKit/537.36 (KHTML, like Gecko) Chrome/151.0.0.0 Safari/537.36 Edg/151.0.0.0
2026-08-13 22:29:51 | INFO     | app.middleware.logging:dispatch:34 - Response: GET / - Status: 200 - Time: 0.007s
2026-08-13 22:29:51 | INFO     | app.middleware.logging:dispatch:18 - Request: GET /favicon.ico - Client: 127.0.0.1 - User-Agent: Mozilla/5.0 (Windows NT 10.0; Win64; x64) AppleWebKit/537.36 (KHTML, like Gecko) Chrome/151.0.0.0 Safari/537.36 Edg/151.0.0.0
2026-08-13 22:29:51 | INFO     | app.middleware.logging:dispatch:34 - Response: GET /favicon.ico - Status: 404 - Time: 0.003s
2026-08-13 22:30:05 | INFO     | app.main:shutdown_event:93 - Shutting down AI Quiz Generator Backend...
2026-08-13 22:30:05 | WARNING  | app.main:shutdown_event:102 - Failed to save vector database: No module named 'faiss'
2026-08-13 22:30:05 | INFO     | app.main:shutdown_event:104 - AI Quiz Generator Backend shut down successfully
2026-08-13 22:30:19 | INFO     | app.main:startup_event:55 - Starting AI Quiz Generator Backend...
2026-08-13 22:30:23 | ERROR    | app.main:startup_event:63 - Failed to create database tables: (psycopg2.OperationalError) connection to server at "localhost" (::1), port 5432 failed: Connection refused (0x0000274D/10061)
	Is the server running on that host and accepting TCP/IP connections?
connection to server at "localhost" (127.0.0.1), port 5432 failed: Connection refused (0x0000274D/10061)
	Is the server running on that host and accepting TCP/IP connections?

(Background on this error at: https://sqlalche.me/e/20/e3q8)
2026-08-13 22:30:23 | WARNING  | app.main:startup_event:64 - Application will continue but database features may be limited
2026-08-13 22:30:23 | WARNING  | app.main:startup_event:75 - Vector database initialization failed: No module named 'faiss'
2026-08-13 22:30:27 | ERROR    | app.utils.cache:_connect:27 - Failed to connect to Redis: Error 10061 connecting to localhost:6379. No connection could be made because the target machine actively refused it.
2026-08-13 22:30:27 | WARNING  | app.main:startup_event:83 - Redis cache not available
2026-08-13 22:30:27 | INFO     | app.main:startup_event:87 - AI Quiz Generator Backend started successfully
2026-08-13 22:35:12 | INFO     | app.middleware.logging:dispatch:18 - Request: POST /api/v1/auth/login - Client: 127.0.0.1 - User-Agent: Mozilla/5.0 (Windows NT 10.0; Win64; x64) AppleWebKit/537.36 (KHTML, like Gecko) Chrome/151.0.0.0 Safari/537.36 Edg/151.0.0.0
2026-08-13 22:36:10 | INFO     | app.middleware.logging:dispatch:18 - Request: GET / - Client: 127.0.0.1 - User-Agent: Mozilla/5.0 (Windows NT 10.0; Win64; x64) AppleWebKit/537.36 (KHTML, like Gecko) Chrome/151.0.0.0 Safari/537.36 Edg/151.0.0.0
2026-08-13 22:36:10 | INFO     | app.middleware.logging:dispatch:34 - Response: GET / - Status: 200 - Time: 0.023s
2026-08-13 22:36:12 | INFO     | app.middleware.logging:dispatch:18 - Request: GET / - Client: 127.0.0.1 - User-Agent: Mozilla/5.0 (Windows NT 10.0; Win64; x64) AppleWebKit/537.36 (KHTML, like Gecko) Chrome/151.0.0.0 Safari/537.36 Edg/151.0.0.0
2026-08-13 22:36:12 | INFO     | app.middleware.logging:dispatch:34 - Response: GET / - Status: 200 - Time: 0.004s
2026-08-13 22:36:14 | INFO     | app.middleware.logging:dispatch:18 - Request: GET /docs - Client: 127.0.0.1 - User-Agent: Mozilla/5.0 (Windows NT 10.0; Win64; x64) AppleWebKit/537.36 (KHTML, like Gecko) Chrome/151.0.0.0 Safari/537.36 Edg/151.0.0.0
2026-08-13 22:36:14 | INFO     | app.middleware.logging:dispatch:34 - Response: GET /docs - Status: 200 - Time: 0.011s
2026-08-13 22:36:15 | INFO     | app.middleware.logging:dispatch:18 - Request: GET /api/v1/openapi.json - Client: 127.0.0.1 - User-Agent: Mozilla/5.0 (Windows NT 10.0; Win64; x64) AppleWebKit/537.36 (KHTML, like Gecko) Chrome/151.0.0.0 Safari/537.36 Edg/151.0.0.0
2026-08-13 22:36:15 | INFO     | app.middleware.logging:dispatch:34 - Response: GET /api/v1/openapi.json - Status: 200 - Time: 0.254s
2026-08-13 22:36:30 | INFO     | app.middleware.logging:dispatch:18 - Request: OPTIONS /api/v1/auth/register - Client: 127.0.0.1 - User-Agent: Mozilla/5.0 (Windows NT 10.0; Win64; x64) AppleWebKit/537.36 (KHTML, like Gecko) Chrome/151.0.0.0 Safari/537.36 Edg/151.0.0.0
2026-08-13 22:36:30 | INFO     | app.middleware.logging:dispatch:34 - Response: OPTIONS /api/v1/auth/register - Status: 200 - Time: 0.001s
2026-08-13 22:36:30 | INFO     | app.middleware.logging:dispatch:18 - Request: POST /api/v1/auth/register - Client: 127.0.0.1 - User-Agent: Mozilla/5.0 (Windows NT 10.0; Win64; x64) AppleWebKit/537.36 (KHTML, like Gecko) Chrome/151.0.0.0 Safari/537.36 Edg/151.0.0.0
2026-08-13 22:36:30 | INFO     | app.middleware.logging:dispatch:34 - Response: POST /api/v1/auth/register - Status: 422 - Time: 0.056s
2026-08-13 22:38:00 | INFO     | app.main:shutdown_event:93 - Shutting down AI Quiz Generator Backend...
2026-08-13 22:38:03 | INFO     | app.main:shutdown_event:93 - Shutting down AI Quiz Generator Backend...
2026-08-13 22:38:03 | INFO     | app.main:shutdown_event:93 - Shutting down AI Quiz Generator Backend...
2026-08-13 22:38:03 | INFO     | app.main:shutdown_event:93 - Shutting down AI Quiz Generator Backend...
2026-08-13 22:38:03 | INFO     | app.main:shutdown_event:93 - Shutting down AI Quiz Generator Backend...
2026-08-13 22:38:03 | INFO     | app.main:shutdown_event:93 - Shutting down AI Quiz Generator Backend...
2026-08-13 22:38:03 | INFO     | app.main:shutdown_event:93 - Shutting down AI Quiz Generator Backend...
2026-08-13 22:38:03 | INFO     | app.main:shutdown_event:93 - Shutting down AI Quiz Generator Backend...
2026-08-13 22:38:08 | INFO     | app.main:shutdown_event:100 - Vector database indexes saved
2026-08-13 22:38:08 | INFO     | app.main:shutdown_event:104 - AI Quiz Generator Backend shut down successfully
2026-08-13 22:38:08 | INFO     | app.main:shutdown_event:100 - Vector database indexes saved
2026-08-13 22:38:08 | INFO     | app.main:shutdown_event:104 - AI Quiz Generator Backend shut down successfully
2026-08-13 22:38:08 | INFO     | app.main:shutdown_event:100 - Vector database indexes saved
2026-08-13 22:38:08 | INFO     | app.main:shutdown_event:104 - AI Quiz Generator Backend shut down successfully
2026-08-13 22:38:08 | INFO     | app.main:shutdown_event:100 - Vector database indexes saved
2026-08-13 22:38:08 | INFO     | app.main:shutdown_event:104 - AI Quiz Generator Backend shut down successfully
2026-08-13 22:38:08 | INFO     | app.main:shutdown_event:100 - Vector database indexes saved
2026-08-13 22:38:08 | INFO     | app.main:shutdown_event:104 - AI Quiz Generator Backend shut down successfully
2026-08-13 22:38:08 | INFO     | app.main:shutdown_event:100 - Vector database indexes saved
2026-08-13 22:38:08 | INFO     | app.main:shutdown_event:104 - AI Quiz Generator Backend shut down successfully
2026-08-13 22:38:08 | INFO     | app.main:shutdown_event:100 - Vector database indexes saved
2026-08-13 22:38:08 | INFO     | app.main:shutdown_event:104 - AI Quiz Generator Backend shut down successfully
2026-08-13 22:38:08 | INFO     | app.main:shutdown_event:100 - Vector database indexes saved
2026-08-13 22:38:08 | INFO     | app.main:shutdown_event:104 - AI Quiz Generator Backend shut down successfully
2026-08-13 22:38:23 | INFO     | app.main:shutdown_event:93 - Shutting down AI Quiz Generator Backend...
2026-08-13 22:38:25 | INFO     | app.main:shutdown_event:100 - Vector database indexes saved
2026-08-13 22:38:25 | INFO     | app.main:shutdown_event:104 - AI Quiz Generator Backend shut down successfully
2026-08-13 22:40:39 | INFO     | app.main:startup_event:55 - Starting AI Quiz Generator Backend...
2026-08-13 22:40:39 | INFO     | app.main:startup_event:55 - Starting AI Quiz Generator Backend...
2026-08-13 22:40:39 | INFO     | app.main:startup_event:55 - Starting AI Quiz Generator Backend...
2026-08-13 22:40:39 | INFO     | app.main:startup_event:55 - Starting AI Quiz Generator Backend...
2026-08-13 22:40:39 | INFO     | app.main:startup_event:55 - Starting AI Quiz Generator Backend...
2026-08-13 22:40:39 | INFO     | app.main:startup_event:55 - Starting AI Quiz Generator Backend...
2026-08-13 22:40:40 | INFO     | app.main:startup_event:55 - Starting AI Quiz Generator Backend...
2026-08-13 22:40:40 | INFO     | app.main:startup_event:55 - Starting AI Quiz Generator Backend...
2026-08-13 22:40:40 | INFO     | app.main:startup_event:55 - Starting AI Quiz Generator Backend...
2026-08-13 22:40:43 | ERROR    | app.main:startup_event:63 - Failed to create database tables: (psycopg2.OperationalError) connection to server at "localhost" (::1), port 5432 failed: Connection refused (0x0000274D/10061)
	Is the server running on that host and accepting TCP/IP connections?
connection to server at "localhost" (127.0.0.1), port 5432 failed: Connection refused (0x0000274D/10061)
	Is the server running on that host and accepting TCP/IP connections?

(Background on this error at: https://sqlalche.me/e/20/e3q8)
2026-08-13 22:40:43 | ERROR    | app.main:startup_event:63 - Failed to create database tables: (psycopg2.OperationalError) connection to server at "localhost" (::1), port 5432 failed: Connection refused (0x0000274D/10061)
	Is the server running on that host and accepting TCP/IP connections?
connection to server at "localhost" (127.0.0.1), port 5432 failed: Connection refused (0x0000274D/10061)
	Is the server running on that host and accepting TCP/IP connections?

(Background on this error at: https://sqlalche.me/e/20/e3q8)
2026-08-13 22:40:43 | WARNING  | app.main:startup_event:64 - Application will continue but database features may be limited
2026-08-13 22:40:43 | WARNING  | app.main:startup_event:64 - Application will continue but database features may be limited
2026-08-13 22:40:43 | ERROR    | app.main:startup_event:63 - Failed to create database tables: (psycopg2.OperationalError) connection to server at "localhost" (::1), port 5432 failed: Connection refused (0x0000274D/10061)
	Is the server running on that host and accepting TCP/IP connections?
connection to server at "localhost" (127.0.0.1), port 5432 failed: Connection refused (0x0000274D/10061)
	Is the server running on that host and accepting TCP/IP connections?

(Background on this error at: https://sqlalche.me/e/20/e3q8)
2026-08-13 22:40:43 | WARNING  | app.main:startup_event:64 - Application will continue but database features may be limited
2026-08-13 22:40:43 | INFO     | app.nlp.embedding:_load_model:39 - Loading embedding model: all-MiniLM-L6-v2
2026-08-13 22:40:43 | ERROR    | app.main:startup_event:63 - Failed to create database tables: (psycopg2.OperationalError) connection to server at "localhost" (::1), port 5432 failed: Connection refused (0x0000274D/10061)
	Is the server running on that host and accepting TCP/IP connections?
connection to server at "localhost" (127.0.0.1), port 5432 failed: Connection refused (0x0000274D/10061)
	Is the server running on that host and accepting TCP/IP connections?

(Background on this error at: https://sqlalche.me/e/20/e3q8)
2026-08-13 22:40:43 | WARNING  | app.main:startup_event:64 - Application will continue but database features may be limited
2026-08-13 22:40:43 | INFO     | app.nlp.embedding:_load_model:39 - Loading embedding model: all-MiniLM-L6-v2
2026-08-13 22:40:43 | ERROR    | app.main:startup_event:63 - Failed to create database tables: (psycopg2.OperationalError) connection to server at "localhost" (::1), port 5432 failed: Connection refused (0x0000274D/10061)
	Is the server running on that host and accepting TCP/IP connections?
connection to server at "localhost" (127.0.0.1), port 5432 failed: Connection refused (0x0000274D/10061)
	Is the server running on that host and accepting TCP/IP connections?

(Background on this error at: https://sqlalche.me/e/20/e3q8)
2026-08-13 22:40:43 | WARNING  | app.main:startup_event:64 - Application will continue but database features may be limited
2026-08-13 22:40:43 | ERROR    | app.main:startup_event:63 - Failed to create database tables: (psycopg2.OperationalError) connection to server at "localhost" (::1), port 5432 failed: Connection refused (0x0000274D/10061)
	Is the server running on that host and accepting TCP/IP connections?
connection to server at "localhost" (127.0.0.1), port 5432 failed: Connection refused (0x0000274D/10061)
	Is the server running on that host and accepting TCP/IP connections?

(Background on this error at: https://sqlalche.me/e/20/e3q8)
2026-08-13 22:40:43 | WARNING  | app.main:startup_event:64 - Application will continue but database features may be limited
2026-08-13 22:40:44 | INFO     | app.nlp.embedding:_load_model:39 - Loading embedding model: all-MiniLM-L6-v2
2026-08-13 22:40:44 | ERROR    | app.main:startup_event:63 - Failed to create database tables: (psycopg2.OperationalError) connection to server at "localhost" (::1), port 5432 failed: Connection refused (0x0000274D/10061)
	Is the server running on that host and accepting TCP/IP connections?
connection to server at "localhost" (127.0.0.1), port 5432 failed: Connection refused (0x0000274D/10061)
	Is the server running on that host and accepting TCP/IP connections?

(Background on this error at: https://sqlalche.me/e/20/e3q8)
2026-08-13 22:40:44 | WARNING  | app.main:startup_event:64 - Application will continue but database features may be limited
2026-08-13 22:40:44 | ERROR    | app.main:startup_event:63 - Failed to create database tables: (psycopg2.OperationalError) connection to server at "localhost" (::1), port 5432 failed: Connection refused (0x0000274D/10061)
	Is the server running on that host and accepting TCP/IP connections?
connection to server at "localhost" (127.0.0.1), port 5432 failed: Connection refused (0x0000274D/10061)
	Is the server running on that host and accepting TCP/IP connections?

(Background on this error at: https://sqlalche.me/e/20/e3q8)
2026-08-13 22:40:44 | WARNING  | app.main:startup_event:64 - Application will continue but database features may be limited
2026-08-13 22:40:44 | ERROR    | app.main:startup_event:63 - Failed to create database tables: (psycopg2.OperationalError) connection to server at "localhost" (::1), port 5432 failed: Connection refused (0x0000274D/10061)
	Is the server running on that host and accepting TCP/IP connections?
connection to server at "localhost" (127.0.0.1), port 5432 failed: Connection refused (0x0000274D/10061)
	Is the server running on that host and accepting TCP/IP connections?

(Background on this error at: https://sqlalche.me/e/20/e3q8)
2026-08-13 22:40:44 | WARNING  | app.main:startup_event:64 - Application will continue but database features may be limited
2026-08-13 22:40:45 | INFO     | app.nlp.embedding:_load_model:39 - Loading embedding model: all-MiniLM-L6-v2
2026-08-13 22:40:45 | INFO     | app.nlp.embedding:_load_model:39 - Loading embedding model: all-MiniLM-L6-v2
2026-08-13 22:40:45 | INFO     | app.nlp.embedding:_load_model:39 - Loading embedding model: all-MiniLM-L6-v2
2026-08-13 22:40:45 | INFO     | app.nlp.embedding:_load_model:39 - Loading embedding model: all-MiniLM-L6-v2
2026-08-13 22:40:46 | INFO     | app.nlp.embedding:_load_model:39 - Loading embedding model: all-MiniLM-L6-v2
2026-08-13 22:40:46 | INFO     | app.nlp.embedding:_load_model:39 - Loading embedding model: all-MiniLM-L6-v2
2026-08-13 22:40:47 | ERROR    | app.nlp.embedding:_load_model:44 - Failed to load embedding model: [WinError 5] Access is denied: 'C:\\Users\\akash\\.cache\\huggingface\\hub\\models--sentence-transformers--all-MiniLM-L6-v2\\refs\\main.78bac5b1.tmp' -> 'C:\\Users\\akash\\.cache\\huggingface\\hub\\models--sentence-transformers--all-MiniLM-L6-v2\\refs\\main'
2026-08-13 22:40:47 | WARNING  | app.main:startup_event:75 - Vector database initialization failed: [WinError 5] Access is denied: 'C:\\Users\\akash\\.cache\\huggingface\\hub\\models--sentence-transformers--all-MiniLM-L6-v2\\refs\\main.78bac5b1.tmp' -> 'C:\\Users\\akash\\.cache\\huggingface\\hub\\models--sentence-transformers--all-MiniLM-L6-v2\\refs\\main'
2026-08-13 22:40:52 | ERROR    | app.utils.cache:_connect:27 - Failed to connect to Redis: Error 10061 connecting to localhost:6379. No connection could be made because the target machine actively refused it.
2026-08-13 22:40:52 | WARNING  | app.main:startup_event:83 - Redis cache not available
2026-08-13 22:40:52 | INFO     | app.main:startup_event:87 - AI Quiz Generator Backend started successfully
2026-08-13 22:40:52 | INFO     | app.main:shutdown_event:93 - Shutting down AI Quiz Generator Backend...
2026-08-13 22:40:52 | INFO     | app.main:shutdown_event:100 - Vector database indexes saved
2026-08-13 22:40:52 | INFO     | app.main:shutdown_event:104 - AI Quiz Generator Backend shut down successfully
2026-08-13 22:41:20 | INFO     | app.nlp.embedding:_load_model:42 - Model loaded successfully. Dimension: 384
2026-08-13 22:41:20 | INFO     | app.utils.vector_db:_initialize_index:39 - Initialized FAISS index with type: flat
2026-08-13 22:41:20 | INFO     | app.main:startup_event:73 - Vector database initialized
2026-08-13 22:41:24 | ERROR    | app.utils.cache:_connect:27 - Failed to connect to Redis: Error 10061 connecting to localhost:6379. No connection could be made because the target machine actively refused it.
2026-08-13 22:41:24 | WARNING  | app.main:startup_event:83 - Redis cache not available
2026-08-13 22:41:24 | INFO     | app.main:startup_event:87 - AI Quiz Generator Backend started successfully
2026-08-13 22:41:24 | INFO     | app.main:shutdown_event:93 - Shutting down AI Quiz Generator Backend...
2026-08-13 22:41:24 | INFO     | app.main:shutdown_event:100 - Vector database indexes saved
2026-08-13 22:41:24 | INFO     | app.main:shutdown_event:104 - AI Quiz Generator Backend shut down successfully
2026-08-13 22:41:33 | INFO     | app.nlp.embedding:_load_model:42 - Model loaded successfully. Dimension: 384
2026-08-13 22:41:33 | INFO     | app.utils.vector_db:_initialize_index:39 - Initialized FAISS index with type: flat
2026-08-13 22:41:33 | INFO     | app.main:startup_event:73 - Vector database initialized
2026-08-13 22:41:33 | INFO     | app.nlp.embedding:_load_model:42 - Model loaded successfully. Dimension: 384
2026-08-13 22:41:33 | INFO     | app.utils.vector_db:_initialize_index:39 - Initialized FAISS index with type: flat
2026-08-13 22:41:33 | INFO     | app.main:startup_event:73 - Vector database initialized
2026-08-13 22:41:33 | INFO     | app.nlp.embedding:_load_model:42 - Model loaded successfully. Dimension: 384
2026-08-13 22:41:33 | INFO     | app.utils.vector_db:_initialize_index:39 - Initialized FAISS index with type: flat
2026-08-13 22:41:33 | INFO     | app.main:startup_event:73 - Vector database initialized
2026-08-13 22:41:33 | INFO     | app.nlp.embedding:_load_model:42 - Model loaded successfully. Dimension: 384
2026-08-13 22:41:33 | INFO     | app.utils.vector_db:_initialize_index:39 - Initialized FAISS index with type: flat
2026-08-13 22:41:33 | INFO     | app.main:startup_event:73 - Vector database initialized
2026-08-13 22:41:33 | INFO     | app.nlp.embedding:_load_model:42 - Model loaded successfully. Dimension: 384
2026-08-13 22:41:33 | INFO     | app.utils.vector_db:_initialize_index:39 - Initialized FAISS index with type: flat
2026-08-13 22:41:33 | INFO     | app.main:startup_event:73 - Vector database initialized
2026-08-13 22:41:33 | INFO     | app.nlp.embedding:_load_model:42 - Model loaded successfully. Dimension: 384
2026-08-13 22:41:33 | INFO     | app.utils.vector_db:_initialize_index:39 - Initialized FAISS index with type: flat
2026-08-13 22:41:33 | INFO     | app.main:startup_event:73 - Vector database initialized
2026-08-13 22:41:33 | INFO     | app.nlp.embedding:_load_model:42 - Model loaded successfully. Dimension: 384
2026-08-13 22:41:33 | INFO     | app.utils.vector_db:_initialize_index:39 - Initialized FAISS index with type: flat
2026-08-13 22:41:33 | INFO     | app.main:startup_event:73 - Vector database initialized
2026-08-13 22:41:37 | ERROR    | app.utils.cache:_connect:27 - Failed to connect to Redis: Error 10061 connecting to localhost:6379. No connection could be made because the target machine actively refused it.
2026-08-13 22:41:37 | WARNING  | app.main:startup_event:83 - Redis cache not available
2026-08-13 22:41:37 | INFO     | app.main:startup_event:87 - AI Quiz Generator Backend started successfully
2026-08-13 22:41:37 | INFO     | app.main:shutdown_event:93 - Shutting down AI Quiz Generator Backend...
2026-08-13 22:41:37 | INFO     | app.main:shutdown_event:100 - Vector database indexes saved
2026-08-13 22:41:37 | INFO     | app.main:shutdown_event:104 - AI Quiz Generator Backend shut down successfully
 to localhost:6379. No connection could be made because the target machine actively refused it.
2026-08-13 22:41:37 | ERROR    | app.utils.cache:_connect:27 - Failed to connect to Redis: Error 10061 connecting to localhost:6379. No connection could be made because the target machine actively refused it.
2026-08-13 22:41:37 | WARNING  | app.main:startup_event:83 - Redis cache not available
2026-08-13 22:41:37 | WARNING  | app.main:startup_event:83 - Redis cache not available
2026-08-13 22:41:37 | INFO     | app.main:startup_event:87 - AI Quiz Generator Backend started successfully
2026-08-13 22:41:37 | INFO     | app.main:startup_event:87 - AI Quiz Generator Backend started successfully
2026-08-13 22:41:37 | INFO     | app.main:shutdown_event:93 - Shutting down AI Quiz Generator Backend...
2026-08-13 22:41:37 | INFO     | app.main:shutdown_event:100 - Vector database indexes saved
2026-08-13 22:41:37 | INFO     | app.main:shutdown_event:93 - Shutting down AI Quiz Generator Backend...
2026-08-13 22:41:37 | INFO     | app.main:shutdown_event:104 - AI Quiz Generator Backend shut down successfully
2026-08-13 22:41:37 | INFO     | app.main:shutdown_event:100 - Vector database indexes saved
2026-08-13 22:41:37 | ERROR    | app.utils.cache:_connect:27 - Failed to connect to Redis: Error 10061 connecting to localhost:6379. No connection could be made because the target machine actively refused it.
10061 connecting to localhost:6379. No connection could be made because the target machine actively refused it.
2026-08-13 22:41:37 | ERROR    | app.utils.cache:_connect:27 - Failed to connect to Redis: Error 10061 connecting to localhost:6379. No connection could be made because the target machine actively refused it.
2026-08-13 22:41:37 | WARNING  | app.main:startup_event:83 - Redis cache not available
2026-08-13 22:41:37 | INFO     | app.main:startup_event:87 - AI Quiz Generator Backend started successfully
2026-08-13 22:41:37 | WARNING  | app.main:startup_event:83 - Redis cache not available
2026-08-13 22:41:37 | INFO     | app.main:startup_event:87 - AI Quiz Generator Backend started successfully
2026-08-13 22:41:37 | INFO     | app.main:shutdown_event:93 - Shutting down AI Quiz Generator Backend...
2026-08-13 22:41:37 | WARNING  | app.main:startup_event:83 - Redis cache not available
2026-08-13 22:41:37 | INFO     | app.main:startup_event:87 - AI Quiz Generator Backend started successfully
2026-08-13 22:41:37 | INFO     | app.main:shutdown_event:100 - Vector database indexes saved
2026-08-13 22:41:37 | INFO     | app.main:shutdown_event:104 - AI Quiz Generator Backend shut down successfully
2026-08-13 22:41:37 | INFO     | app.main:shutdown_event:93 - Shutting down AI Quiz Generator Backend...
2026-08-13 22:41:38 | INFO     | app.main:shutdown_event:100 - Vector database indexes saved
2026-08-13 22:41:38 | INFO     | app.main:shutdown_event:104 - AI Quiz Generator Backend shut down successfully
2026-08-13 22:41:38 | INFO     | app.main:shutdown_event:93 - Shutting down AI Quiz Generator Backend...
2026-08-13 22:41:38 | INFO     | app.main:shutdown_event:100 - Vector database indexes saved
2026-08-13 22:41:38 | INFO     | app.main:shutdown_event:104 - AI Quiz Generator Backend shut down successfully
2026-08-13 22:41:38 | ERROR    | app.utils.cache:_connect:27 - Failed to connect to Redis: Error 10061 connecting to localhost:6379. No connection could be made because the target machine actively refused it.
2026-08-13 22:41:38 | WARNING  | app.main:startup_event:83 - Redis cache not available
2026-08-13 22:41:38 | INFO     | app.main:startup_event:87 - AI Quiz Generator Backend started successfully
2026-08-13 22:41:38 | INFO     | app.main:shutdown_event:93 - Shutting down AI Quiz Generator Backend...
2026-08-13 22:41:38 | INFO     | app.main:shutdown_event:100 - Vector database indexes saved
2026-08-13 22:41:38 | INFO     | app.main:shutdown_event:104 - AI Quiz Generator Backend shut down successfully
2026-08-13 22:41:53 | INFO     | app.main:startup_event:55 - Starting AI Quiz Generator Backend...
2026-08-13 22:41:57 | ERROR    | app.main:startup_event:63 - Failed to create database tables: (psycopg2.OperationalError) connection to server at "localhost" (::1), port 5432 failed: Connection refused (0x0000274D/10061)
	Is the server running on that host and accepting TCP/IP connections?
connection to server at "localhost" (127.0.0.1), port 5432 failed: Connection refused (0x0000274D/10061)
	Is the server running on that host and accepting TCP/IP connections?

(Background on this error at: https://sqlalche.me/e/20/e3q8)
2026-08-13 22:41:57 | WARNING  | app.main:startup_event:64 - Application will continue but database features may be limited
2026-08-13 22:41:57 | INFO     | app.nlp.embedding:_load_model:39 - Loading embedding model: all-MiniLM-L6-v2
2026-08-13 22:42:04 | INFO     | app.nlp.embedding:_load_model:42 - Model loaded successfully. Dimension: 384
2026-08-13 22:42:04 | INFO     | app.utils.vector_db:_initialize_index:39 - Initialized FAISS index with type: flat
2026-08-13 22:42:04 | INFO     | app.main:startup_event:73 - Vector database initialized
2026-08-13 22:42:08 | ERROR    | app.utils.cache:_connect:27 - Failed to connect to Redis: Error 10061 connecting to localhost:6379. No connection could be made because the target machine actively refused it.
2026-08-13 22:42:08 | WARNING  | app.main:startup_event:83 - Redis cache not available
2026-08-13 22:42:08 | INFO     | app.main:startup_event:87 - AI Quiz Generator Backend started successfully
2026-08-13 22:42:23 | INFO     | app.main:startup_event:55 - Starting AI Quiz Generator Backend...
2026-08-13 22:42:27 | ERROR    | app.main:startup_event:63 - Failed to create database tables: (psycopg2.OperationalError) connection to server at "localhost" (::1), port 5432 failed: Connection refused (0x0000274D/10061)
	Is the server running on that host and accepting TCP/IP connections?
connection to server at "localhost" (127.0.0.1), port 5432 failed: Connection refused (0x0000274D/10061)
	Is the server running on that host and accepting TCP/IP connections?

(Background on this error at: https://sqlalche.me/e/20/e3q8)
2026-08-13 22:42:27 | WARNING  | app.main:startup_event:64 - Application will continue but database features may be limited
2026-08-13 22:42:27 | INFO     | app.nlp.embedding:_load_model:39 - Loading embedding model: all-MiniLM-L6-v2
2026-08-13 22:42:36 | INFO     | app.nlp.embedding:_load_model:42 - Model loaded successfully. Dimension: 384
2026-08-13 22:42:36 | INFO     | app.utils.vector_db:_initialize_index:39 - Initialized FAISS index with type: flat
2026-08-13 22:42:36 | INFO     | app.main:startup_event:73 - Vector database initialized
2026-08-13 22:42:41 | ERROR    | app.utils.cache:_connect:27 - Failed to connect to Redis: Error 10061 connecting to localhost:6379. No connection could be made because the target machine actively refused it.
2026-08-13 22:42:41 | WARNING  | app.main:startup_event:83 - Redis cache not available
2026-08-13 22:42:41 | INFO     | app.main:startup_event:87 - AI Quiz Generator Backend started successfully
2026-08-13 22:42:58 | INFO     | app.main:startup_event:55 - Starting AI Quiz Generator Backend...
2026-08-13 22:42:58 | INFO     | app.main:startup_event:55 - Starting AI Quiz Generator Backend...
2026-08-13 22:42:58 | INFO     | app.main:startup_event:55 - Starting AI Quiz Generator Backend...
2026-08-13 22:42:59 | INFO     | app.main:startup_event:55 - Starting AI Quiz Generator Backend...
2026-08-13 22:42:59 | INFO     | app.main:startup_event:55 - Starting AI Quiz Generator Backend...
2026-08-13 22:42:59 | INFO     | app.main:startup_event:55 - Starting AI Quiz Generator Backend...
2026-08-13 22:42:59 | INFO     | app.main:startup_event:55 - Starting AI Quiz Generator Backend...
2026-08-13 22:43:02 | ERROR    | app.main:startup_event:63 - Failed to create database tables: (psycopg2.OperationalError) connection to server at "localhost" (::1), port 5432 failed: Connection refused (0x0000274D/10061)
	Is the server running on that host and accepting TCP/IP connections?
connection to server at "localhost" (127.0.0.1), port 5432 failed: Connection refused (0x0000274D/10061)
	Is the server running on that host and accepting TCP/IP connections?

(Background on this error at: https://sqlalche.me/e/20/e3q8)
2026-08-13 22:43:02 | WARNING  | app.main:startup_event:64 - Application will continue but database features may be limited
2026-08-13 22:43:02 | INFO     | app.nlp.embedding:_load_model:39 - Loading embedding model: all-MiniLM-L6-v2
2026-08-13 22:43:02 | ERROR    | app.main:startup_event:63 - Failed to create database tables: (psycopg2.OperationalError) connection to server at "localhost" (::1), port 5432 failed: Connection refused (0x0000274D/10061)
	Is the server running on that host and accepting TCP/IP connections?
connection to server at "localhost" (127.0.0.1), port 5432 failed: Connection refused (0x0000274D/10061)
	Is the server running on that host and accepting TCP/IP connections?

(Background on this error at: https://sqlalche.me/e/20/e3q8)
2026-08-13 22:43:02 | WARNING  | app.main:startup_event:64 - Application will continue but database features may be limited
2026-08-13 22:43:03 | INFO     | app.nlp.embedding:_load_model:39 - Loading embedding model: all-MiniLM-L6-v2
2026-08-13 22:43:03 | ERROR    | app.main:startup_event:63 - Failed to create database tables: (psycopg2.OperationalError) connection to server at "localhost" (::1), port 5432 failed: Connection refused (0x0000274D/10061)
	Is the server running on that host and accepting TCP/IP connections?
connection to server at "localhost" (127.0.0.1), port 5432 failed: Connection refused (0x0000274D/10061)
	Is the server running on that host and accepting TCP/IP connections?

(Background on this error at: https://sqlalche.me/e/20/e3q8)
2026-08-13 22:43:03 | WARNING  | app.main:startup_event:64 - Application will continue but database features may be limited
2026-08-13 22:43:03 | ERROR    | app.main:startup_event:63 - Failed to create database tables: (psycopg2.OperationalError) connection to server at "localhost" (::1), port 5432 failed: Connection refused (0x0000274D/10061)
	Is the server running on that host and accepting TCP/IP connections?
connection to server at "localhost" (127.0.0.1), port 5432 failed: Connection refused (0x0000274D/10061)
	Is the server running on that host and accepting TCP/IP connections?

(Background on this error at: https://sqlalche.me/e/20/e3q8)
2026-08-13 22:43:03 | WARNING  | app.main:startup_event:64 - Application will continue but database features may be limited
2026-08-13 22:43:03 | ERROR    | app.main:startup_event:63 - Failed to create database tables: (psycopg2.OperationalError) connection to server at "localhost" (::1), port 5432 failed: Connection refused (0x0000274D/10061)
	Is the server running on that host and accepting TCP/IP connections?
connection to server at "localhost" (127.0.0.1), port 5432 failed: Connection refused (0x0000274D/10061)
	Is the server running on that host and accepting TCP/IP connections?

(Background on this error at: https://sqlalche.me/e/20/e3q8)
2026-08-13 22:43:03 | WARNING  | app.main:startup_event:64 - Application will continue but database features may be limited
2026-08-13 22:43:03 | INFO     | app.nlp.embedding:_load_model:39 - Loading embedding model: all-MiniLM-L6-v2
2026-08-13 22:43:03 | ERROR    | app.main:startup_event:63 - Failed to create database tables: (psycopg2.OperationalError) connection to server at "localhost" (::1), port 5432 failed: Connection refused (0x0000274D/10061)
	Is the server running on that host and accepting TCP/IP connections?
connection to server at "localhost" (127.0.0.1), port 5432 failed: Connection refused (0x0000274D/10061)
	Is the server running on that host and accepting TCP/IP connections?

(Background on this error at: https://sqlalche.me/e/20/e3q8)
2026-08-13 22:43:03 | ERROR    | app.main:startup_event:63 - Failed to create database tables: (psycopg2.OperationalError) connection to server at "localhost" (::1), port 5432 failed: Connection refused (0x0000274D/10061)
	Is the server running on that host and accepting TCP/IP connections?
connection to server at "localhost" (127.0.0.1), port 5432 failed: Connection refused (0x0000274D/10061)
	Is the server running on that host and accepting TCP/IP connections?

(Background on this error at: https://sqlalche.me/e/20/e3q8)
2026-08-13 22:43:03 | WARNING  | app.main:startup_event:64 - Application will continue but database features may be limited
2026-08-13 22:43:03 | WARNING  | app.main:startup_event:64 - Application will continue but database features may be limited
2026-08-13 22:43:04 | INFO     | app.nlp.embedding:_load_model:39 - Loading embedding model: all-MiniLM-L6-v2
2026-08-13 22:43:04 | INFO     | app.nlp.embedding:_load_model:39 - Loading embedding model: all-MiniLM-L6-v2
2026-08-13 22:43:04 | INFO     | app.nlp.embedding:_load_model:39 - Loading embedding model: all-MiniLM-L6-v2
2026-08-13 22:43:04 | INFO     | app.nlp.embedding:_load_model:39 - Loading embedding model: all-MiniLM-L6-v2
2026-08-13 22:43:10 | INFO     | app.nlp.embedding:_load_model:42 - Model loaded successfully. Dimension: 384
2026-08-13 22:43:10 | INFO     | app.utils.vector_db:_initialize_index:39 - Initialized FAISS index with type: flat
2026-08-13 22:43:10 | INFO     | app.main:startup_event:73 - Vector database initialized
2026-08-13 22:43:11 | INFO     | app.nlp.embedding:_load_model:42 - Model loaded successfully. Dimension: 384
2026-08-13 22:43:11 | INFO     | app.utils.vector_db:_initialize_index:39 - Initialized FAISS index with type: flat
2026-08-13 22:43:11 | INFO     | app.main:startup_event:73 - Vector database initialized
2026-08-13 22:43:11 | INFO     | app.nlp.embedding:_load_model:42 - Model loaded successfully. Dimension: 384
2026-08-13 22:43:11 | INFO     | app.utils.vector_db:_initialize_index:39 - Initialized FAISS index with type: flat
2026-08-13 22:43:11 | INFO     | app.main:startup_event:73 - Vector database initialized
2026-08-13 22:43:12 | INFO     | app.nlp.embedding:_load_model:42 - Model loaded successfully. Dimension: 384
2026-08-13 22:43:12 | INFO     | app.utils.vector_db:_initialize_index:39 - Initialized FAISS index with type: flat
2026-08-13 22:43:12 | INFO     | app.main:startup_event:73 - Vector database initialized
2026-08-13 22:43:12 | INFO     | app.nlp.embedding:_load_model:42 - Model loaded successfully. Dimension: 384
2026-08-13 22:43:12 | INFO     | app.utils.vector_db:_initialize_index:39 - Initialized FAISS index with type: flat
2026-08-13 22:43:12 | INFO     | app.main:startup_event:73 - Vector database initialized
2026-08-13 22:43:12 | INFO     | app.nlp.embedding:_load_model:42 - Model loaded successfully. Dimension: 384
2026-08-13 22:43:12 | INFO     | app.utils.vector_db:_initialize_index:39 - Initialized FAISS index with type: flat
2026-08-13 22:43:12 | INFO     | app.main:startup_event:73 - Vector database initialized
2026-08-13 22:43:12 | INFO     | app.nlp.embedding:_load_model:42 - Model loaded successfully. Dimension: 384
2026-08-13 22:43:12 | INFO     | app.utils.vector_db:_initialize_index:39 - Initialized FAISS index with type: flat
2026-08-13 22:43:12 | INFO     | app.main:startup_event:73 - Vector database initialized
2026-08-13 22:43:14 | ERROR    | app.utils.cache:_connect:27 - Failed to connect to Redis: Error 10061 connecting to localhost:6379. No connection could be made because the target machine actively refused it.
2026-08-13 22:43:14 | WARNING  | app.main:startup_event:83 - Redis cache not available
2026-08-13 22:43:14 | INFO     | app.main:startup_event:87 - AI Quiz Generator Backend started successfully
2026-08-13 22:43:14 | INFO     | app.main:shutdown_event:93 - Shutting down AI Quiz Generator Backend...
2026-08-13 22:43:14 | INFO     | app.main:shutdown_event:100 - Vector database indexes saved
2026-08-13 22:43:14 | INFO     | app.main:shutdown_event:104 - AI Quiz Generator Backend shut down successfully
2026-08-13 22:43:15 | ERROR    | app.utils.cache:_connect:27 - Failed to connect to Redis: Error 10061 connecting to localhost:6379. No connection could be made because the target machine actively refused it.
2026-08-13 22:43:15 | WARNING  | app.main:startup_event:83 - Redis cache not available
2026-08-13 22:43:15 | INFO     | app.main:startup_event:87 - AI Quiz Generator Backend started successfully
2026-08-13 22:43:15 | INFO     | app.main:shutdown_event:93 - Shutting down AI Quiz Generator Backend...
2026-08-13 22:43:15 | INFO     | app.main:shutdown_event:100 - Vector database indexes saved
2026-08-13 22:43:15 | INFO     | app.main:shutdown_event:104 - AI Quiz Generator Backend shut down successfully
2026-08-13 22:43:15 | ERROR    | app.utils.cache:_connect:27 - Failed to connect to Redis: Error 10061 connecting to localhost:6379. No connection could be made because the target machine actively refused it.
2026-08-13 22:43:15 | WARNING  | app.main:startup_event:83 - Redis cache not available
2026-08-13 22:43:15 | INFO     | app.main:startup_event:87 - AI Quiz Generator Backend started successfully
2026-08-13 22:43:15 | INFO     | app.main:shutdown_event:93 - Shutting down AI Quiz Generator Backend...
2026-08-13 22:43:15 | INFO     | app.main:shutdown_event:100 - Vector database indexes saved
2026-08-13 22:43:15 | INFO     | app.main:shutdown_event:104 - AI Quiz Generator Backend shut down successfully
2026-08-13 22:43:16 | ERROR    | app.utils.cache:_connect:27 - Failed to connect to Redis: Error 10061 connecting to localhost:6379. No connection could be made because the target machine actively refused it.
2026-08-13 22:43:16 | WARNING  | app.main:startup_event:83 - Redis cache not available
2026-08-13 22:43:16 | INFO     | app.main:startup_event:87 - AI Quiz Generator Backend started successfully
2026-08-13 22:43:16 | INFO     | app.main:shutdown_event:93 - Shutting down AI Quiz Generator Backend...
2026-08-13 22:43:16 | INFO     | app.main:shutdown_event:100 - Vector database indexes saved
2026-08-13 22:43:16 | INFO     | app.main:shutdown_event:104 - AI Quiz Generator Backend shut down successfully
2026-08-13 22:43:16 | ERROR    | app.utils.cache:_connect:27 - Failed to connect to Redis: Error 10061 connecting to localhost:6379. No connection could be made because the target machine actively refused it.
2026-08-13 22:43:16 | WARNING  | app.main:startup_event:83 - Redis cache not available
2026-08-13 22:43:16 | INFO     | app.main:startup_event:87 - AI Quiz Generator Backend started successfully
2026-08-13 22:43:16 | INFO     | app.main:shutdown_event:93 - Shutting down AI Quiz Generator Backend...
2026-08-13 22:43:16 | INFO     | app.main:shutdown_event:100 - Vector database indexes saved
2026-08-13 22:43:16 | INFO     | app.main:shutdown_event:104 - AI Quiz Generator Backend shut down successfully
2026-08-13 22:43:16 | ERROR    | app.utils.cache:_connect:27 - Failed to connect to Redis: Error 10061 connecting to localhost:6379. No connection could be made because the target machine actively refused it.
2026-08-13 22:43:16 | ERROR    | app.utils.cache:_connect:27 - Failed to connect to Redis: Error 10061 connecting to localhost:6379. No connection could be made because the target machine actively refused it.
2026-08-13 22:43:16 | WARNING  | app.main:startup_event:83 - Redis cache not available
2026-08-13 22:43:16 | INFO     | app.main:startup_event:87 - AI Quiz Generator Backend started successfully
2026-08-13 22:43:16 | WARNING  | app.main:startup_event:83 - Redis cache not available
2026-08-13 22:43:16 | INFO     | app.main:startup_event:87 - AI Quiz Generator Backend started successfully
2026-08-13 22:43:16 | INFO     | app.main:shutdown_event:93 - Shutting down AI Quiz Generator Backend...
2026-08-13 22:43:16 | INFO     | app.main:shutdown_event:93 - Shutting down AI Quiz Generator Backend...
2026-08-13 22:43:16 | INFO     | app.main:shutdown_event:100 - Vector database indexes saved
2026-08-13 22:43:16 | INFO     | app.main:shutdown_event:100 - Vector database indexes saved
2026-08-13 22:43:16 | INFO     | app.main:shutdown_event:104 - AI Quiz Generator Backend shut down successfully
2026-08-13 22:43:16 | INFO     | app.main:shutdown_event:104 - AI Quiz Generator Backend shut down successfully
2026-08-13 22:43:40 | INFO     | app.middleware.logging:dispatch:18 - Request: POST /api/v1/auth/register - Client: 127.0.0.1 - User-Agent: Mozilla/5.0 (Windows NT 10.0; Win64; x64) AppleWebKit/537.36 (KHTML, like Gecko) Chrome/151.0.0.0 Safari/537.36 Edg/151.0.0.0
2026-08-13 22:43:40 | INFO     | app.middleware.logging:dispatch:34 - Response: POST /api/v1/auth/register - Status: 422 - Time: 0.146s
2026-08-13 22:43:40 | INFO     | app.main:shutdown_event:93 - Shutting down AI Quiz Generator Backend...
2026-08-13 22:43:40 | INFO     | app.main:shutdown_event:100 - Vector database indexes saved
2026-08-13 22:43:40 | INFO     | app.main:shutdown_event:104 - AI Quiz Generator Backend shut down successfully
2026-08-13 22:44:29 | INFO     | app.main:shutdown_event:93 - Shutting down AI Quiz Generator Backend...
2026-08-13 22:44:29 | INFO     | app.main:shutdown_event:100 - Vector database indexes saved
2026-08-13 22:44:29 | INFO     | app.main:shutdown_event:104 - AI Quiz Generator Backend shut down successfully
2026-08-13 22:44:50 | INFO     | app.main:startup_event:55 - Starting AI Quiz Generator Backend...
2026-08-13 22:44:50 | INFO     | app.main:startup_event:55 - Starting AI Quiz Generator Backend...
2026-08-13 22:44:51 | INFO     | app.main:startup_event:55 - Starting AI Quiz Generator Backend...
2026-08-13 22:44:51 | INFO     | app.main:startup_event:55 - Starting AI Quiz Generator Backend...
2026-08-13 22:44:51 | INFO     | app.main:startup_event:55 - Starting AI Quiz Generator Backend...
2026-08-13 22:44:51 | INFO     | app.main:startup_event:55 - Starting AI Quiz Generator Backend...
2026-08-13 22:44:51 | INFO     | app.main:startup_event:55 - Starting AI Quiz Generator Backend...
2026-08-13 22:44:52 | INFO     | app.main:startup_event:55 - Starting AI Quiz Generator Backend...
2026-08-13 22:44:54 | ERROR    | app.main:startup_event:63 - Failed to create database tables: (psycopg2.OperationalError) connection to server at "localhost" (::1), port 5432 failed: Connection refused (0x0000274D/10061)
	Is the server running on that host and accepting TCP/IP connections?
connection to server at "localhost" (127.0.0.1), port 5432 failed: Connection refused (0x0000274D/10061)
	Is the server running on that host and accepting TCP/IP connections?

(Background on this error at: https://sqlalche.me/e/20/e3q8)
2026-08-13 22:44:54 | WARNING  | app.main:startup_event:64 - Application will continue but database features may be limited
2026-08-13 22:44:55 | ERROR    | app.main:startup_event:63 - Failed to create database tables: (psycopg2.OperationalError) connection to server at "localhost" (::1), port 5432 failed: Connection refused (0x0000274D/10061)
	Is the server running on that host and accepting TCP/IP connections?
connection to server at "localhost" (127.0.0.1), port 5432 failed: Connection refused (0x0000274D/10061)
	Is the server running on that host and accepting TCP/IP connections?

(Background on this error at: https://sqlalche.me/e/20/e3q8)
2026-08-13 22:44:55 | WARNING  | app.main:startup_event:64 - Application will continue but database features may be limited
2026-08-13 22:44:55 | INFO     | app.nlp.embedding:_load_model:39 - Loading embedding model: all-MiniLM-L6-v2
2026-08-13 22:44:55 | INFO     | app.nlp.embedding:_load_model:39 - Loading embedding model: all-MiniLM-L6-v2
2026-08-13 22:44:55 | ERROR    | app.main:startup_event:63 - Failed to create database tables: (psycopg2.OperationalError) connection to server at "localhost" (::1), port 5432 failed: Connection refused (0x0000274D/10061)
	Is the server running on that host and accepting TCP/IP connections?
connection to server at "localhost" (127.0.0.1), port 5432 failed: Connection refused (0x0000274D/10061)
	Is the server running on that host and accepting TCP/IP connections?

(Background on this error at: https://sqlalche.me/e/20/e3q8)
2026-08-13 22:44:55 | WARNING  | app.main:startup_event:64 - Application will continue but database features may be limited
2026-08-13 22:44:55 | INFO     | app.nlp.embedding:_load_model:39 - Loading embedding model: all-MiniLM-L6-v2
2026-08-13 22:44:55 | ERROR    | app.main:startup_event:63 - Failed to create database tables: (psycopg2.OperationalError) connection to server at "localhost" (::1), port 5432 failed: Connection refused (0x0000274D/10061)
	Is the server running on that host and accepting TCP/IP connections?
connection to server at "localhost" (127.0.0.1), port 5432 failed: Connection refused (0x0000274D/10061)
	Is the server running on that host and accepting TCP/IP connections?

(Background on this error at: https://sqlalche.me/e/20/e3q8)
2026-08-13 22:44:55 | WARNING  | app.main:startup_event:64 - Application will continue but database features may be limited
2026-08-13 22:44:55 | ERROR    | app.main:startup_event:63 - Failed to create database tables: (psycopg2.OperationalError) connection to server at "localhost" (::1), port 5432 failed: Connection refused (0x0000274D/10061)
	Is the server running on that host and accepting TCP/IP connections?
connection to server at "localhost" (127.0.0.1), port 5432 failed: Connection refused (0x0000274D/10061)
	Is the server running on that host and accepting TCP/IP connections?

(Background on this error at: https://sqlalche.me/e/20/e3q8)
2026-08-13 22:44:55 | WARNING  | app.main:startup_event:64 - Application will continue but database features may be limited
2026-08-13 22:44:55 | ERROR    | app.main:startup_event:63 - Failed to create database tables: (psycopg2.OperationalError) connection to server at "localhost" (::1), port 5432 failed: Connection refused (0x0000274D/10061)
	Is the server running on that host and accepting TCP/IP connections?
connection to server at "localhost" (127.0.0.1), port 5432 failed: Connection refused (0x0000274D/10061)
	Is the server running on that host and accepting TCP/IP connections?

(Background on this error at: https://sqlalche.me/e/20/e3q8)
2026-08-13 22:44:55 | WARNING  | app.main:startup_event:64 - Application will continue but database features may be limited
2026-08-13 22:44:56 | ERROR    | app.main:startup_event:63 - Failed to create database tables: (psycopg2.OperationalError) connection to server at "localhost" (::1), port 5432 failed: Connection refused (0x0000274D/10061)
	Is the server running on that host and accepting TCP/IP connections?
connection to server at "localhost" (127.0.0.1), port 5432 failed: Connection refused (0x0000274D/10061)
	Is the server running on that host and accepting TCP/IP connections?

(Background on this error at: https://sqlalche.me/e/20/e3q8)
2026-08-13 22:44:56 | WARNING  | app.main:startup_event:64 - Application will continue but database features may be limited
2026-08-13 22:44:56 | INFO     | app.nlp.embedding:_load_model:39 - Loading embedding model: all-MiniLM-L6-v2
2026-08-13 22:44:56 | INFO     | app.nlp.embedding:_load_model:39 - Loading embedding model: all-MiniLM-L6-v2
2026-08-13 22:44:56 | INFO     | app.nlp.embedding:_load_model:39 - Loading embedding model: all-MiniLM-L6-v2
2026-08-13 22:44:56 | ERROR    | app.main:startup_event:63 - Failed to create database tables: (psycopg2.OperationalError) connection to server at "localhost" (::1), port 5432 failed: Connection refused (0x0000274D/10061)
	Is the server running on that host and accepting TCP/IP connections?
connection to server at "localhost" (127.0.0.1), port 5432 failed: Connection refused (0x0000274D/10061)
	Is the server running on that host and accepting TCP/IP connections?

(Background on this error at: https://sqlalche.me/e/20/e3q8)
2026-08-13 22:44:56 | WARNING  | app.main:startup_event:64 - Application will continue but database features may be limited
2026-08-13 22:44:57 | INFO     | app.nlp.embedding:_load_model:39 - Loading embedding model: all-MiniLM-L6-v2
2026-08-13 22:44:57 | INFO     | app.nlp.embedding:_load_model:39 - Loading embedding model: all-MiniLM-L6-v2
2026-08-13 22:45:03 | INFO     | app.nlp.embedding:_load_model:42 - Model loaded successfully. Dimension: 384
2026-08-13 22:45:03 | INFO     | app.utils.vector_db:_initialize_index:39 - Initialized FAISS index with type: flat
2026-08-13 22:45:03 | INFO     | app.main:startup_event:73 - Vector database initialized
2026-08-13 22:45:03 | INFO     | app.nlp.embedding:_load_model:42 - Model loaded successfully. Dimension: 384
2026-08-13 22:45:03 | INFO     | app.utils.vector_db:_initialize_index:39 - Initialized FAISS index with type: flat
2026-08-13 22:45:03 | INFO     | app.main:startup_event:73 - Vector database initialized
2026-08-13 22:45:04 | INFO     | app.nlp.embedding:_load_model:42 - Model loaded successfully. Dimension: 384
2026-08-13 22:45:04 | INFO     | app.utils.vector_db:_initialize_index:39 - Initialized FAISS index with type: flat
2026-08-13 22:45:04 | INFO     | app.main:startup_event:73 - Vector database initialized
2026-08-13 22:45:04 | INFO     | app.nlp.embedding:_load_model:42 - Model loaded successfully. Dimension: 384
2026-08-13 22:45:04 | INFO     | app.utils.vector_db:_initialize_index:39 - Initialized FAISS index with type: flat
2026-08-13 22:45:04 | INFO     | app.main:startup_event:73 - Vector database initialized
2026-08-13 22:45:04 | INFO     | app.nlp.embedding:_load_model:42 - Model loaded successfully. Dimension: 384
2026-08-13 22:45:04 | INFO     | app.utils.vector_db:_initialize_index:39 - Initialized FAISS index with type: flat
2026-08-13 22:45:04 | INFO     | app.main:startup_event:73 - Vector database initialized
2026-08-13 22:45:04 | INFO     | app.nlp.embedding:_load_model:42 - Model loaded successfully. Dimension: 384
2026-08-13 22:45:04 | INFO     | app.utils.vector_db:_initialize_index:39 - Initialized FAISS index with type: flat
2026-08-13 22:45:04 | INFO     | app.main:startup_event:73 - Vector database initialized
2026-08-13 22:45:05 | INFO     | app.nlp.embedding:_load_model:42 - Model loaded successfully. Dimension: 384
2026-08-13 22:45:05 | INFO     | app.utils.vector_db:_initialize_index:39 - Initialized FAISS index with type: flat
2026-08-13 22:45:05 | INFO     | app.main:startup_event:73 - Vector database initialized
2026-08-13 22:45:05 | INFO     | app.nlp.embedding:_load_model:42 - Model loaded successfully. Dimension: 384
2026-08-13 22:45:05 | INFO     | app.utils.vector_db:_initialize_index:39 - Initialized FAISS index with type: flat
2026-08-13 22:45:05 | INFO     | app.main:startup_event:73 - Vector database initialized
2026-08-13 22:45:07 | ERROR    | app.utils.cache:_connect:27 - Failed to connect to Redis: Error 10061 connecting to localhost:6379. No connection could be made because the target machine actively refused it.
2026-08-13 22:45:07 | WARNING  | app.main:startup_event:83 - Redis cache not available
2026-08-13 22:45:07 | INFO     | app.main:startup_event:87 - AI Quiz Generator Backend started successfully
2026-08-13 22:45:07 | INFO     | app.main:shutdown_event:93 - Shutting down AI Quiz Generator Backend...
2026-08-13 22:45:07 | INFO     | app.main:shutdown_event:100 - Vector database indexes saved
2026-08-13 22:45:07 | INFO     | app.main:shutdown_event:104 - AI Quiz Generator Backend shut down successfully
2026-08-13 22:45:07 | ERROR    | app.utils.cache:_connect:27 - Failed to connect to Redis: Error 10061 connecting to localhost:6379. No connection could be made because the target machine actively refused it.
2026-08-13 22:45:07 | WARNING  | app.main:startup_event:83 - Redis cache not available
2026-08-13 22:45:07 | INFO     | app.main:startup_event:87 - AI Quiz Generator Backend started successfully
2026-08-13 22:45:07 | INFO     | app.main:shutdown_event:93 - Shutting down AI Quiz Generator Backend...
2026-08-13 22:45:07 | INFO     | app.main:shutdown_event:100 - Vector database indexes saved
2026-08-13 22:45:07 | INFO     | app.main:shutdown_event:104 - AI Quiz Generator Backend shut down successfully
2026-08-13 22:45:08 | ERROR    | app.utils.cache:_connect:27 - Failed to connect to Redis: Error 10061 connecting to localhost:6379. No connection could be made because the target machine actively refused it.
2026-08-13 22:45:08 | WARNING  | app.main:startup_event:83 - Redis cache not available
2026-08-13 22:45:08 | INFO     | app.main:startup_event:87 - AI Quiz Generator Backend started successfully
2026-08-13 22:45:08 | INFO     | app.main:shutdown_event:93 - Shutting down AI Quiz Generator Backend...
2026-08-13 22:45:08 | INFO     | app.main:shutdown_event:100 - Vector database indexes saved
2026-08-13 22:45:08 | INFO     | app.main:shutdown_event:104 - AI Quiz Generator Backend shut down successfully
2026-08-13 22:45:08 | INFO     | app.main:shutdown_event:104 - AI Quiz Generator Backend shut down successfully
2026-08-13 22:45:09 | ERROR    | app.utils.cache:_connect:27 - Failed to connect to Redis: Error 10061 connecting to localhost:6379. No connection could be made because the target machine actively refused it.
2026-08-13 22:45:09 | WARNING  | app.main:startup_event:83 - Redis cache not available
2026-08-13 22:45:09 | INFO     | app.main:startup_event:87 - AI Quiz Generator Backend started successfully
2026-08-13 22:45:09 | INFO     | app.main:shutdown_event:93 - Shutting down AI Quiz Generator Backend...
2026-08-13 22:45:09 | INFO     | app.main:shutdown_event:100 - Vector database indexes saved
2026-08-13 22:45:09 | INFO     | app.main:shutdown_event:104 - AI Quiz Generator Backend shut down successfully
2026-08-13 22:45:09 | ERROR    | app.utils.cache:_connect:27 - Failed to connect to Redis: Error 10061 connecting to localhost:6379. No connection could be made because the target machine actively refused it.
2026-08-13 22:45:09 | WARNING  | app.main:startup_event:83 - Redis cache not available
2026-08-13 22:45:09 | INFO     | app.main:startup_event:87 - AI Quiz Generator Backend started successfully
2026-08-13 22:45:09 | INFO     | app.main:shutdown_event:93 - Shutting down AI Quiz Generator Backend...
2026-08-13 22:45:09 | INFO     | app.main:shutdown_event:100 - Vector database indexes saved
2026-08-13 22:45:09 | INFO     | app.main:shutdown_event:104 - AI Quiz Generator Backend shut down successfully
2026-08-13 22:45:09 | ERROR    | app.utils.cache:_connect:27 - Failed to connect to Redis: Error 10061 connecting to localhost:6379. No connection could be made because the target machine actively refused it.
2026-08-13 22:45:09 | WARNING  | app.main:startup_event:83 - Redis cache not available
2026-08-13 22:45:09 | INFO     | app.main:startup_event:87 - AI Quiz Generator Backend started successfully
2026-08-13 22:45:09 | INFO     | app.main:shutdown_event:93 - Shutting down AI Quiz Generator Backend...
2026-08-13 22:45:09 | INFO     | app.main:shutdown_event:100 - Vector database indexes saved
2026-08-13 22:45:09 | INFO     | app.main:shutdown_event:104 - AI Quiz Generator Backend shut down successfully
2026-08-13 22:45:09 | ERROR    | app.utils.cache:_connect:27 - Failed to connect to Redis: Error 10061 connecting to localhost:6379. No connection could be made because the target machine actively refused it.
2026-08-13 22:45:09 | WARNING  | app.main:startup_event:83 - Redis cache not available
2026-08-13 22:45:09 | INFO     | app.main:startup_event:87 - AI Quiz Generator Backend started successfully
2026-08-13 22:45:09 | INFO     | app.main:shutdown_event:93 - Shutting down AI Quiz Generator Backend...
2026-08-13 22:45:09 | INFO     | app.main:shutdown_event:100 - Vector database indexes saved
2026-08-13 22:45:09 | INFO     | app.main:shutdown_event:104 - AI Quiz Generator Backend shut down successfully
2026-08-13 22:45:46 | INFO     | app.main:startup_event:55 - Starting AI Quiz Generator Backend...
2026-08-13 22:45:51 | ERROR    | app.main:startup_event:63 - Failed to create database tables: (psycopg2.OperationalError) connection to server at "localhost" (::1), port 5432 failed: Connection refused (0x0000274D/10061)
	Is the server running on that host and accepting TCP/IP connections?
connection to server at "localhost" (127.0.0.1), port 5432 failed: Connection refused (0x0000274D/10061)
	Is the server running on that host and accepting TCP/IP connections?

(Background on this error at: https://sqlalche.me/e/20/e3q8)
2026-08-13 22:45:51 | WARNING  | app.main:startup_event:64 - Application will continue but database features may be limited
2026-08-13 22:45:51 | INFO     | app.nlp.embedding:_load_model:39 - Loading embedding model: all-MiniLM-L6-v2
2026-08-13 22:46:00 | INFO     | app.nlp.embedding:_load_model:42 - Model loaded successfully. Dimension: 384
2026-08-13 22:46:00 | INFO     | app.utils.vector_db:_initialize_index:39 - Initialized FAISS index with type: flat
2026-08-13 22:46:00 | INFO     | app.main:startup_event:73 - Vector database initialized
2026-08-13 22:46:04 | ERROR    | app.utils.cache:_connect:27 - Failed to connect to Redis: Error 10061 connecting to localhost:6379. No connection could be made because the target machine actively refused it.
2026-08-13 22:46:04 | WARNING  | app.main:startup_event:83 - Redis cache not available
2026-08-13 22:46:04 | INFO     | app.main:startup_event:87 - AI Quiz Generator Backend started successfully
2026-08-13 22:46:04 | INFO     | app.main:shutdown_event:93 - Shutting down AI Quiz Generator Backend...
2026-08-13 22:46:04 | INFO     | app.main:shutdown_event:100 - Vector database indexes saved
2026-08-13 22:46:04 | INFO     | app.main:shutdown_event:104 - AI Quiz Generator Backend shut down successfully
2026-08-13 22:46:38 | INFO     | app.main:startup_event:55 - Starting AI Quiz Generator Backend...
2026-08-13 22:46:39 | INFO     | app.main:startup_event:55 - Starting AI Quiz Generator Backend...
2026-08-13 22:46:39 | INFO     | app.main:startup_event:55 - Starting AI Quiz Generator Backend...
2026-08-13 22:46:39 | INFO     | app.main:startup_event:55 - Starting AI Quiz Generator Backend...
2026-08-13 22:46:39 | INFO     | app.main:startup_event:55 - Starting AI Quiz Generator Backend...
2026-08-13 22:46:40 | INFO     | app.main:startup_event:55 - Starting AI Quiz Generator Backend...
2026-08-13 22:46:41 | INFO     | app.main:startup_event:55 - Starting AI Quiz Generator Backend...
2026-08-13 22:46:43 | ERROR    | app.main:startup_event:63 - Failed to create database tables: (psycopg2.OperationalError) connection to server at "localhost" (::1), port 5432 failed: Connection refused (0x0000274D/10061)
	Is the server running on that host and accepting TCP/IP connections?
connection to server at "localhost" (127.0.0.1), port 5432 failed: Connection refused (0x0000274D/10061)
	Is the server running on that host and accepting TCP/IP connections?

(Background on this error at: https://sqlalche.me/e/20/e3q8)
2026-08-13 22:46:43 | WARNING  | app.main:startup_event:64 - Application will continue but database features may be limited
2026-08-13 22:46:43 | WARNING  | app.main:startup_event:64 - Application will continue but database features may be limited
2026-08-13 22:46:43 | INFO     | app.nlp.embedding:_load_model:39 - Loading embedding model: all-MiniLM-L6-v2
2026-08-13 22:46:43 | ERROR    | app.main:startup_event:63 - Failed to create database tables: (psycopg2.OperationalError) connection to server at "localhost" (::1), port 5432 failed: Connection refused (0x0000274D/10061)
	Is the server running on that host and accepting TCP/IP connections?
connection to server at "localhost" (127.0.0.1), port 5432 failed: Connection refused (0x0000274D/10061)
	Is the server running on that host and accepting TCP/IP connections?

(Background on this error at: https://sqlalche.me/e/20/e3q8)
2026-08-13 22:46:43 | WARNING  | app.main:startup_event:64 - Application will continue but database features may be limited
2026-08-13 22:46:43 | INFO     | app.nlp.embedding:_load_model:39 - Loading embedding model: all-MiniLM-L6-v2
2026-08-13 22:46:43 | INFO     | app.nlp.embedding:_load_model:39 - Loading embedding model: all-MiniLM-L6-v2
2026-08-13 22:46:43 | ERROR    | app.main:startup_event:63 - Failed to create database tables: (psycopg2.OperationalError) connection to server at "localhost" (::1), port 5432 failed: Connection refused (0x0000274D/10061)
	Is the server running on that host and accepting TCP/IP connections?
connection to server at "localhost" (127.0.0.1), port 5432 failed: Connection refused (0x0000274D/10061)
	Is the server running on that host and accepting TCP/IP connections?

(Background on this error at: https://sqlalche.me/e/20/e3q8)
2026-08-13 22:46:43 | WARNING  | app.main:startup_event:64 - Application will continue but database features may be limited
2026-08-13 22:46:43 | ERROR    | app.main:startup_event:63 - Failed to create database tables: (psycopg2.OperationalError) connection to server at "localhost" (::1), port 5432 failed: Connection refused (0x0000274D/10061)
	Is the server running on that host and accepting TCP/IP connections?
connection to server at "localhost" (127.0.0.1), port 5432 failed: Connection refused (0x0000274D/10061)
	Is the server running on that host and accepting TCP/IP connections?

(Background on this error at: https://sqlalche.me/e/20/e3q8)
2026-08-13 22:46:43 | WARNING  | app.main:startup_event:64 - Application will continue but database features may be limited
2026-08-13 22:46:43 | INFO     | app.nlp.embedding:_load_model:39 - Loading embedding model: all-MiniLM-L6-v2
2026-08-13 22:46:44 | ERROR    | app.main:startup_event:63 - Failed to create database tables: (psycopg2.OperationalError) connection to server at "localhost" (::1), port 5432 failed: Connection refused (0x0000274D/10061)
	Is the server running on that host and accepting TCP/IP connections?
connection to server at "localhost" (127.0.0.1), port 5432 failed: Connection refused (0x0000274D/10061)
	Is the server running on that host and accepting TCP/IP connections?

(Background on this error at: https://sqlalche.me/e/20/e3q8)
2026-08-13 22:46:44 | WARNING  | app.main:startup_event:64 - Application will continue but database features may be limited
2026-08-13 22:46:44 | ERROR    | app.main:startup_event:63 - Failed to create database tables: (psycopg2.OperationalError) connection to server at "localhost" (::1), port 5432 failed: Connection refused (0x0000274D/10061)
	Is the server running on that host and accepting TCP/IP connections?
connection to server at "localhost" (127.0.0.1), port 5432 failed: Connection refused (0x0000274D/10061)
	Is the server running on that host and accepting TCP/IP connections?

(Background on this error at: https://sqlalche.me/e/20/e3q8)
2026-08-13 22:46:44 | WARNING  | app.main:startup_event:64 - Application will continue but database features may be limited
2026-08-13 22:46:45 | INFO     | app.nlp.embedding:_load_model:39 - Loading embedding model: all-MiniLM-L6-v2
2026-08-13 22:46:45 | INFO     | app.nlp.embedding:_load_model:39 - Loading embedding model: all-MiniLM-L6-v2
2026-08-13 22:46:45 | INFO     | app.nlp.embedding:_load_model:39 - Loading embedding model: all-MiniLM-L6-v2
2026-08-13 22:46:45 | ERROR    | app.main:startup_event:63 - Failed to create database tables: (psycopg2.OperationalError) connection to server at "localhost" (::1), port 5432 failed: Connection refused (0x0000274D/10061)
	Is the server running on that host and accepting TCP/IP connections?
connection to server at "localhost" (127.0.0.1), port 5432 failed: Connection refused (0x0000274D/10061)
	Is the server running on that host and accepting TCP/IP connections?

(Background on this error at: https://sqlalche.me/e/20/e3q8)
2026-08-13 22:46:45 | WARNING  | app.main:startup_event:64 - Application will continue but database features may be limited
2026-08-13 22:46:45 | INFO     | app.nlp.embedding:_load_model:39 - Loading embedding model: all-MiniLM-L6-v2
2026-08-13 22:46:51 | INFO     | app.nlp.embedding:_load_model:42 - Model loaded successfully. Dimension: 384
2026-08-13 22:46:51 | INFO     | app.nlp.embedding:_load_model:42 - Model loaded successfully. Dimension: 384
2026-08-13 22:46:51 | INFO     | app.utils.vector_db:_initialize_index:39 - Initialized FAISS index with type: flat
2026-08-13 22:46:51 | INFO     | app.main:startup_event:73 - Vector database initialized
2026-08-13 22:46:51 | INFO     | app.main:startup_event:73 - Vector database initialized
2026-08-13 22:46:51 | INFO     | app.nlp.embedding:_load_model:42 - Model loaded successfully. Dimension: 384
2026-08-13 22:46:51 | INFO     | app.utils.vector_db:_initialize_index:39 - Initialized FAISS index with type: flat
2026-08-13 22:46:51 | INFO     | app.main:startup_event:73 - Vector database initialized
2026-08-13 22:46:51 | INFO     | app.nlp.embedding:_load_model:42 - Model loaded successfully. Dimension: 384
2026-08-13 22:46:52 | INFO     | app.utils.vector_db:_initialize_index:39 - Initialized FAISS index with type: flat
2026-08-13 22:46:52 | INFO     | app.main:startup_event:73 - Vector database initialized
2026-08-13 22:46:52 | INFO     | app.nlp.embedding:_load_model:42 - Model loaded successfully. Dimension: 384
2026-08-13 22:46:52 | INFO     | app.utils.vector_db:_initialize_index:39 - Initialized FAISS index with type: flat
2026-08-13 22:46:52 | INFO     | app.main:startup_event:73 - Vector database initialized
2026-08-13 22:46:52 | INFO     | app.nlp.embedding:_load_model:42 - Model loaded successfully. Dimension: 384
2026-08-13 22:46:52 | INFO     | app.utils.vector_db:_initialize_index:39 - Initialized FAISS index with type: flat
2026-08-13 22:46:52 | INFO     | app.main:startup_event:73 - Vector database initialized
2026-08-13 22:46:52 | INFO     | app.nlp.embedding:_load_model:42 - Model loaded successfully. Dimension: 384
2026-08-13 22:46:52 | INFO     | app.utils.vector_db:_initialize_index:39 - Initialized FAISS index with type: flat
2026-08-13 22:46:52 | INFO     | app.main:startup_event:73 - Vector database initialized
2026-08-13 22:46:52 | INFO     | app.nlp.embedding:_load_model:42 - Model loaded successfully. Dimension: 384
2026-08-13 22:46:52 | INFO     | app.utils.vector_db:_initialize_index:39 - Initialized FAISS index with type: flat
2026-08-13 22:46:52 | INFO     | app.main:startup_event:73 - Vector database initialized
2026-08-13 22:46:55 | ERROR    | app.utils.cache:_connect:27 - Failed to connect to Redis: Error 10061 connecting to localhost:6379. No connection could be made because the target machine actively refused it.
2026-08-13 22:46:55 | ERROR    | app.utils.cache:_connect:27 - Failed to connect to Redis: Error 10061 connecting to localhost:6379. No connection could be made because the target machine actively refused it.
2026-08-13 22:46:55 | WARNING  | app.main:startup_event:83 - Redis cache not available
2026-08-13 22:46:55 | INFO     | app.main:startup_event:87 - AI Quiz Generator Backend started successfully
2026-08-13 22:46:55 | INFO     | app.main:startup_event:87 - AI Quiz Generator Backend started successfully
2026-08-13 22:46:55 | INFO     | app.main:shutdown_event:93 - Shutting down AI Quiz Generator Backend...
2026-08-13 22:46:55 | INFO     | app.main:shutdown_event:100 - Vector database indexes saved
2026-08-13 22:46:55 | INFO     | app.main:shutdown_event:104 - AI Quiz Generator Backend shut down successfully
2026-08-13 22:46:55 | INFO     | app.main:shutdown_event:104 - AI Quiz Generator Backend shut down successfully
2026-08-13 22:46:55 | ERROR    | app.utils.cache:_connect:27 - Failed to connect to Redis: Error 10061 connecting to localhost:6379. No connection could be made because the target machine actively refused it.
2026-08-13 22:46:55 | WARNING  | app.main:startup_event:83 - Redis cache not available
2026-08-13 22:46:55 | INFO     | app.main:startup_event:87 - AI Quiz Generator Backend started successfully
2026-08-13 22:46:55 | INFO     | app.main:shutdown_event:93 - Shutting down AI Quiz Generator Backend...
2026-08-13 22:46:55 | INFO     | app.main:shutdown_event:100 - Vector database indexes saved
2026-08-13 22:46:55 | INFO     | app.main:shutdown_event:104 - AI Quiz Generator Backend shut down successfully
2026-08-13 22:46:56 | ERROR    | app.utils.cache:_connect:27 - Failed to connect to Redis: Error 10061 connecting to localhost:6379. No connection could be made because the target machine actively refused it.
2026-08-13 22:46:56 | WARNING  | app.main:startup_event:83 - Redis cache not available
2026-08-13 22:46:56 | INFO     | app.main:startup_event:87 - AI Quiz Generator Backend started successfully
2026-08-13 22:46:56 | INFO     | app.main:shutdown_event:93 - Shutting down AI Quiz Generator Backend...
2026-08-13 22:46:56 | INFO     | app.main:shutdown_event:100 - Vector database indexes saved
2026-08-13 22:46:56 | INFO     | app.main:shutdown_event:104 - AI Quiz Generator Backend shut down successfully
2026-08-13 22:46:56 | ERROR    | app.utils.cache:_connect:27 - Failed to connect to Redis: Error 10061 connecting to localhost:6379. No connection could be made because the target machine actively refused it.
2026-08-13 22:46:56 | WARNING  | app.main:startup_event:83 - Redis cache not available
2026-08-13 22:46:56 | INFO     | app.main:startup_event:87 - AI Quiz Generator Backend started successfully
2026-08-13 22:46:56 | INFO     | app.main:shutdown_event:93 - Shutting down AI Quiz Generator Backend...
2026-08-13 22:46:56 | INFO     | app.main:shutdown_event:100 - Vector database indexes saved
2026-08-13 22:46:56 | INFO     | app.main:shutdown_event:104 - AI Quiz Generator Backend shut down successfully
2026-08-13 22:46:56 | ERROR    | app.utils.cache:_connect:27 - Failed to connect to Redis: Error 10061 connecting to localhost:6379. No connection could be made because the target machine actively refused it.
2026-08-13 22:46:56 | WARNING  | app.main:startup_event:83 - Redis cache not available
2026-08-13 22:46:56 | INFO     | app.main:startup_event:87 - AI Quiz Generator Backend started successfully
2026-08-13 22:46:56 | INFO     | app.main:shutdown_event:93 - Shutting down AI Quiz Generator Backend...
2026-08-13 22:46:56 | INFO     | app.main:shutdown_event:100 - Vector database indexes saved
2026-08-13 22:46:56 | INFO     | app.main:shutdown_event:104 - AI Quiz Generator Backend shut down successfully
2026-08-13 22:46:57 | ERROR    | app.utils.cache:_connect:27 - Failed to connect to Redis: Error 10061 connecting to localhost:6379. No connection could be made because the target machine actively refused it.
2026-08-13 22:46:57 | WARNING  | app.main:startup_event:83 - Redis cache not available
2026-08-13 22:46:57 | INFO     | app.main:startup_event:87 - AI Quiz Generator Backend started successfully
2026-08-13 22:46:57 | INFO     | app.main:shutdown_event:93 - Shutting down AI Quiz Generator Backend...
2026-08-13 22:46:57 | INFO     | app.main:shutdown_event:100 - Vector database indexes saved
2026-08-13 22:46:57 | INFO     | app.main:shutdown_event:104 - AI Quiz Generator Backend shut down successfully
2026-08-13 22:46:57 | ERROR    | app.utils.cache:_connect:27 - Failed to connect to Redis: Error 10061 connecting to localhost:6379. No connection could be made because the target machine actively refused it.
2026-08-13 22:46:57 | WARNING  | app.main:startup_event:83 - Redis cache not available
2026-08-13 22:46:57 | INFO     | app.main:startup_event:87 - AI Quiz Generator Backend started successfully
2026-08-13 22:46:57 | INFO     | app.main:shutdown_event:93 - Shutting down AI Quiz Generator Backend...
2026-08-13 22:46:57 | INFO     | app.main:shutdown_event:100 - Vector database indexes saved
2026-08-13 22:46:57 | INFO     | app.main:shutdown_event:104 - AI Quiz Generator Backend shut down successfully
2026-08-13 22:47:10 | INFO     | app.main:startup_event:55 - Starting AI Quiz Generator Backend...
2026-08-13 22:47:14 | ERROR    | app.main:startup_event:63 - Failed to create PostgreSQL tables: (psycopg2.OperationalError) connection to server at "localhost" (::1), port 5432 failed: Connection refused (0x0000274D/10061)
	Is the server running on that host and accepting TCP/IP connections?
connection to server at "localhost" (127.0.0.1), port 5432 failed: Connection refused (0x0000274D/10061)
	Is the server running on that host and accepting TCP/IP connections?

(Background on this error at: https://sqlalche.me/e/20/e3q8)
2026-08-13 22:47:14 | WARNING  | app.main:startup_event:64 - Application will continue but PostgreSQL features may be limited
2026-08-13 22:47:17 | WARNING  | app.main:startup_event:71 - MongoDB initialization failed: No module named 'beanie'
2026-08-13 22:47:17 | WARNING  | app.main:startup_event:72 - Application will continue without MongoDB features
2026-08-13 22:47:17 | INFO     | app.nlp.embedding:_load_model:39 - Loading embedding model: all-MiniLM-L6-v2
2026-08-13 22:47:24 | INFO     | app.nlp.embedding:_load_model:42 - Model loaded successfully. Dimension: 384
2026-08-13 22:47:24 | INFO     | app.utils.vector_db:_initialize_index:39 - Initialized FAISS index with type: flat
2026-08-13 22:47:24 | INFO     | app.main:startup_event:79 - Vector database initialized
2026-08-13 22:47:29 | ERROR    | app.utils.cache:_connect:27 - Failed to connect to Redis: Error 10061 connecting to localhost:6379. No connection could be made because the target machine actively refused it.
2026-08-13 22:47:29 | WARNING  | app.main:startup_event:89 - Redis cache not available
2026-08-13 22:47:29 | INFO     | app.main:startup_event:93 - AI Quiz Generator Backend started successfully
2026-08-13 22:47:29 | INFO     | app.main:shutdown_event:99 - Shutting down AI Quiz Generator Backend...
2026-08-13 22:47:29 | INFO     | app.main:shutdown_event:106 - Vector database indexes saved
2026-08-13 22:47:29 | INFO     | app.main:shutdown_event:110 - AI Quiz Generator Backend shut down successfully
2026-08-13 22:48:12 | INFO     | app.main:startup_event:55 - Starting AI Quiz Generator Backend...
2026-08-13 22:48:12 | INFO     | app.main:startup_event:55 - Starting AI Quiz Generator Backend...
2026-08-13 22:48:13 | INFO     | app.main:startup_event:55 - Starting AI Quiz Generator Backend...
2026-08-13 22:48:13 | INFO     | app.main:startup_event:55 - Starting AI Quiz Generator Backend...
2026-08-13 22:48:13 | INFO     | app.main:startup_event:55 - Starting AI Quiz Generator Backend...
2026-08-13 22:48:13 | INFO     | app.main:startup_event:55 - Starting AI Quiz Generator Backend...
2026-08-13 22:48:13 | INFO     | app.main:startup_event:55 - Starting AI Quiz Generator Backend...
2026-08-13 22:48:13 | INFO     | app.main:startup_event:55 - Starting AI Quiz Generator Backend...
2026-08-13 22:48:17 | ERROR    | app.main:startup_event:63 - Failed to create PostgreSQL tables: (psycopg2.OperationalError) connection to server at "localhost" (::1), port 5432 failed: Connection refused (0x0000274D/10061)
	Is the server running on that host and accepting TCP/IP connections?
connection to server at "localhost" (127.0.0.1), port 5432 failed: Connection refused (0x0000274D/10061)
	Is the server running on that host and accepting TCP/IP connections?

(Background on this error at: https://sqlalche.me/e/20/e3q8)
2026-08-13 22:48:17 | WARNING  | app.main:startup_event:64 - Application will continue but PostgreSQL features may be limited
2026-08-13 22:48:17 | ERROR    | app.main:startup_event:63 - Failed to create PostgreSQL tables: (psycopg2.OperationalError) connection to server at "localhost" (::1), port 5432 failed: Connection refused (0x0000274D/10061)
	Is the server running on that host and accepting TCP/IP connections?
connection to server at "localhost" (127.0.0.1), port 5432 failed: Connection refused (0x0000274D/10061)
	Is the server running on that host and accepting TCP/IP connections?

(Background on this error at: https://sqlalche.me/e/20/e3q8)
2026-08-13 22:48:17 | WARNING  | app.main:startup_event:64 - Application will continue but PostgreSQL features may be limited
2026-08-13 22:48:17 | ERROR    | app.main:startup_event:63 - Failed to create PostgreSQL tables: (psycopg2.OperationalError) connection to server at "localhost" (::1), port 5432 failed: Connection refused (0x0000274D/10061)
	Is the server running on that host and accepting TCP/IP connections?
connection to server at "localhost" (127.0.0.1), port 5432 failed: Connection refused (0x0000274D/10061)
	Is the server running on that host and accepting TCP/IP connections?

(Background on this error at: https://sqlalche.me/e/20/e3q8)
2026-08-13 22:48:17 | WARNING  | app.main:startup_event:64 - Application will continue but PostgreSQL features may be limited
2026-08-13 22:48:17 | ERROR    | app.main:startup_event:63 - Failed to create PostgreSQL tables: (psycopg2.OperationalError) connection to server at "localhost" (::1), port 5432 failed: Connection refused (0x0000274D/10061)
	Is the server running on that host and accepting TCP/IP connections?
connection to server at "localhost" (127.0.0.1), port 5432 failed: Connection refused (0x0000274D/10061)
	Is the server running on that host and accepting TCP/IP connections?

(Background on this error at: https://sqlalche.me/e/20/e3q8)
2026-08-13 22:48:17 | WARNING  | app.main:startup_event:64 - Application will continue but PostgreSQL features may be limited
2026-08-13 22:48:17 | ERROR    | app.main:startup_event:63 - Failed to create PostgreSQL tables: (psycopg2.OperationalError) connection to server at "localhost" (::1), port 5432 failed: Connection refused (0x0000274D/10061)
	Is the server running on that host and accepting TCP/IP connections?
connection to server at "localhost" (127.0.0.1), port 5432 failed: Connection refused (0x0000274D/10061)
	Is the server running on that host and accepting TCP/IP connections?

(Background on this error at: https://sqlalche.me/e/20/e3q8)
2026-08-13 22:48:17 | WARNING  | app.main:startup_event:64 - Application will continue but PostgreSQL features may be limited
2026-08-13 22:48:17 | ERROR    | app.main:startup_event:63 - Failed to create PostgreSQL tables: (psycopg2.OperationalError) connection to server at "localhost" (::1), port 5432 failed: Connection refused (0x0000274D/10061)
	Is the server running on that host and accepting TCP/IP connections?
connection to server at "localhost" (127.0.0.1), port 5432 failed: Connection refused (0x0000274D/10061)
	Is the server running on that host and accepting TCP/IP connections?

(Background on this error at: https://sqlalche.me/e/20/e3q8)
2026-08-13 22:48:17 | WARNING  | app.main:startup_event:64 - Application will continue but PostgreSQL features may be limited
2026-08-13 22:48:17 | ERROR    | app.main:startup_event:63 - Failed to create PostgreSQL tables: (psycopg2.OperationalError) connection to server at "localhost" (::1), port 5432 failed: Connection refused (0x0000274D/10061)
	Is the server running on that host and accepting TCP/IP connections?
connection to server at "localhost" (127.0.0.1), port 5432 failed: Connection refused (0x0000274D/10061)
	Is the server running on that host and accepting TCP/IP connections?

(Background on this error at: https://sqlalche.me/e/20/e3q8)
2026-08-13 22:48:17 | WARNING  | app.main:startup_event:64 - Application will continue but PostgreSQL features may be limited
2026-08-13 22:48:17 | ERROR    | app.main:startup_event:63 - Failed to create PostgreSQL tables: (psycopg2.OperationalError) connection to server at "localhost" (::1), port 5432 failed: Connection refused (0x0000274D/10061)
	Is the server running on that host and accepting TCP/IP connections?
connection to server at "localhost" (127.0.0.1), port 5432 failed: Connection refused (0x0000274D/10061)
	Is the server running on that host and accepting TCP/IP connections?

(Background on this error at: https://sqlalche.me/e/20/e3q8)
2026-08-13 22:48:17 | WARNING  | app.main:startup_event:64 - Application will continue but PostgreSQL features may be limited
2026-08-13 22:48:18 | WARNING  | app.main:startup_event:71 - MongoDB initialization failed: No module named 'beanie'
2026-08-13 22:48:18 | WARNING  | app.main:startup_event:72 - Application will continue without MongoDB features
2026-08-13 22:48:18 | WARNING  | app.main:startup_event:71 - MongoDB initialization failed: No module named 'beanie'
2026-08-13 22:48:18 | WARNING  | app.main:startup_event:72 - Application will continue without MongoDB features
2026-08-13 22:48:18 | WARNING  | app.main:startup_event:71 - MongoDB initialization failed: No module named 'beanie'
2026-08-13 22:48:18 | WARNING  | app.main:startup_event:72 - Application will continue without MongoDB features
2026-08-13 22:48:18 | WARNING  | app.main:startup_event:71 - MongoDB initialization failed: No module named 'beanie'
2026-08-13 22:48:18 | WARNING  | app.main:startup_event:72 - Application will continue without MongoDB features
2026-08-13 22:48:18 | WARNING  | app.main:startup_event:71 - MongoDB initialization failed: No module named 'beanie'
2026-08-13 22:48:18 | WARNING  | app.main:startup_event:72 - Application will continue without MongoDB features
2026-08-13 22:48:18 | WARNING  | app.main:startup_event:71 - MongoDB initialization failed: No module named 'beanie'
2026-08-13 22:48:18 | WARNING  | app.main:startup_event:72 - Application will continue without MongoDB features
2026-08-13 22:48:18 | WARNING  | app.main:startup_event:71 - MongoDB initialization failed: No module named 'beanie'
2026-08-13 22:48:18 | WARNING  | app.main:startup_event:72 - Application will continue without MongoDB features
2026-08-13 22:48:18 | INFO     | app.nlp.embedding:_load_model:39 - Loading embedding model: all-MiniLM-L6-v2
2026-08-13 22:48:18 | WARNING  | app.main:startup_event:71 - MongoDB initialization failed: No module named 'beanie'
2026-08-13 22:48:18 | WARNING  | app.main:startup_event:72 - Application will continue without MongoDB features
2026-08-13 22:48:19 | INFO     | app.nlp.embedding:_load_model:39 - Loading embedding model: all-MiniLM-L6-v2
2026-08-13 22:48:19 | INFO     | app.nlp.embedding:_load_model:39 - Loading embedding model: all-MiniLM-L6-v2
2026-08-13 22:48:19 | INFO     | app.nlp.embedding:_load_model:39 - Loading embedding model: all-MiniLM-L6-v2
2026-08-13 22:48:20 | INFO     | app.nlp.embedding:_load_model:39 - Loading embedding model: all-MiniLM-L6-v2
2026-08-13 22:48:20 | INFO     | app.nlp.embedding:_load_model:39 - Loading embedding model: all-MiniLM-L6-v2
2026-08-13 22:48:20 | INFO     | app.nlp.embedding:_load_model:39 - Loading embedding model: all-MiniLM-L6-v2
2026-08-13 22:48:20 | INFO     | app.nlp.embedding:_load_model:39 - Loading embedding model: all-MiniLM-L6-v2
2026-08-13 22:48:28 | INFO     | app.nlp.embedding:_load_model:42 - Model loaded successfully. Dimension: 384
2026-08-13 22:48:28 | INFO     | app.utils.vector_db:_initialize_index:39 - Initialized FAISS index with type: flat
2026-08-13 22:48:28 | INFO     | app.main:startup_event:79 - Vector database initialized
2026-08-13 22:48:29 | INFO     | app.nlp.embedding:_load_model:42 - Model loaded successfully. Dimension: 384
2026-08-13 22:48:29 | INFO     | app.utils.vector_db:_initialize_index:39 - Initialized FAISS index with type: flat
2026-08-13 22:48:29 | INFO     | app.main:startup_event:79 - Vector database initialized
2026-08-13 22:48:30 | INFO     | app.nlp.embedding:_load_model:42 - Model loaded successfully. Dimension: 384
2026-08-13 22:48:30 | INFO     | app.utils.vector_db:_initialize_index:39 - Initialized FAISS index with type: flat
2026-08-13 22:48:30 | INFO     | app.main:startup_event:79 - Vector database initialized
2026-08-13 22:48:30 | INFO     | app.nlp.embedding:_load_model:42 - Model loaded successfully. Dimension: 384
2026-08-13 22:48:30 | INFO     | app.utils.vector_db:_initialize_index:39 - Initialized FAISS index with type: flat
2026-08-13 22:48:30 | INFO     | app.main:startup_event:79 - Vector database initialized
2026-08-13 22:48:30 | INFO     | app.nlp.embedding:_load_model:42 - Model loaded successfully. Dimension: 384
2026-08-13 22:48:30 | INFO     | app.utils.vector_db:_initialize_index:39 - Initialized FAISS index with type: flat
2026-08-13 22:48:30 | INFO     | app.main:startup_event:79 - Vector database initialized
2026-08-13 22:48:31 | INFO     | app.nlp.embedding:_load_model:42 - Model loaded successfully. Dimension: 384
2026-08-13 22:48:31 | INFO     | app.utils.vector_db:_initialize_index:39 - Initialized FAISS index with type: flat
2026-08-13 22:48:31 | INFO     | app.main:startup_event:79 - Vector database initialized
2026-08-13 22:48:31 | INFO     | app.nlp.embedding:_load_model:42 - Model loaded successfully. Dimension: 384
2026-08-13 22:48:31 | INFO     | app.utils.vector_db:_initialize_index:39 - Initialized FAISS index with type: flat
2026-08-13 22:48:31 | INFO     | app.main:startup_event:79 - Vector database initialized
2026-08-13 22:48:31 | INFO     | app.nlp.embedding:_load_model:42 - Model loaded successfully. Dimension: 384
2026-08-13 22:48:31 | INFO     | app.utils.vector_db:_initialize_index:39 - Initialized FAISS index with type: flat
2026-08-13 22:48:31 | INFO     | app.main:startup_event:79 - Vector database initialized
2026-08-13 22:48:32 | ERROR    | app.utils.cache:_connect:27 - Failed to connect to Redis: Error 10061 connecting to localhost:6379. No connection could be made because the target machine actively refused it.
2026-08-13 22:48:32 | WARNING  | app.main:startup_event:89 - Redis cache not available
2026-08-13 22:48:32 | INFO     | app.main:startup_event:93 - AI Quiz Generator Backend started successfully
2026-08-13 22:48:32 | INFO     | app.main:shutdown_event:99 - Shutting down AI Quiz Generator Backend...
2026-08-13 22:48:32 | INFO     | app.main:shutdown_event:106 - Vector database indexes saved
2026-08-13 22:48:32 | INFO     | app.main:shutdown_event:110 - AI Quiz Generator Backend shut down successfully
2026-08-13 22:48:34 | ERROR    | app.utils.cache:_connect:27 - Failed to connect to Redis: Error 10061 connecting to localhost:6379. No connection could be made because the target machine actively refused it.
2026-08-13 22:48:34 | WARNING  | app.main:startup_event:89 - Redis cache not available
2026-08-13 22:48:34 | INFO     | app.main:startup_event:93 - AI Quiz Generator Backend started successfully
2026-08-13 22:48:34 | INFO     | app.main:shutdown_event:99 - Shutting down AI Quiz Generator Backend...
2026-08-13 22:48:34 | INFO     | app.main:shutdown_event:106 - Vector database indexes saved
2026-08-13 22:48:34 | INFO     | app.main:shutdown_event:110 - AI Quiz Generator Backend shut down successfully
2026-08-13 22:48:34 | ERROR    | app.utils.cache:_connect:27 - Failed to connect to Redis: Error 10061 connecting to localhost:6379. No connection could be made because the target machine actively refused it.
2026-08-13 22:48:34 | WARNING  | app.main:startup_event:89 - Redis cache not available
2026-08-13 22:48:34 | INFO     | app.main:startup_event:93 - AI Quiz Generator Backend started successfully
2026-08-13 22:48:34 | INFO     | app.main:shutdown_event:99 - Shutting down AI Quiz Generator Backend...
2026-08-13 22:48:34 | INFO     | app.main:shutdown_event:106 - Vector database indexes saved
2026-08-13 22:48:34 | INFO     | app.main:shutdown_event:110 - AI Quiz Generator Backend shut down successfully
2026-08-13 22:48:34 | ERROR    | app.utils.cache:_connect:27 - Failed to connect to Redis: Error 10061 connecting to localhost:6379. No connection could be made because the target machine actively refused it.
2026-08-13 22:48:34 | WARNING  | app.main:startup_event:89 - Redis cache not available
2026-08-13 22:48:34 | INFO     | app.main:startup_event:93 - AI Quiz Generator Backend started successfully
2026-08-13 22:48:34 | INFO     | app.main:shutdown_event:99 - Shutting down AI Quiz Generator Backend...
2026-08-13 22:48:34 | INFO     | app.main:shutdown_event:106 - Vector database indexes saved
2026-08-13 22:48:34 | INFO     | app.main:shutdown_event:110 - AI Quiz Generator Backend shut down successfully
2026-08-13 22:48:34 | ERROR    | app.utils.cache:_connect:27 - Failed to connect to Redis: Error 10061 connecting to localhost:6379. No connection could be made because the target machine actively refused it.
2026-08-13 22:48:34 | WARNING  | app.main:startup_event:89 - Redis cache not available
2026-08-13 22:48:34 | INFO     | app.main:startup_event:93 - AI Quiz Generator Backend started successfully
2026-08-13 22:48:34 | INFO     | app.main:shutdown_event:99 - Shutting down AI Quiz Generator Backend...
2026-08-13 22:48:34 | INFO     | app.main:shutdown_event:106 - Vector database indexes saved
2026-08-13 22:48:34 | INFO     | app.main:shutdown_event:110 - AI Quiz Generator Backend shut down successfully
2026-08-13 22:48:35 | ERROR    | app.utils.cache:_connect:27 - Failed to connect to Redis: Error 10061 connecting to localhost:6379. No connection could be made because the target machine actively refused it.
2026-08-13 22:48:35 | WARNING  | app.main:startup_event:89 - Redis cache not available
2026-08-13 22:48:35 | INFO     | app.main:startup_event:93 - AI Quiz Generator Backend started successfully
2026-08-13 22:48:35 | INFO     | app.main:shutdown_event:99 - Shutting down AI Quiz Generator Backend...
2026-08-13 22:48:35 | INFO     | app.main:shutdown_event:106 - Vector database indexes saved
2026-08-13 22:48:35 | INFO     | app.main:shutdown_event:110 - AI Quiz Generator Backend shut down successfully
2026-08-13 22:48:35 | ERROR    | app.utils.cache:_connect:27 - Failed to connect to Redis: Error 10061 connecting to localhost:6379. No connection could be made because the target machine actively refused it.
2026-08-13 22:48:35 | WARNING  | app.main:startup_event:89 - Redis cache not available
2026-08-13 22:48:35 | INFO     | app.main:startup_event:93 - AI Quiz Generator Backend started successfully
2026-08-13 22:48:35 | INFO     | app.main:shutdown_event:99 - Shutting down AI Quiz Generator Backend...
2026-08-13 22:48:35 | INFO     | app.main:shutdown_event:106 - Vector database indexes saved
2026-08-13 22:48:35 | INFO     | app.main:shutdown_event:110 - AI Quiz Generator Backend shut down successfully
2026-08-13 22:48:35 | ERROR    | app.utils.cache:_connect:27 - Failed to connect to Redis: Error 10061 connecting to localhost:6379. No connection could be made because the target machine actively refused it.
2026-08-13 22:48:35 | WARNING  | app.main:startup_event:89 - Redis cache not available
2026-08-13 22:48:35 | INFO     | app.main:startup_event:93 - AI Quiz Generator Backend started successfully
2026-08-13 22:48:35 | INFO     | app.main:shutdown_event:99 - Shutting down AI Quiz Generator Backend...
2026-08-13 22:48:35 | INFO     | app.main:shutdown_event:106 - Vector database indexes saved
2026-08-13 22:48:35 | INFO     | app.main:shutdown_event:110 - AI Quiz Generator Backend shut down successfully
2026-08-13 22:48:39 | INFO     | app.main:startup_event:55 - Starting AI Quiz Generator Backend...
2026-08-13 22:48:43 | ERROR    | app.main:startup_event:63 - Failed to create PostgreSQL tables: (psycopg2.OperationalError) connection to server at "localhost" (::1), port 5432 failed: Connection refused (0x0000274D/10061)
	Is the server running on that host and accepting TCP/IP connections?
connection to server at "localhost" (127.0.0.1), port 5432 failed: Connection refused (0x0000274D/10061)
	Is the server running on that host and accepting TCP/IP connections?

(Background on this error at: https://sqlalche.me/e/20/e3q8)
2026-08-13 22:48:43 | WARNING  | app.main:startup_event:64 - Application will continue but PostgreSQL features may be limited
2026-08-13 22:48:47 | WARNING  | app.main:startup_event:71 - MongoDB initialization failed: No module named 'beanie'
2026-08-13 22:48:47 | WARNING  | app.main:startup_event:72 - Application will continue without MongoDB features
2026-08-13 22:48:47 | INFO     | app.nlp.embedding:_load_model:39 - Loading embedding model: all-MiniLM-L6-v2
2026-08-13 22:48:56 | INFO     | app.nlp.embedding:_load_model:42 - Model loaded successfully. Dimension: 384
2026-08-13 22:48:56 | INFO     | app.utils.vector_db:_initialize_index:39 - Initialized FAISS index with type: flat
2026-08-13 22:48:56 | INFO     | app.main:startup_event:79 - Vector database initialized
2026-08-13 22:49:00 | ERROR    | app.utils.cache:_connect:27 - Failed to connect to Redis: Error 10061 connecting to localhost:6379. No connection could be made because the target machine actively refused it.
2026-08-13 22:49:00 | WARNING  | app.main:startup_event:89 - Redis cache not available
2026-08-13 22:49:00 | INFO     | app.main:startup_event:93 - AI Quiz Generator Backend started successfully
2026-08-13 22:49:00 | INFO     | app.main:shutdown_event:99 - Shutting down AI Quiz Generator Backend...
2026-08-13 22:49:00 | INFO     | app.main:shutdown_event:106 - Vector database indexes saved
2026-08-13 22:49:00 | INFO     | app.main:shutdown_event:110 - AI Quiz Generator Backend shut down successfully
2026-08-13 22:50:28 | INFO     | app.main:startup_event:55 - Starting AI Quiz Generator Backend...
2026-08-13 22:50:28 | INFO     | app.main:startup_event:55 - Starting AI Quiz Generator Backend...
2026-08-13 22:50:28 | INFO     | app.main:startup_event:55 - Starting AI Quiz Generator Backend...
2026-08-13 22:50:28 | INFO     | app.main:startup_event:55 - Starting AI Quiz Generator Backend...
2026-08-13 22:50:28 | INFO     | app.main:startup_event:55 - Starting AI Quiz Generator Backend...
2026-08-13 22:50:28 | INFO     | app.main:startup_event:55 - Starting AI Quiz Generator Backend...
2026-08-13 22:50:29 | INFO     | app.main:startup_event:55 - Starting AI Quiz Generator Backend...
2026-08-13 22:50:29 | INFO     | app.main:startup_event:55 - Starting AI Quiz Generator Backend...
2026-08-13 22:50:32 | ERROR    | app.main:startup_event:63 - Failed to create PostgreSQL tables: (psycopg2.OperationalError) connection to server at "localhost" (::1), port 5432 failed: Connection refused (0x0000274D/10061)
	Is the server running on that host and accepting TCP/IP connections?
connection to server at "localhost" (127.0.0.1), port 5432 failed: Connection refused (0x0000274D/10061)
	Is the server running on that host and accepting TCP/IP connections?

(Background on this error at: https://sqlalche.me/e/20/e3q8)
2026-08-13 22:50:32 | WARNING  | app.main:startup_event:64 - Application will continue but PostgreSQL features may be limited
2026-08-13 22:50:32 | ERROR    | app.main:startup_event:63 - Failed to create PostgreSQL tables: (psycopg2.OperationalError) connection to server at "localhost" (::1), port 5432 failed: Connection refused (0x0000274D/10061)
	Is the server running on that host and accepting TCP/IP connections?
connection to server at "localhost" (127.0.0.1), port 5432 failed: Connection refused (0x0000274D/10061)
	Is the server running on that host and accepting TCP/IP connections?

(Background on this error at: https://sqlalche.me/e/20/e3q8)
2026-08-13 22:50:32 | WARNING  | app.main:startup_event:64 - Application will continue but PostgreSQL features may be limited
2026-08-13 22:50:32 | ERROR    | app.main:startup_event:63 - Failed to create PostgreSQL tables: (psycopg2.OperationalError) connection to server at "localhost" (::1), port 5432 failed: Connection refused (0x0000274D/10061)
	Is the server running on that host and accepting TCP/IP connections?
connection to server at "localhost" (127.0.0.1), port 5432 failed: Connection refused (0x0000274D/10061)
	Is the server running on that host and accepting TCP/IP connections?

(Background on this error at: https://sqlalche.me/e/20/e3q8)
2026-08-13 22:50:32 | WARNING  | app.main:startup_event:64 - Application will continue but PostgreSQL features may be limited
2026-08-13 22:50:32 | ERROR    | app.main:startup_event:63 - Failed to create PostgreSQL tables: (psycopg2.OperationalError) connection to server at "localhost" (::1), port 5432 failed: Connection refused (0x0000274D/10061)
	Is the server running on that host and accepting TCP/IP connections?
connection to server at "localhost" (127.0.0.1), port 5432 failed: Connection refused (0x0000274D/10061)
	Is the server running on that host and accepting TCP/IP connections?

(Background on this error at: https://sqlalche.me/e/20/e3q8)
2026-08-13 22:50:32 | WARNING  | app.main:startup_event:64 - Application will continue but PostgreSQL features may be limited
2026-08-13 22:50:32 | ERROR    | app.main:startup_event:63 - Failed to create PostgreSQL tables: (psycopg2.OperationalError) connection to server at "localhost" (::1), port 5432 failed: Connection refused (0x0000274D/10061)
	Is the server running on that host and accepting TCP/IP connections?
connection to server at "localhost" (127.0.0.1), port 5432 failed: Connection refused (0x0000274D/10061)
	Is the server running on that host and accepting TCP/IP connections?

(Background on this error at: https://sqlalche.me/e/20/e3q8)
2026-08-13 22:50:32 | WARNING  | app.main:startup_event:64 - Application will continue but PostgreSQL features may be limited
2026-08-13 22:50:33 | ERROR    | app.main:startup_event:63 - Failed to create PostgreSQL tables: (psycopg2.OperationalError) connection to server at "localhost" (::1), port 5432 failed: Connection refused (0x0000274D/10061)
	Is the server running on that host and accepting TCP/IP connections?
connection to server at "localhost" (127.0.0.1), port 5432 failed: Connection refused (0x0000274D/10061)
	Is the server running on that host and accepting TCP/IP connections?

(Background on this error at: https://sqlalche.me/e/20/e3q8)
2026-08-13 22:50:33 | WARNING  | app.main:startup_event:64 - Application will continue but PostgreSQL features may be limited
2026-08-13 22:50:33 | ERROR    | app.main:startup_event:63 - Failed to create PostgreSQL tables: (psycopg2.OperationalError) connection to server at "localhost" (::1), port 5432 failed: Connection refused (0x0000274D/10061)
	Is the server running on that host and accepting TCP/IP connections?
connection to server at "localhost" (127.0.0.1), port 5432 failed: Connection refused (0x0000274D/10061)
	Is the server running on that host and accepting TCP/IP connections?

(Background on this error at: https://sqlalche.me/e/20/e3q8)
2026-08-13 22:50:33 | WARNING  | app.main:startup_event:64 - Application will continue but PostgreSQL features may be limited
2026-08-13 22:50:33 | ERROR    | app.main:startup_event:63 - Failed to create PostgreSQL tables: (psycopg2.OperationalError) connection to server at "localhost" (::1), port 5432 failed: Connection refused (0x0000274D/10061)
	Is the server running on that host and accepting TCP/IP connections?
connection to server at "localhost" (127.0.0.1), port 5432 failed: Connection refused (0x0000274D/10061)
	Is the server running on that host and accepting TCP/IP connections?

(Background on this error at: https://sqlalche.me/e/20/e3q8)
2026-08-13 22:50:33 | WARNING  | app.main:startup_event:64 - Application will continue but PostgreSQL features may be limited
2026-08-13 22:50:34 | WARNING  | app.main:startup_event:71 - MongoDB initialization failed: No module named 'beanie'
2026-08-13 22:50:34 | WARNING  | app.main:startup_event:72 - Application will continue without MongoDB features
2026-08-13 22:50:34 | WARNING  | app.main:startup_event:71 - MongoDB initialization failed: No module named 'beanie'
2026-08-13 22:50:34 | WARNING  | app.main:startup_event:72 - Application will continue without MongoDB features
2026-08-13 22:50:35 | WARNING  | app.main:startup_event:71 - MongoDB initialization failed: No module named 'beanie'
2026-08-13 22:50:35 | WARNING  | app.main:startup_event:72 - Application will continue without MongoDB features
2026-08-13 22:50:35 | INFO     | app.nlp.embedding:_load_model:39 - Loading embedding model: all-MiniLM-L6-v2
2026-08-13 22:50:35 | WARNING  | app.main:startup_event:71 - MongoDB initialization failed: No module named 'beanie'
2026-08-13 22:50:35 | WARNING  | app.main:startup_event:72 - Application will continue without MongoDB features
2026-08-13 22:50:35 | WARNING  | app.main:startup_event:71 - MongoDB initialization failed: No module named 'beanie'
2026-08-13 22:50:35 | WARNING  | app.main:startup_event:72 - Application will continue without MongoDB features
2026-08-13 22:50:35 | INFO     | app.nlp.embedding:_load_model:39 - Loading embedding model: all-MiniLM-L6-v2
2026-08-13 22:50:35 | INFO     | app.nlp.embedding:_load_model:39 - Loading embedding model: all-MiniLM-L6-v2
2026-08-13 22:50:35 | INFO     | app.nlp.embedding:_load_model:39 - Loading embedding model: all-MiniLM-L6-v2
2026-08-13 22:50:36 | WARNING  | app.main:startup_event:71 - MongoDB initialization failed: No module named 'beanie'
2026-08-13 22:50:36 | WARNING  | app.main:startup_event:72 - Application will continue without MongoDB features
2026-08-13 22:50:36 | INFO     | app.nlp.embedding:_load_model:39 - Loading embedding model: all-MiniLM-L6-v2
2026-08-13 22:50:36 | WARNING  | app.main:startup_event:71 - MongoDB initialization failed: No module named 'beanie'
2026-08-13 22:50:36 | WARNING  | app.main:startup_event:72 - Application will continue without MongoDB features
2026-08-13 22:50:36 | INFO     | app.main:startup_event:55 - Starting AI Quiz Generator Backend...
2026-08-13 22:50:36 | WARNING  | app.main:startup_event:71 - MongoDB initialization failed: No module named 'beanie'
2026-08-13 22:50:36 | WARNING  | app.main:startup_event:72 - Application will continue without MongoDB features
2026-08-13 22:50:36 | INFO     | app.nlp.embedding:_load_model:39 - Loading embedding model: all-MiniLM-L6-v2
2026-08-13 22:50:37 | INFO     | app.nlp.embedding:_load_model:39 - Loading embedding model: all-MiniLM-L6-v2
2026-08-13 22:50:37 | INFO     | app.nlp.embedding:_load_model:39 - Loading embedding model: all-MiniLM-L6-v2
2026-08-13 22:50:40 | ERROR    | app.main:startup_event:63 - Failed to create PostgreSQL tables: (psycopg2.OperationalError) connection to server at "localhost" (::1), port 5432 failed: Connection refused (0x0000274D/10061)
	Is the server running on that host and accepting TCP/IP connections?
connection to server at "localhost" (127.0.0.1), port 5432 failed: Connection refused (0x0000274D/10061)
	Is the server running on that host and accepting TCP/IP connections?

(Background on this error at: https://sqlalche.me/e/20/e3q8)
2026-08-13 22:50:40 | WARNING  | app.main:startup_event:64 - Application will continue but PostgreSQL features may be limited
2026-08-13 22:50:42 | WARNING  | app.main:startup_event:71 - MongoDB initialization failed: No module named 'beanie'
2026-08-13 22:50:42 | WARNING  | app.main:startup_event:72 - Application will continue without MongoDB features
2026-08-13 22:50:42 | INFO     | app.nlp.embedding:_load_model:39 - Loading embedding model: all-MiniLM-L6-v2
2026-08-13 22:50:47 | INFO     | app.nlp.embedding:_load_model:42 - Model loaded successfully. Dimension: 384
2026-08-13 22:50:47 | INFO     | app.utils.vector_db:_initialize_index:39 - Initialized FAISS index with type: flat
2026-08-13 22:50:47 | INFO     | app.main:startup_event:79 - Vector database initialized
2026-08-13 22:50:48 | INFO     | app.nlp.embedding:_load_model:42 - Model loaded successfully. Dimension: 384
2026-08-13 22:50:48 | INFO     | app.utils.vector_db:_initialize_index:39 - Initialized FAISS index with type: flat
2026-08-13 22:50:48 | INFO     | app.main:startup_event:79 - Vector database initialized
2026-08-13 22:50:49 | INFO     | app.nlp.embedding:_load_model:42 - Model loaded successfully. Dimension: 384
2026-08-13 22:50:49 | INFO     | app.utils.vector_db:_initialize_index:39 - Initialized FAISS index with type: flat
2026-08-13 22:50:49 | INFO     | app.main:startup_event:79 - Vector database initialized
2026-08-13 22:50:49 | INFO     | app.nlp.embedding:_load_model:42 - Model loaded successfully. Dimension: 384
2026-08-13 22:50:49 | INFO     | app.utils.vector_db:_initialize_index:39 - Initialized FAISS index with type: flat
2026-08-13 22:50:49 | INFO     | app.main:startup_event:79 - Vector database initialized
2026-08-13 22:50:49 | INFO     | app.nlp.embedding:_load_model:42 - Model loaded successfully. Dimension: 384
2026-08-13 22:50:49 | INFO     | app.utils.vector_db:_initialize_index:39 - Initialized FAISS index with type: flat
2026-08-13 22:50:49 | INFO     | app.main:startup_event:79 - Vector database initialized
2026-08-13 22:50:49 | INFO     | app.nlp.embedding:_load_model:42 - Model loaded successfully. Dimension: 384
2026-08-13 22:50:49 | INFO     | app.utils.vector_db:_initialize_index:39 - Initialized FAISS index with type: flat
2026-08-13 22:50:49 | INFO     | app.main:startup_event:79 - Vector database initialized
2026-08-13 22:50:50 | INFO     | app.nlp.embedding:_load_model:42 - Model loaded successfully. Dimension: 384
2026-08-13 22:50:50 | INFO     | app.utils.vector_db:_initialize_index:39 - Initialized FAISS index with type: flat
2026-08-13 22:50:50 | INFO     | app.main:startup_event:79 - Vector database initialized
2026-08-13 22:50:50 | INFO     | app.nlp.embedding:_load_model:42 - Model loaded successfully. Dimension: 384
2026-08-13 22:50:50 | INFO     | app.utils.vector_db:_initialize_index:39 - Initialized FAISS index with type: flat
2026-08-13 22:50:50 | INFO     | app.main:startup_event:79 - Vector database initialized
2026-08-13 22:50:51 | ERROR    | app.utils.cache:_connect:27 - Failed to connect to Redis: Error 10061 connecting to localhost:6379. No connection could be made because the target machine actively refused it.
2026-08-13 22:50:51 | WARNING  | app.main:startup_event:89 - Redis cache not available
2026-08-13 22:50:51 | INFO     | app.main:startup_event:93 - AI Quiz Generator Backend started successfully
2026-08-13 22:50:51 | INFO     | app.main:shutdown_event:99 - Shutting down AI Quiz Generator Backend...
2026-08-13 22:50:51 | INFO     | app.main:shutdown_event:106 - Vector database indexes saved
2026-08-13 22:50:51 | INFO     | app.main:shutdown_event:110 - AI Quiz Generator Backend shut down successfully
2026-08-13 22:50:53 | ERROR    | app.utils.cache:_connect:27 - Failed to connect to Redis: Error 10061 connecting to localhost:6379. No connection could be made because the target machine actively refused it.
2026-08-13 22:50:53 | WARNING  | app.main:startup_event:89 - Redis cache not available
2026-08-13 22:50:53 | INFO     | app.main:startup_event:93 - AI Quiz Generator Backend started successfully
2026-08-13 22:50:53 | INFO     | app.main:shutdown_event:99 - Shutting down AI Quiz Generator Backend...
2026-08-13 22:50:53 | INFO     | app.main:shutdown_event:106 - Vector database indexes saved
2026-08-13 22:50:53 | INFO     | app.main:shutdown_event:110 - AI Quiz Generator Backend shut down successfully
2026-08-13 22:50:53 | ERROR    | app.utils.cache:_connect:27 - Failed to connect to Redis: Error 10061 connecting to localhost:6379. No connection could be made because the target machine actively refused it.
2026-08-13 22:50:53 | WARNING  | app.main:startup_event:89 - Redis cache not available
2026-08-13 22:50:53 | INFO     | app.main:startup_event:93 - AI Quiz Generator Backend started successfully
2026-08-13 22:50:53 | INFO     | app.main:shutdown_event:99 - Shutting down AI Quiz Generator Backend...
2026-08-13 22:50:53 | INFO     | app.main:shutdown_event:106 - Vector database indexes saved
2026-08-13 22:50:53 | INFO     | app.main:shutdown_event:110 - AI Quiz Generator Backend shut down successfully
2026-08-13 22:50:53 | INFO     | app.nlp.embedding:_load_model:42 - Model loaded successfully. Dimension: 384
2026-08-13 22:50:53 | INFO     | app.utils.vector_db:_initialize_index:39 - Initialized FAISS index with type: flat
2026-08-13 22:50:53 | INFO     | app.main:startup_event:79 - Vector database initialized
2026-08-13 22:50:53 | ERROR    | app.utils.cache:_connect:27 - Failed to connect to Redis: Error 10061 connecting to localhost:6379. No connection could be made because the target machine actively refused it.
2026-08-13 22:50:53 | WARNING  | app.main:startup_event:89 - Redis cache not available
2026-08-13 22:50:53 | INFO     | app.main:startup_event:93 - AI Quiz Generator Backend started successfully
2026-08-13 22:50:53 | INFO     | app.main:shutdown_event:99 - Shutting down AI Quiz Generator Backend...
2026-08-13 22:50:53 | INFO     | app.main:shutdown_event:106 - Vector database indexes saved
2026-08-13 22:50:53 | INFO     | app.main:shutdown_event:110 - AI Quiz Generator Backend shut down successfully
2026-08-13 22:50:54 | ERROR    | app.utils.cache:_connect:27 - Failed to connect to Redis: Error 10061 connecting to localhost:6379. No connection could be made because the target machine actively refused it.
2026-08-13 22:50:54 | WARNING  | app.main:startup_event:89 - Redis cache not available
2026-08-13 22:50:54 | INFO     | app.main:startup_event:93 - AI Quiz Generator Backend started successfully
2026-08-13 22:50:54 | INFO     | app.main:shutdown_event:99 - Shutting down AI Quiz Generator Backend...
2026-08-13 22:50:54 | INFO     | app.main:shutdown_event:106 - Vector database indexes saved
2026-08-13 22:50:54 | INFO     | app.main:shutdown_event:110 - AI Quiz Generator Backend shut down successfully
2026-08-13 22:50:54 | ERROR    | app.utils.cache:_connect:27 - Failed to connect to Redis: Error 10061 connecting to localhost:6379. No connection could be made because the target machine actively refused it.
2026-08-13 22:50:54 | WARNING  | app.main:startup_event:89 - Redis cache not available
2026-08-13 22:50:54 | INFO     | app.main:startup_event:93 - AI Quiz Generator Backend started successfully
2026-08-13 22:50:54 | INFO     | app.main:shutdown_event:99 - Shutting down AI Quiz Generator Backend...
2026-08-13 22:50:54 | INFO     | app.main:shutdown_event:106 - Vector database indexes saved
2026-08-13 22:50:54 | INFO     | app.main:shutdown_event:110 - AI Quiz Generator Backend shut down successfully
2026-08-13 22:50:54 | ERROR    | app.utils.cache:_connect:27 - Failed to connect to Redis: Error 10061 connecting to localhost:6379. No connection could be made because the target machine actively refused it.
2026-08-13 22:50:54 | WARNING  | app.main:startup_event:89 - Redis cache not available
2026-08-13 22:50:54 | INFO     | app.main:startup_event:93 - AI Quiz Generator Backend started successfully
2026-08-13 22:50:54 | INFO     | app.main:shutdown_event:99 - Shutting down AI Quiz Generator Backend...
2026-08-13 22:50:54 | INFO     | app.main:shutdown_event:106 - Vector database indexes saved
2026-08-13 22:50:54 | INFO     | app.main:shutdown_event:110 - AI Quiz Generator Backend shut down successfully
2026-08-13 22:50:54 | ERROR    | app.utils.cache:_connect:27 - Failed to connect to Redis: Error 10061 connecting to localhost:6379. No connection could be made because the target machine actively refused it.
2026-08-13 22:50:54 | WARNING  | app.main:startup_event:89 - Redis cache not available
2026-08-13 22:50:54 | INFO     | app.main:startup_event:93 - AI Quiz Generator Backend started successfully
2026-08-13 22:50:54 | INFO     | app.main:shutdown_event:99 - Shutting down AI Quiz Generator Backend...
2026-08-13 22:50:54 | INFO     | app.main:shutdown_event:106 - Vector database indexes saved
2026-08-13 22:50:54 | INFO     | app.main:shutdown_event:110 - AI Quiz Generator Backend shut down successfully
2026-08-13 22:50:57 | ERROR    | app.utils.cache:_connect:27 - Failed to connect to Redis: Error 10061 connecting to localhost:6379. No connection could be made because the target machine actively refused it.
2026-08-13 22:50:57 | WARNING  | app.main:startup_event:89 - Redis cache not available
2026-08-13 22:50:57 | INFO     | app.main:startup_event:93 - AI Quiz Generator Backend started successfully
2026-08-13 22:52:48 | INFO     | app.main:startup_event:55 - Starting AI Quiz Generator Backend...
2026-08-13 22:52:48 | INFO     | app.main:startup_event:55 - Starting AI Quiz Generator Backend...
2026-08-13 22:52:48 | INFO     | app.main:startup_event:55 - Starting AI Quiz Generator Backend...
2026-08-13 22:52:48 | INFO     | app.main:startup_event:55 - Starting AI Quiz Generator Backend...
2026-08-13 22:52:48 | INFO     | app.main:startup_event:55 - Starting AI Quiz Generator Backend...
2026-08-13 22:52:48 | INFO     | app.main:startup_event:55 - Starting AI Quiz Generator Backend...
2026-08-13 22:52:48 | INFO     | app.main:startup_event:55 - Starting AI Quiz Generator Backend...
2026-08-13 22:52:49 | INFO     | app.main:startup_event:55 - Starting AI Quiz Generator Backend...
2026-08-13 22:52:52 | ERROR    | app.main:startup_event:63 - Failed to create PostgreSQL tables: (psycopg2.OperationalError) connection to server at "localhost" (::1), port 5432 failed: Connection refused (0x0000274D/10061)
	Is the server running on that host and accepting TCP/IP connections?
connection to server at "localhost" (127.0.0.1), port 5432 failed: Connection refused (0x0000274D/10061)
	Is the server running on that host and accepting TCP/IP connections?

(Background on this error at: https://sqlalche.me/e/20/e3q8)
2026-08-13 22:52:52 | WARNING  | app.main:startup_event:64 - Application will continue but PostgreSQL features may be limited
2026-08-13 22:52:52 | ERROR    | app.main:startup_event:63 - Failed to create PostgreSQL tables: (psycopg2.OperationalError) connection to server at "localhost" (::1), port 5432 failed: Connection refused (0x0000274D/10061)
	Is the server running on that host and accepting TCP/IP connections?
connection to server at "localhost" (127.0.0.1), port 5432 failed: Connection refused (0x0000274D/10061)
	Is the server running on that host and accepting TCP/IP connections?

(Background on this error at: https://sqlalche.me/e/20/e3q8)
2026-08-13 22:52:52 | WARNING  | app.main:startup_event:64 - Application will continue but PostgreSQL features may be limited
2026-08-13 22:52:52 | ERROR    | app.main:startup_event:63 - Failed to create PostgreSQL tables: (psycopg2.OperationalError) connection to server at "localhost" (::1), port 5432 failed: Connection refused (0x0000274D/10061)
	Is the server running on that host and accepting TCP/IP connections?
connection to server at "localhost" (127.0.0.1), port 5432 failed: Connection refused (0x0000274D/10061)
	Is the server running on that host and accepting TCP/IP connections?

(Background on this error at: https://sqlalche.me/e/20/e3q8)
2026-08-13 22:52:52 | WARNING  | app.main:startup_event:64 - Application will continue but PostgreSQL features may be limited
2026-08-13 22:52:52 | WARNING  | app.main:startup_event:64 - Application will continue but PostgreSQL features may be limited
2026-08-13 22:52:52 | ERROR    | app.main:startup_event:63 - Failed to create PostgreSQL tables: (psycopg2.OperationalError) connection to server at "localhost" (::1), port 5432 failed: Connection refused (0x0000274D/10061)
	Is the server running on that host and accepting TCP/IP connections?
connection to server at "localhost" (127.0.0.1), port 5432 failed: Connection refused (0x0000274D/10061)
	Is the server running on that host and accepting TCP/IP connections?

(Background on this error at: https://sqlalche.me/e/20/e3q8)
2026-08-13 22:52:52 | WARNING  | app.main:startup_event:64 - Application will continue but PostgreSQL features may be limited
2026-08-13 22:52:52 | WARNING  | app.main:startup_event:64 - Application will continue but PostgreSQL features may be limited
2026-08-13 22:52:53 | ERROR    | app.main:startup_event:63 - Failed to create PostgreSQL tables: (psycopg2.OperationalError) connection to server at "localhost" (::1), port 5432 failed: Connection refused (0x0000274D/10061)
	Is the server running on that host and accepting TCP/IP connections?
connection to server at "localhost" (127.0.0.1), port 5432 failed: Connection refused (0x0000274D/10061)
	Is the server running on that host and accepting TCP/IP connections?

(Background on this error at: https://sqlalche.me/e/20/e3q8)
2026-08-13 22:52:53 | WARNING  | app.main:startup_event:64 - Application will continue but PostgreSQL features may be limited
2026-08-13 22:52:53 | ERROR    | app.main:startup_event:63 - Failed to create PostgreSQL tables: (psycopg2.OperationalError) connection to server at "localhost" (::1), port 5432 failed: Connection refused (0x0000274D/10061)
	Is the server running on that host and accepting TCP/IP connections?
connection to server at "localhost" (127.0.0.1), port 5432 failed: Connection refused (0x0000274D/10061)
	Is the server running on that host and accepting TCP/IP connections?

(Background on this error at: https://sqlalche.me/e/20/e3q8)
2026-08-13 22:52:53 | WARNING  | app.main:startup_event:64 - Application will continue but PostgreSQL features may be limited
2026-08-13 22:52:53 | WARNING  | app.main:startup_event:71 - MongoDB initialization failed: No module named 'beanie'
2026-08-13 22:52:53 | WARNING  | app.main:startup_event:72 - Application will continue without MongoDB features
2026-08-13 22:52:53 | WARNING  | app.main:startup_event:71 - MongoDB initialization failed: No module named 'beanie'
2026-08-13 22:52:53 | WARNING  | app.main:startup_event:72 - Application will continue without MongoDB features
2026-08-13 22:52:54 | WARNING  | app.main:startup_event:71 - MongoDB initialization failed: No module named 'beanie'
2026-08-13 22:52:54 | WARNING  | app.main:startup_event:72 - Application will continue without MongoDB features
2026-08-13 22:52:54 | INFO     | app.nlp.embedding:_load_model:39 - Loading embedding model: all-MiniLM-L6-v2
2026-08-13 22:52:54 | WARNING  | app.main:startup_event:71 - MongoDB initialization failed: No module named 'beanie'
2026-08-13 22:52:54 | WARNING  | app.main:startup_event:72 - Application will continue without MongoDB features
2026-08-13 22:52:54 | INFO     | app.nlp.embedding:_load_model:39 - Loading embedding model: all-MiniLM-L6-v2
2026-08-13 22:52:54 | INFO     | app.nlp.embedding:_load_model:39 - Loading embedding model: all-MiniLM-L6-v2
2026-08-13 22:52:54 | WARNING  | app.main:startup_event:71 - MongoDB initialization failed: No module named 'beanie'
2026-08-13 22:52:54 | WARNING  | app.main:startup_event:72 - Application will continue without MongoDB features
2026-08-13 22:52:54 | WARNING  | app.main:startup_event:71 - MongoDB initialization failed: No module named 'beanie'
2026-08-13 22:52:54 | WARNING  | app.main:startup_event:72 - Application will continue without MongoDB features
2026-08-13 22:52:54 | WARNING  | app.main:startup_event:71 - MongoDB initialization failed: No module named 'beanie'
2026-08-13 22:52:54 | WARNING  | app.main:startup_event:72 - Application will continue without MongoDB features
2026-08-13 22:52:55 | WARNING  | app.main:startup_event:71 - MongoDB initialization failed: No module named 'beanie'
2026-08-13 22:52:55 | WARNING  | app.main:startup_event:72 - Application will continue without MongoDB features
2026-08-13 22:52:56 | INFO     | app.nlp.embedding:_load_model:39 - Loading embedding model: all-MiniLM-L6-v2
2026-08-13 22:52:56 | INFO     | app.nlp.embedding:_load_model:39 - Loading embedding model: all-MiniLM-L6-v2
2026-08-13 22:52:56 | INFO     | app.nlp.embedding:_load_model:39 - Loading embedding model: all-MiniLM-L6-v2
2026-08-13 22:52:56 | INFO     | app.nlp.embedding:_load_model:39 - Loading embedding model: all-MiniLM-L6-v2
2026-08-13 22:52:57 | INFO     | app.nlp.embedding:_load_model:39 - Loading embedding model: all-MiniLM-L6-v2
2026-08-13 22:53:03 | INFO     | app.nlp.embedding:_load_model:42 - Model loaded successfully. Dimension: 384
2026-08-13 22:53:03 | INFO     | app.utils.vector_db:_initialize_index:39 - Initialized FAISS index with type: flat
2026-08-13 22:53:03 | INFO     | app.main:startup_event:79 - Vector database initialized
2026-08-13 22:53:03 | INFO     | app.nlp.embedding:_load_model:42 - Model loaded successfully. Dimension: 384
2026-08-13 22:53:03 | INFO     | app.utils.vector_db:_initialize_index:39 - Initialized FAISS index with type: flat
2026-08-13 22:53:03 | INFO     | app.main:startup_event:79 - Vector database initialized
2026-08-13 22:53:04 | INFO     | app.nlp.embedding:_load_model:42 - Model loaded successfully. Dimension: 384
2026-08-13 22:53:04 | INFO     | app.utils.vector_db:_initialize_index:39 - Initialized FAISS index with type: flat
2026-08-13 22:53:04 | INFO     | app.main:startup_event:79 - Vector database initialized
2026-08-13 22:53:05 | INFO     | app.nlp.embedding:_load_model:42 - Model loaded successfully. Dimension: 384
2026-08-13 22:53:05 | INFO     | app.utils.vector_db:_initialize_index:39 - Initialized FAISS index with type: flat
2026-08-13 22:53:05 | INFO     | app.main:startup_event:79 - Vector database initialized
2026-08-13 22:53:05 | INFO     | app.nlp.embedding:_load_model:42 - Model loaded successfully. Dimension: 384
2026-08-13 22:53:05 | INFO     | app.utils.vector_db:_initialize_index:39 - Initialized FAISS index with type: flat
2026-08-13 22:53:05 | INFO     | app.main:startup_event:79 - Vector database initialized
2026-08-13 22:53:05 | INFO     | app.nlp.embedding:_load_model:42 - Model loaded successfully. Dimension: 384
2026-08-13 22:53:05 | INFO     | app.utils.vector_db:_initialize_index:39 - Initialized FAISS index with type: flat
2026-08-13 22:53:05 | INFO     | app.main:startup_event:79 - Vector database initialized
2026-08-13 22:53:05 | INFO     | app.nlp.embedding:_load_model:42 - Model loaded successfully. Dimension: 384
2026-08-13 22:53:05 | INFO     | app.utils.vector_db:_initialize_index:39 - Initialized FAISS index with type: flat
2026-08-13 22:53:05 | INFO     | app.main:startup_event:79 - Vector database initialized
2026-08-13 22:53:06 | INFO     | app.nlp.embedding:_load_model:42 - Model loaded successfully. Dimension: 384
2026-08-13 22:53:06 | INFO     | app.utils.vector_db:_initialize_index:39 - Initialized FAISS index with type: flat
2026-08-13 22:53:06 | INFO     | app.main:startup_event:79 - Vector database initialized
2026-08-13 22:53:07 | ERROR    | app.utils.cache:_connect:27 - Failed to connect to Redis: Error 10061 connecting to localhost:6379. No connection could be made because the target machine actively refused it.
2026-08-13 22:53:07 | WARNING  | app.main:startup_event:89 - Redis cache not available
2026-08-13 22:53:07 | INFO     | app.main:startup_event:93 - AI Quiz Generator Backend started successfully
2026-08-13 22:53:07 | ERROR    | app.utils.cache:_connect:27 - Failed to connect to Redis: Error 10061 connecting to localhost:6379. No connection could be made because the target machine actively refused it.
2026-08-13 22:53:07 | WARNING  | app.main:startup_event:89 - Redis cache not available
2026-08-13 22:53:07 | INFO     | app.main:startup_event:93 - AI Quiz Generator Backend started successfully
2026-08-13 22:53:08 | ERROR    | app.utils.cache:_connect:27 - Failed to connect to Redis: Error 10061 connecting to localhost:6379. No connection could be made because the target machine actively refused it.
2026-08-13 22:53:08 | WARNING  | app.main:startup_event:89 - Redis cache not available
2026-08-13 22:53:08 | INFO     | app.main:startup_event:93 - AI Quiz Generator Backend started successfully
2026-08-13 22:53:09 | ERROR    | app.utils.cache:_connect:27 - Failed to connect to Redis: Error 10061 connecting to localhost:6379. No connection could be made because the target machine actively refused it.
2026-08-13 22:53:09 | WARNING  | app.main:startup_event:89 - Redis cache not available
2026-08-13 22:53:09 | INFO     | app.main:startup_event:93 - AI Quiz Generator Backend started successfully
2026-08-13 22:53:09 | ERROR    | app.utils.cache:_connect:27 - Failed to connect to Redis: Error 10061 connecting to localhost:6379. No connection could be made because the target machine actively refused it.
2026-08-13 22:53:09 | WARNING  | app.main:startup_event:89 - Redis cache not available
2026-08-13 22:53:09 | INFO     | app.main:startup_event:93 - AI Quiz Generator Backend started successfully
2026-08-13 22:53:09 | ERROR    | app.utils.cache:_connect:27 - Failed to connect to Redis: Error 10061 connecting to localhost:6379. No connection could be made because the target machine actively refused it.
2026-08-13 22:53:09 | WARNING  | app.main:startup_event:89 - Redis cache not available
2026-08-13 22:53:09 | INFO     | app.main:startup_event:93 - AI Quiz Generator Backend started successfully
2026-08-13 22:53:09 | ERROR    | app.utils.cache:_connect:27 - Failed to connect to Redis: Error 10061 connecting to localhost:6379. No connection could be made because the target machine actively refused it.
2026-08-13 22:53:09 | WARNING  | app.main:startup_event:89 - Redis cache not available
2026-08-13 22:53:09 | INFO     | app.main:startup_event:93 - AI Quiz Generator Backend started successfully
2026-08-13 22:53:10 | ERROR    | app.utils.cache:_connect:27 - Failed to connect to Redis: Error 10061 connecting to localhost:6379. No connection could be made because the target machine actively refused it.
2026-08-13 22:53:10 | WARNING  | app.main:startup_event:89 - Redis cache not available
2026-08-13 22:53:10 | INFO     | app.main:startup_event:93 - AI Quiz Generator Backend started successfully
2026-08-13 22:58:24 | INFO     | app.main:startup_event:55 - Starting AI Quiz Generator Backend...
2026-08-13 22:58:28 | ERROR    | app.main:startup_event:63 - Failed to create PostgreSQL tables: (psycopg2.OperationalError) connection to server at "localhost" (::1), port 5432 failed: Connection refused (0x0000274D/10061)
	Is the server running on that host and accepting TCP/IP connections?
connection to server at "localhost" (127.0.0.1), port 5432 failed: Connection refused (0x0000274D/10061)
	Is the server running on that host and accepting TCP/IP connections?

(Background on this error at: https://sqlalche.me/e/20/e3q8)
2026-08-13 22:58:28 | WARNING  | app.main:startup_event:64 - Application will continue but PostgreSQL features may be limited
2026-08-13 22:58:29 | WARNING  | app.main:startup_event:71 - MongoDB initialization failed: No module named 'beanie'
2026-08-13 22:58:29 | WARNING  | app.main:startup_event:72 - Application will continue without MongoDB features
2026-08-13 22:58:29 | INFO     | app.nlp.embedding:_load_model:39 - Loading embedding model: all-MiniLM-L6-v2
2026-08-13 22:58:36 | INFO     | app.nlp.embedding:_load_model:42 - Model loaded successfully. Dimension: 384
2026-08-13 22:58:36 | INFO     | app.utils.vector_db:_initialize_index:39 - Initialized FAISS index with type: flat
2026-08-13 22:58:36 | INFO     | app.main:startup_event:79 - Vector database initialized
2026-08-13 22:58:40 | ERROR    | app.utils.cache:_connect:27 - Failed to connect to Redis: Error 10061 connecting to localhost:6379. No connection could be made because the target machine actively refused it.
2026-08-13 22:58:40 | WARNING  | app.main:startup_event:89 - Redis cache not available
2026-08-13 22:58:40 | INFO     | app.main:startup_event:93 - AI Quiz Generator Backend started successfully
2026-08-13 23:00:07 | INFO     | app.middleware.logging:dispatch:18 - Request: OPTIONS /api/v1/auth/register - Client: 127.0.0.1 - User-Agent: Mozilla/5.0 (Windows NT 10.0; Win64; x64) AppleWebKit/537.36 (KHTML, like Gecko) Chrome/151.0.0.0 Safari/537.36 Edg/151.0.0.0
2026-08-13 23:00:07 | INFO     | app.middleware.logging:dispatch:34 - Response: OPTIONS /api/v1/auth/register - Status: 200 - Time: 0.048s
2026-08-13 23:00:07 | INFO     | app.middleware.logging:dispatch:18 - Request: POST /api/v1/auth/register - Client: 127.0.0.1 - User-Agent: Mozilla/5.0 (Windows NT 10.0; Win64; x64) AppleWebKit/537.36 (KHTML, like Gecko) Chrome/151.0.0.0 Safari/537.36 Edg/151.0.0.0
2026-08-13 23:00:07 | INFO     | app.middleware.logging:dispatch:34 - Response: POST /api/v1/auth/register - Status: 422 - Time: 0.217s
2026-08-13 23:03:49 | INFO     | app.main:shutdown_event:99 - Shutting down AI Quiz Generator Backend...
2026-08-13 23:03:49 | INFO     | app.main:shutdown_event:106 - Vector database indexes saved
2026-08-13 23:03:49 | INFO     | app.main:shutdown_event:110 - AI Quiz Generator Backend shut down successfully
2026-08-13 23:04:04 | INFO     | app.main:shutdown_event:99 - Shutting down AI Quiz Generator Backend...
2026-08-13 23:04:04 | INFO     | app.main:shutdown_event:106 - Vector database indexes saved
2026-08-13 23:04:04 | INFO     | app.main:shutdown_event:110 - AI Quiz Generator Backend shut down successfully
2026-08-13 23:04:17 | INFO     | app.main:startup_event:55 - Starting AI Quiz Generator Backend...
2026-08-13 23:04:17 | INFO     | app.main:startup_event:61 - PostgreSQL database tables created successfully
2026-08-13 23:04:19 | INFO     | app.main:shutdown_event:99 - Shutting down AI Quiz Generator Backend...
2026-08-13 23:04:19 | INFO     | app.main:shutdown_event:106 - Vector database indexes saved
2026-08-13 23:04:19 | INFO     | app.main:shutdown_event:110 - AI Quiz Generator Backend shut down successfully
2026-08-13 23:04:19 | INFO     | app.main:shutdown_event:99 - Shutting down AI Quiz Generator Backend...
2026-08-13 23:04:19 | INFO     | app.main:shutdown_event:99 - Shutting down AI Quiz Generator Backend...
2026-08-13 23:04:19 | INFO     | app.main:shutdown_event:106 - Vector database indexes saved
2026-08-13 23:04:19 | INFO     | app.main:shutdown_event:110 - AI Quiz Generator Backend shut down successfully
2026-08-13 23:04:19 | INFO     | app.main:shutdown_event:106 - Vector database indexes saved
2026-08-13 23:04:19 | INFO     | app.main:shutdown_event:110 - AI Quiz Generator Backend shut down successfully
2026-08-13 23:04:19 | INFO     | app.main:shutdown_event:99 - Shutting down AI Quiz Generator Backend...
2026-08-13 23:04:19 | INFO     | app.main:shutdown_event:99 - Shutting down AI Quiz Generator Backend...
2026-08-13 23:04:19 | INFO     | app.main:shutdown_event:106 - Vector database indexes saved
2026-08-13 23:04:19 | INFO     | app.main:shutdown_event:110 - AI Quiz Generator Backend shut down successfully
2026-08-13 23:04:19 | INFO     | app.main:shutdown_event:106 - Vector database indexes saved
2026-08-13 23:04:19 | INFO     | app.main:shutdown_event:99 - Shutting down AI Quiz Generator Backend...
2026-08-13 23:04:19 | INFO     | app.main:shutdown_event:110 - AI Quiz Generator Backend shut down successfully
2026-08-13 23:04:19 | INFO     | app.main:shutdown_event:106 - Vector database indexes saved
2026-08-13 23:04:19 | INFO     | app.main:shutdown_event:110 - AI Quiz Generator Backend shut down successfully
2026-08-13 23:04:19 | INFO     | app.main:shutdown_event:99 - Shutting down AI Quiz Generator Backend...
2026-08-13 23:04:19 | INFO     | app.main:shutdown_event:106 - Vector database indexes saved
2026-08-13 23:04:19 | INFO     | app.main:shutdown_event:110 - AI Quiz Generator Backend shut down successfully
2026-08-13 23:05:20 | INFO     | app.main:startup_event:55 - Starting AI Quiz Generator Backend...
2026-08-13 23:05:20 | INFO     | app.main:startup_event:61 - PostgreSQL database tables created successfully
2026-08-13 23:05:32 | INFO     | app.main:startup_event:55 - Starting AI Quiz Generator Backend...
2026-08-13 23:05:32 | INFO     | app.main:startup_event:61 - PostgreSQL database tables created successfully
2026-08-13 23:06:28 | INFO     | app.main:startup_event:55 - Starting AI Quiz Generator Backend...
2026-08-13 23:06:28 | INFO     | app.main:startup_event:61 - PostgreSQL database tables created successfully
2026-08-13 23:06:29 | INFO     | app.main:startup_event:55 - Starting AI Quiz Generator Backend...
2026-08-13 23:06:29 | INFO     | app.main:startup_event:61 - PostgreSQL database tables created successfully
2026-08-13 23:06:44 | INFO     | app.main:startup_event:55 - Starting AI Quiz Generator Backend...
2026-08-13 23:06:44 | INFO     | app.main:startup_event:61 - PostgreSQL database tables created successfully
2026-08-13 23:06:44 | INFO     | app.main:startup_event:55 - Starting AI Quiz Generator Backend...
2026-08-13 23:06:44 | INFO     | app.main:startup_event:61 - PostgreSQL database tables created successfully
2026-08-13 23:06:48 | INFO     | app.main:startup_event:55 - Starting AI Quiz Generator Backend...
2026-08-13 23:06:48 | INFO     | app.main:startup_event:61 - PostgreSQL database tables created successfully
2026-08-13 23:06:49 | INFO     | app.database.mongodb_connection:init_mongodb:23 - MongoDB connection established successfully
2026-08-13 23:06:49 | ERROR    | app.database.mongodb_connection:init_mongodb:42 - Failed to initialize MongoDB: No default database defined
2026-08-13 23:06:49 | WARNING  | app.database.mongodb_connection:init_mongodb:43 - Application will continue without MongoDB features
2026-08-13 23:06:49 | INFO     | app.nlp.embedding:_load_model:39 - Loading embedding model: all-MiniLM-L6-v2
2026-08-13 23:06:55 | INFO     | app.main:startup_event:55 - Starting AI Quiz Generator Backend...
2026-08-13 23:06:55 | INFO     | app.main:startup_event:61 - PostgreSQL database tables created successfully
2026-08-13 23:06:57 | INFO     | app.main:startup_event:55 - Starting AI Quiz Generator Backend...
2026-08-13 23:06:57 | INFO     | app.main:startup_event:61 - PostgreSQL database tables created successfully
2026-08-13 23:06:59 | INFO     | app.main:startup_event:55 - Starting AI Quiz Generator Backend...
2026-08-13 23:06:59 | INFO     | app.main:startup_event:61 - PostgreSQL database tables created successfully
2026-08-13 23:07:01 | INFO     | app.nlp.embedding:_load_model:42 - Model loaded successfully. Dimension: 384
2026-08-13 23:07:01 | INFO     | app.utils.vector_db:_initialize_index:39 - Initialized FAISS index with type: flat
2026-08-13 23:07:01 | INFO     | app.main:startup_event:79 - Vector database initialized
2026-08-13 23:07:05 | ERROR    | app.utils.cache:_connect:27 - Failed to connect to Redis: Error 10061 connecting to localhost:6379. No connection could be made because the target machine actively refused it.
2026-08-13 23:07:05 | WARNING  | app.main:startup_event:89 - Redis cache not available
2026-08-13 23:07:05 | INFO     | app.main:startup_event:93 - AI Quiz Generator Backend started successfully
2026-08-13 23:07:18 | INFO     | app.main:startup_event:55 - Starting AI Quiz Generator Backend...
2026-08-13 23:07:18 | INFO     | app.main:startup_event:61 - PostgreSQL database tables created successfully
2026-08-13 23:07:21 | INFO     | app.database.mongodb_connection:init_mongodb:23 - MongoDB connection established successfully
2026-08-13 23:07:21 | ERROR    | app.database.mongodb_connection:init_mongodb:42 - Failed to initialize MongoDB: No default database defined
2026-08-13 23:07:21 | WARNING  | app.database.mongodb_connection:init_mongodb:43 - Application will continue without MongoDB features
2026-08-13 23:07:21 | INFO     | app.nlp.embedding:_load_model:39 - Loading embedding model: all-MiniLM-L6-v2
2026-08-13 23:07:22 | INFO     | app.main:startup_event:55 - Starting AI Quiz Generator Backend...
2026-08-13 23:07:22 | INFO     | app.main:startup_event:61 - PostgreSQL database tables created successfully
2026-08-13 23:07:25 | INFO     | app.database.mongodb_connection:init_mongodb:23 - MongoDB connection established successfully
2026-08-13 23:07:25 | ERROR    | app.database.mongodb_connection:init_mongodb:42 - Failed to initialize MongoDB: No default database defined
2026-08-13 23:07:25 | WARNING  | app.database.mongodb_connection:init_mongodb:43 - Application will continue without MongoDB features
2026-08-13 23:07:25 | INFO     | app.nlp.embedding:_load_model:39 - Loading embedding model: all-MiniLM-L6-v2
2026-08-13 23:07:27 | INFO     | app.main:startup_event:55 - Starting AI Quiz Generator Backend...
2026-08-13 23:07:27 | INFO     | app.main:startup_event:61 - PostgreSQL database tables created successfully
2026-08-13 23:07:29 | INFO     | app.nlp.embedding:_load_model:42 - Model loaded successfully. Dimension: 384
2026-08-13 23:07:29 | INFO     | app.utils.vector_db:_initialize_index:39 - Initialized FAISS index with type: flat
2026-08-13 23:07:29 | INFO     | app.main:startup_event:79 - Vector database initialized
2026-08-13 23:07:31 | INFO     | app.database.mongodb_connection:init_mongodb:23 - MongoDB connection established successfully
2026-08-13 23:07:31 | ERROR    | app.database.mongodb_connection:init_mongodb:42 - Failed to initialize MongoDB: No default database defined
2026-08-13 23:07:31 | WARNING  | app.database.mongodb_connection:init_mongodb:43 - Application will continue without MongoDB features
2026-08-13 23:07:31 | INFO     | app.nlp.embedding:_load_model:39 - Loading embedding model: all-MiniLM-L6-v2
2026-08-13 23:07:31 | INFO     | app.main:shutdown_event:99 - Shutting down AI Quiz Generator Backend...
2026-08-13 23:07:31 | INFO     | app.main:shutdown_event:106 - Vector database indexes saved
2026-08-13 23:07:31 | INFO     | app.main:shutdown_event:110 - AI Quiz Generator Backend shut down successfully
2026-08-13 23:07:33 | INFO     | app.nlp.embedding:_load_model:42 - Model loaded successfully. Dimension: 384
2026-08-13 23:07:33 | INFO     | app.utils.vector_db:_initialize_index:39 - Initialized FAISS index with type: flat
2026-08-13 23:07:33 | INFO     | app.main:startup_event:79 - Vector database initialized
2026-08-13 23:07:34 | ERROR    | app.utils.cache:_connect:27 - Failed to connect to Redis: Error 10061 connecting to localhost:6379. No connection could be made because the target machine actively refused it.
2026-08-13 23:07:34 | WARNING  | app.main:startup_event:89 - Redis cache not available
2026-08-13 23:07:34 | INFO     | app.main:startup_event:93 - AI Quiz Generator Backend started successfully
2026-08-13 23:07:37 | ERROR    | app.utils.cache:_connect:27 - Failed to connect to Redis: Error 10061 connecting to localhost:6379. No connection could be made because the target machine actively refused it.
2026-08-13 23:07:37 | WARNING  | app.main:startup_event:89 - Redis cache not available
2026-08-13 23:07:37 | INFO     | app.main:startup_event:93 - AI Quiz Generator Backend started successfully
2026-08-13 23:07:39 | INFO     | app.nlp.embedding:_load_model:42 - Model loaded successfully. Dimension: 384
2026-08-13 23:07:39 | INFO     | app.utils.vector_db:_initialize_index:39 - Initialized FAISS index with type: flat
2026-08-13 23:07:39 | INFO     | app.main:startup_event:79 - Vector database initialized
2026-08-13 23:07:43 | ERROR    | app.utils.cache:_connect:27 - Failed to connect to Redis: Error 10061 connecting to localhost:6379. No connection could be made because the target machine actively refused it.
2026-08-13 23:07:43 | WARNING  | app.main:startup_event:89 - Redis cache not available
2026-08-13 23:07:43 | INFO     | app.main:startup_event:93 - AI Quiz Generator Backend started successfully
2026-08-13 23:07:51 | INFO     | app.main:shutdown_event:99 - Shutting down AI Quiz Generator Backend...
2026-08-13 23:07:51 | INFO     | app.main:shutdown_event:106 - Vector database indexes saved
2026-08-13 23:07:51 | INFO     | app.main:shutdown_event:110 - AI Quiz Generator Backend shut down successfully
2026-08-13 23:07:55 | INFO     | app.main:shutdown_event:99 - Shutting down AI Quiz Generator Backend...
2026-08-13 23:07:55 | INFO     | app.main:shutdown_event:106 - Vector database indexes saved
2026-08-13 23:07:55 | INFO     | app.main:shutdown_event:110 - AI Quiz Generator Backend shut down successfully
2026-08-13 23:08:05 | INFO     | app.main:shutdown_event:99 - Shutting down AI Quiz Generator Backend...
2026-08-13 23:08:05 | INFO     | app.main:shutdown_event:106 - Vector database indexes saved
2026-08-13 23:08:05 | INFO     | app.main:shutdown_event:110 - AI Quiz Generator Backend shut down successfully
2026-08-13 23:08:15 | INFO     | app.main:startup_event:55 - Starting AI Quiz Generator Backend...
2026-08-13 23:08:15 | INFO     | app.main:startup_event:61 - PostgreSQL database tables created successfully
2026-08-13 23:08:17 | INFO     | app.main:startup_event:55 - Starting AI Quiz Generator Backend...
2026-08-13 23:08:17 | INFO     | app.main:startup_event:61 - PostgreSQL database tables created successfully
2026-08-13 23:08:37 | INFO     | app.main:startup_event:55 - Starting AI Quiz Generator Backend...
2026-08-13 23:08:37 | INFO     | app.main:startup_event:61 - PostgreSQL database tables created successfully
2026-08-13 23:08:41 | INFO     | app.main:startup_event:55 - Starting AI Quiz Generator Backend...
2026-08-13 23:08:41 | INFO     | app.main:startup_event:61 - PostgreSQL database tables created successfully
2026-08-13 23:08:41 | INFO     | app.main:startup_event:55 - Starting AI Quiz Generator Backend...
2026-08-13 23:08:41 | INFO     | app.main:startup_event:61 - PostgreSQL database tables created successfully
2026-08-13 23:08:42 | INFO     | app.main:startup_event:55 - Starting AI Quiz Generator Backend...
2026-08-13 23:08:42 | INFO     | app.main:startup_event:61 - PostgreSQL database tables created successfully
2026-08-13 23:08:43 | INFO     | app.main:startup_event:55 - Starting AI Quiz Generator Backend...
2026-08-13 23:08:43 | INFO     | app.main:startup_event:61 - PostgreSQL database tables created successfully
2026-08-13 23:09:19 | INFO     | app.main:startup_event:55 - Starting AI Quiz Generator Backend...
2026-08-13 23:09:19 | INFO     | app.main:startup_event:61 - PostgreSQL database tables created successfully
2026-08-13 23:09:34 | INFO     | app.main:startup_event:55 - Starting AI Quiz Generator Backend...
2026-08-13 23:09:35 | INFO     | app.main:startup_event:61 - PostgreSQL database tables created successfully
2026-08-13 23:09:39 | INFO     | app.database.mongodb_connection:init_mongodb:23 - MongoDB connection established successfully
2026-08-13 23:09:39 | ERROR    | app.database.mongodb_connection:init_mongodb:43 - Failed to initialize MongoDB: MotorDatabase object is not callable. If you meant to call the 'append_metadata' method on a AsyncIOMotorClient object it is failing because no such method exists.
2026-08-13 23:09:39 | WARNING  | app.database.mongodb_connection:init_mongodb:44 - Application will continue without MongoDB features
2026-08-13 23:09:39 | INFO     | app.nlp.embedding:_load_model:39 - Loading embedding model: all-MiniLM-L6-v2
2026-08-13 23:09:40 | INFO     | app.main:startup_event:55 - Starting AI Quiz Generator Backend...
2026-08-13 23:09:40 | INFO     | app.main:startup_event:61 - PostgreSQL database tables created successfully
2026-08-13 23:09:44 | INFO     | app.database.mongodb_connection:init_mongodb:23 - MongoDB connection established successfully
2026-08-13 23:09:44 | ERROR    | app.database.mongodb_connection:init_mongodb:43 - Failed to initialize MongoDB: MotorDatabase object is not callable. If you meant to call the 'append_metadata' method on a AsyncIOMotorClient object it is failing because no such method exists.
2026-08-13 23:09:44 | WARNING  | app.database.mongodb_connection:init_mongodb:44 - Application will continue without MongoDB features
2026-08-13 23:09:44 | INFO     | app.nlp.embedding:_load_model:39 - Loading embedding model: all-MiniLM-L6-v2
2026-08-13 23:09:45 | INFO     | app.main:shutdown_event:99 - Shutting down AI Quiz Generator Backend...
2026-08-13 23:09:45 | INFO     | app.main:shutdown_event:106 - Vector database indexes saved
2026-08-13 23:09:45 | INFO     | app.main:shutdown_event:110 - AI Quiz Generator Backend shut down successfully
2026-08-13 23:09:46 | INFO     | app.main:startup_event:55 - Starting AI Quiz Generator Backend...
2026-08-13 23:09:46 | INFO     | app.main:startup_event:61 - PostgreSQL database tables created successfully
2026-08-13 23:09:49 | INFO     | app.nlp.embedding:_load_model:42 - Model loaded successfully. Dimension: 384
2026-08-13 23:09:49 | INFO     | app.utils.vector_db:_initialize_index:39 - Initialized FAISS index with type: flat
2026-08-13 23:09:49 | INFO     | app.main:startup_event:79 - Vector database initialized
2026-08-13 23:09:51 | INFO     | app.database.mongodb_connection:init_mongodb:23 - MongoDB connection established successfully
2026-08-13 23:09:51 | ERROR    | app.database.mongodb_connection:init_mongodb:43 - Failed to initialize MongoDB: MotorDatabase object is not callable. If you meant to call the 'append_metadata' method on a AsyncIOMotorClient object it is failing because no such method exists.
2026-08-13 23:09:51 | WARNING  | app.database.mongodb_connection:init_mongodb:44 - Application will continue without MongoDB features
2026-08-13 23:09:51 | INFO     | app.nlp.embedding:_load_model:39 - Loading embedding model: all-MiniLM-L6-v2
2026-08-13 23:09:53 | ERROR    | app.utils.cache:_connect:27 - Failed to connect to Redis: Error 10061 connecting to localhost:6379. No connection could be made because the target machine actively refused it.
2026-08-13 23:09:53 | WARNING  | app.main:startup_event:89 - Redis cache not available
2026-08-13 23:09:53 | INFO     | app.main:startup_event:93 - AI Quiz Generator Backend started successfully
2026-08-13 23:09:54 | INFO     | app.nlp.embedding:_load_model:42 - Model loaded successfully. Dimension: 384
2026-08-13 23:09:54 | INFO     | app.utils.vector_db:_initialize_index:39 - Initialized FAISS index with type: flat
2026-08-13 23:09:54 | INFO     | app.main:startup_event:79 - Vector database initialized
2026-08-13 23:09:58 | ERROR    | app.utils.cache:_connect:27 - Failed to connect to Redis: Error 10061 connecting to localhost:6379. No connection could be made because the target machine actively refused it.
2026-08-13 23:09:58 | WARNING  | app.main:startup_event:89 - Redis cache not available
2026-08-13 23:09:58 | INFO     | app.main:startup_event:93 - AI Quiz Generator Backend started successfully
2026-08-13 23:10:02 | INFO     | app.nlp.embedding:_load_model:42 - Model loaded successfully. Dimension: 384
2026-08-13 23:10:02 | INFO     | app.utils.vector_db:_initialize_index:39 - Initialized FAISS index with type: flat
2026-08-13 23:10:02 | INFO     | app.main:startup_event:79 - Vector database initialized
2026-08-13 23:10:03 | INFO     | app.main:startup_event:55 - Starting AI Quiz Generator Backend...
2026-08-13 23:10:03 | INFO     | app.main:startup_event:61 - PostgreSQL database tables created successfully
2026-08-13 23:10:06 | INFO     | app.database.mongodb_connection:init_mongodb:23 - MongoDB connection established successfully
2026-08-13 23:10:06 | ERROR    | app.database.mongodb_connection:init_mongodb:43 - Failed to initialize MongoDB: MotorDatabase object is not callable. If you meant to call the 'append_metadata' method on a AsyncIOMotorClient object it is failing because no such method exists.
2026-08-13 23:10:06 | WARNING  | app.database.mongodb_connection:init_mongodb:44 - Application will continue without MongoDB features
2026-08-13 23:10:06 | INFO     | app.nlp.embedding:_load_model:39 - Loading embedding model: all-MiniLM-L6-v2
2026-08-13 23:10:06 | ERROR    | app.utils.cache:_connect:27 - Failed to connect to Redis: Error 10061 connecting to localhost:6379. No connection could be made because the target machine actively refused it.
2026-08-13 23:10:06 | WARNING  | app.main:startup_event:89 - Redis cache not available
2026-08-13 23:10:06 | INFO     | app.main:startup_event:93 - AI Quiz Generator Backend started successfully
2026-08-13 23:10:14 | INFO     | app.main:startup_event:55 - Starting AI Quiz Generator Backend...
2026-08-13 23:10:14 | INFO     | app.main:startup_event:61 - PostgreSQL database tables created successfully
2026-08-13 23:10:16 | INFO     | app.nlp.embedding:_load_model:42 - Model loaded successfully. Dimension: 384
2026-08-13 23:10:16 | INFO     | app.utils.vector_db:_initialize_index:39 - Initialized FAISS index with type: flat
2026-08-13 23:10:16 | INFO     | app.main:startup_event:79 - Vector database initialized
2026-08-13 23:10:20 | INFO     | app.database.mongodb_connection:init_mongodb:23 - MongoDB connection established successfully
2026-08-13 23:10:20 | ERROR    | app.database.mongodb_connection:init_mongodb:43 - Failed to initialize MongoDB: MotorDatabase object is not callable. If you meant to call the 'append_metadata' method on a AsyncIOMotorClient object it is failing because no such method exists.
2026-08-13 23:10:20 | WARNING  | app.database.mongodb_connection:init_mongodb:44 - Application will continue without MongoDB features
2026-08-13 23:10:20 | INFO     | app.nlp.embedding:_load_model:39 - Loading embedding model: all-MiniLM-L6-v2
2026-08-13 23:10:20 | ERROR    | app.utils.cache:_connect:27 - Failed to connect to Redis: Error 10061 connecting to localhost:6379. No connection could be made because the target machine actively refused it.
2026-08-13 23:10:20 | WARNING  | app.main:startup_event:89 - Redis cache not available
2026-08-13 23:10:20 | INFO     | app.main:startup_event:93 - AI Quiz Generator Backend started successfully
2026-08-13 23:10:22 | INFO     | app.main:shutdown_event:99 - Shutting down AI Quiz Generator Backend...
2026-08-13 23:10:22 | INFO     | app.main:shutdown_event:106 - Vector database indexes saved
2026-08-13 23:10:22 | INFO     | app.main:shutdown_event:110 - AI Quiz Generator Backend shut down successfully
2026-08-13 23:10:32 | INFO     | app.nlp.embedding:_load_model:42 - Model loaded successfully. Dimension: 384
2026-08-13 23:10:32 | INFO     | app.utils.vector_db:_initialize_index:39 - Initialized FAISS index with type: flat
2026-08-13 23:10:32 | INFO     | app.main:startup_event:79 - Vector database initialized
2026-08-13 23:10:37 | ERROR    | app.utils.cache:_connect:27 - Failed to connect to Redis: Error 10061 connecting to localhost:6379. No connection could be made because the target machine actively refused it.
2026-08-13 23:10:37 | WARNING  | app.main:startup_event:89 - Redis cache not available
2026-08-13 23:10:37 | INFO     | app.main:startup_event:93 - AI Quiz Generator Backend started successfully
2026-08-13 23:10:37 | INFO     | app.main:shutdown_event:99 - Shutting down AI Quiz Generator Backend...
2026-08-13 23:10:37 | INFO     | app.main:shutdown_event:106 - Vector database indexes saved
2026-08-13 23:10:37 | INFO     | app.main:shutdown_event:110 - AI Quiz Generator Backend shut down successfully
2026-08-13 23:11:01 | INFO     | app.main:startup_event:55 - Starting AI Quiz Generator Backend...
2026-08-13 23:11:01 | INFO     | app.main:startup_event:61 - PostgreSQL database tables created successfully
2026-08-13 23:11:03 | INFO     | app.main:startup_event:55 - Starting AI Quiz Generator Backend...
2026-08-13 23:11:03 | INFO     | app.main:startup_event:61 - PostgreSQL database tables created successfully
2026-08-13 23:11:03 | INFO     | app.main:startup_event:55 - Starting AI Quiz Generator Backend...
2026-08-13 23:11:03 | INFO     | app.main:startup_event:61 - PostgreSQL database tables created successfully
2026-08-13 23:11:04 | INFO     | app.main:startup_event:55 - Starting AI Quiz Generator Backend...
2026-08-13 23:11:04 | INFO     | app.main:startup_event:61 - PostgreSQL database tables created successfully
2026-08-13 23:11:06 | INFO     | app.main:startup_event:55 - Starting AI Quiz Generator Backend...
2026-08-13 23:11:06 | INFO     | app.main:startup_event:61 - PostgreSQL database tables created successfully
2026-08-13 23:11:32 | INFO     | app.main:startup_event:55 - Starting AI Quiz Generator Backend...
2026-08-13 23:11:32 | INFO     | app.main:startup_event:61 - PostgreSQL database tables created successfully
2026-08-13 23:11:49 | INFO     | app.main:startup_event:55 - Starting AI Quiz Generator Backend...
2026-08-13 23:11:49 | INFO     | app.main:startup_event:61 - PostgreSQL database tables created successfully
2026-08-13 23:12:12 | INFO     | app.main:startup_event:55 - Starting AI Quiz Generator Backend...
2026-08-13 23:12:12 | INFO     | app.main:startup_event:61 - PostgreSQL database tables created successfully
2026-08-13 23:12:12 | INFO     | app.main:startup_event:55 - Starting AI Quiz Generator Backend...
2026-08-13 23:12:12 | INFO     | app.main:startup_event:61 - PostgreSQL database tables created successfully
2026-08-13 23:12:16 | INFO     | app.database.mongodb_connection:init_mongodb:23 - MongoDB connection established successfully
2026-08-13 23:12:16 | ERROR    | app.database.mongodb_connection:init_mongodb:43 - Failed to initialize MongoDB: MotorDatabase object is not callable. If you meant to call the 'append_metadata' method on a AsyncIOMotorClient object it is failing because no such method exists.
2026-08-13 23:12:16 | WARNING  | app.database.mongodb_connection:init_mongodb:44 - Application will continue without MongoDB features
2026-08-13 23:12:16 | INFO     | app.nlp.embedding:_load_model:39 - Loading embedding model: all-MiniLM-L6-v2
2026-08-13 23:12:16 | INFO     | app.database.mongodb_connection:init_mongodb:23 - MongoDB connection established successfully
2026-08-13 23:12:16 | ERROR    | app.database.mongodb_connection:init_mongodb:43 - Failed to initialize MongoDB: MotorDatabase object is not callable. If you meant to call the 'append_metadata' method on a AsyncIOMotorClient object it is failing because no such method exists.
2026-08-13 23:12:16 | WARNING  | app.database.mongodb_connection:init_mongodb:44 - Application will continue without MongoDB features
2026-08-13 23:12:17 | INFO     | app.nlp.embedding:_load_model:39 - Loading embedding model: all-MiniLM-L6-v2
2026-08-13 23:12:26 | INFO     | app.nlp.embedding:_load_model:42 - Model loaded successfully. Dimension: 384
2026-08-13 23:12:26 | INFO     | app.utils.vector_db:_initialize_index:39 - Initialized FAISS index with type: flat
2026-08-13 23:12:26 | INFO     | app.main:startup_event:79 - Vector database initialized
2026-08-13 23:12:26 | INFO     | app.nlp.embedding:_load_model:42 - Model loaded successfully. Dimension: 384
2026-08-13 23:12:26 | INFO     | app.utils.vector_db:_initialize_index:39 - Initialized FAISS index with type: flat
2026-08-13 23:12:26 | INFO     | app.main:startup_event:79 - Vector database initialized
2026-08-13 23:12:30 | ERROR    | app.utils.cache:_connect:27 - Failed to connect to Redis: Error 10061 connecting to localhost:6379. No connection could be made because the target machine actively refused it.
2026-08-13 23:12:30 | WARNING  | app.main:startup_event:89 - Redis cache not available
2026-08-13 23:12:30 | INFO     | app.main:startup_event:93 - AI Quiz Generator Backend started successfully
2026-08-13 23:12:31 | ERROR    | app.utils.cache:_connect:27 - Failed to connect to Redis: Error 10061 connecting to localhost:6379. No connection could be made because the target machine actively refused it.
2026-08-13 23:12:31 | WARNING  | app.main:startup_event:89 - Redis cache not available
2026-08-13 23:12:31 | INFO     | app.main:startup_event:93 - AI Quiz Generator Backend started successfully
2026-08-13 23:12:38 | INFO     | app.main:startup_event:55 - Starting AI Quiz Generator Backend...
2026-08-13 23:12:38 | INFO     | app.main:startup_event:61 - PostgreSQL database tables created successfully
2026-08-13 23:12:41 | INFO     | app.database.mongodb_connection:init_mongodb:23 - MongoDB connection established successfully
2026-08-13 23:12:41 | ERROR    | app.database.mongodb_connection:init_mongodb:43 - Failed to initialize MongoDB: MotorDatabase object is not callable. If you meant to call the 'append_metadata' method on a AsyncIOMotorClient object it is failing because no such method exists.
2026-08-13 23:12:41 | WARNING  | app.database.mongodb_connection:init_mongodb:44 - Application will continue without MongoDB features
2026-08-13 23:12:42 | INFO     | app.nlp.embedding:_load_model:39 - Loading embedding model: all-MiniLM-L6-v2
2026-08-13 23:12:50 | INFO     | app.main:startup_event:55 - Starting AI Quiz Generator Backend...
2026-08-13 23:12:50 | INFO     | app.main:startup_event:61 - PostgreSQL database tables created successfully
2026-08-13 23:12:50 | INFO     | app.main:startup_event:55 - Starting AI Quiz Generator Backend...
2026-08-13 23:12:50 | INFO     | app.main:startup_event:61 - PostgreSQL database tables created successfully
2026-08-13 23:12:51 | INFO     | app.nlp.embedding:_load_model:42 - Model loaded successfully. Dimension: 384
2026-08-13 23:12:51 | INFO     | app.utils.vector_db:_initialize_index:39 - Initialized FAISS index with type: flat
2026-08-13 23:12:51 | INFO     | app.main:startup_event:79 - Vector database initialized
2026-08-13 23:12:54 | INFO     | app.database.mongodb_connection:init_mongodb:23 - MongoDB connection established successfully
2026-08-13 23:12:54 | ERROR    | app.database.mongodb_connection:init_mongodb:43 - Failed to initialize MongoDB: MotorDatabase object is not callable. If you meant to call the 'append_metadata' method on a AsyncIOMotorClient object it is failing because no such method exists.
2026-08-13 23:12:54 | WARNING  | app.database.mongodb_connection:init_mongodb:44 - Application will continue without MongoDB features
2026-08-13 23:12:54 | INFO     | app.nlp.embedding:_load_model:39 - Loading embedding model: all-MiniLM-L6-v2
2026-08-13 23:12:55 | ERROR    | app.utils.cache:_connect:27 - Failed to connect to Redis: Error 10061 connecting to localhost:6379. No connection could be made because the target machine actively refused it.
2026-08-13 23:12:55 | WARNING  | app.main:startup_event:89 - Redis cache not available
2026-08-13 23:12:55 | INFO     | app.main:startup_event:93 - AI Quiz Generator Backend started successfully
2026-08-13 23:12:56 | INFO     | app.database.mongodb_connection:init_mongodb:23 - MongoDB connection established successfully
2026-08-13 23:12:56 | ERROR    | app.database.mongodb_connection:init_mongodb:43 - Failed to initialize MongoDB: MotorDatabase object is not callable. If you meant to call the 'append_metadata' method on a AsyncIOMotorClient object it is failing because no such method exists.
2026-08-13 23:12:56 | WARNING  | app.database.mongodb_connection:init_mongodb:44 - Application will continue without MongoDB features
2026-08-13 23:12:56 | INFO     | app.nlp.embedding:_load_model:39 - Loading embedding model: all-MiniLM-L6-v2
2026-08-13 23:12:56 | INFO     | app.main:startup_event:55 - Starting AI Quiz Generator Backend...
2026-08-13 23:12:57 | INFO     | app.main:startup_event:61 - PostgreSQL database tables created successfully
2026-08-13 23:13:00 | INFO     | app.main:startup_event:55 - Starting AI Quiz Generator Backend...
2026-08-13 23:13:00 | INFO     | app.main:startup_event:61 - PostgreSQL database tables created successfully
2026-08-13 23:13:01 | INFO     | app.main:shutdown_event:99 - Shutting down AI Quiz Generator Backend...
2026-08-13 23:13:01 | INFO     | app.main:shutdown_event:106 - Vector database indexes saved
2026-08-13 23:13:01 | INFO     | app.main:shutdown_event:110 - AI Quiz Generator Backend shut down successfully
2026-08-13 23:13:07 | INFO     | app.nlp.embedding:_load_model:42 - Model loaded successfully. Dimension: 384
2026-08-13 23:13:07 | INFO     | app.utils.vector_db:_initialize_index:39 - Initialized FAISS index with type: flat
2026-08-13 23:13:07 | INFO     | app.main:startup_event:79 - Vector database initialized
2026-08-13 23:13:09 | INFO     | app.nlp.embedding:_load_model:42 - Model loaded successfully. Dimension: 384
2026-08-13 23:13:09 | INFO     | app.utils.vector_db:_initialize_index:39 - Initialized FAISS index with type: flat
2026-08-13 23:13:09 | INFO     | app.main:startup_event:79 - Vector database initialized
2026-08-13 23:13:12 | ERROR    | app.utils.cache:_connect:27 - Failed to connect to Redis: Error 10061 connecting to localhost:6379. No connection could be made because the target machine actively refused it.
2026-08-13 23:13:12 | WARNING  | app.main:startup_event:89 - Redis cache not available
2026-08-13 23:13:12 | INFO     | app.main:startup_event:93 - AI Quiz Generator Backend started successfully
2026-08-13 23:13:12 | INFO     | app.main:shutdown_event:99 - Shutting down AI Quiz Generator Backend...
2026-08-13 23:13:12 | INFO     | app.main:shutdown_event:106 - Vector database indexes saved
2026-08-13 23:13:12 | INFO     | app.main:shutdown_event:110 - AI Quiz Generator Backend shut down successfully
2026-08-13 23:13:12 | INFO     | app.main:startup_event:55 - Starting AI Quiz Generator Backend...
2026-08-13 23:13:12 | INFO     | app.main:startup_event:61 - PostgreSQL database tables created successfully
2026-08-13 23:13:12 | INFO     | app.main:shutdown_event:99 - Shutting down AI Quiz Generator Backend...
2026-08-13 23:13:12 | INFO     | app.main:shutdown_event:106 - Vector database indexes saved
2026-08-13 23:13:12 | INFO     | app.main:shutdown_event:110 - AI Quiz Generator Backend shut down successfully
2026-08-13 23:13:13 | ERROR    | app.utils.cache:_connect:27 - Failed to connect to Redis: Error 10061 connecting to localhost:6379. No connection could be made because the target machine actively refused it.
2026-08-13 23:13:13 | WARNING  | app.main:startup_event:89 - Redis cache not available
2026-08-13 23:13:13 | INFO     | app.main:startup_event:93 - AI Quiz Generator Backend started successfully
2026-08-13 23:13:13 | INFO     | app.main:shutdown_event:99 - Shutting down AI Quiz Generator Backend...
2026-08-13 23:13:13 | INFO     | app.main:shutdown_event:106 - Vector database indexes saved
2026-08-13 23:13:13 | INFO     | app.main:shutdown_event:110 - AI Quiz Generator Backend shut down successfully
2026-08-13 23:13:27 | INFO     | app.main:shutdown_event:99 - Shutting down AI Quiz Generator Backend...
2026-08-13 23:13:28 | INFO     | app.main:shutdown_event:106 - Vector database indexes saved
2026-08-13 23:13:28 | INFO     | app.main:shutdown_event:110 - AI Quiz Generator Backend shut down successfully
2026-08-13 23:13:34 | INFO     | app.main:startup_event:55 - Starting AI Quiz Generator Backend...
2026-08-13 23:13:34 | INFO     | app.main:startup_event:61 - PostgreSQL database tables created successfully
2026-08-13 23:14:45 | INFO     | app.main:startup_event:55 - Starting AI Quiz Generator Backend...
2026-08-13 23:14:46 | INFO     | app.main:startup_event:61 - PostgreSQL database tables created successfully
2026-08-13 23:14:46 | INFO     | app.main:startup_event:55 - Starting AI Quiz Generator Backend...
2026-08-13 23:14:46 | INFO     | app.main:startup_event:61 - PostgreSQL database tables created successfully
2026-08-13 23:14:46 | INFO     | app.main:startup_event:55 - Starting AI Quiz Generator Backend...
2026-08-13 23:14:46 | INFO     | app.main:startup_event:61 - PostgreSQL database tables created successfully
2026-08-13 23:14:51 | INFO     | app.database.mongodb_connection:init_mongodb:23 - MongoDB connection established successfully
2026-08-13 23:14:51 | ERROR    | app.database.mongodb_connection:init_mongodb:48 - Failed to initialize MongoDB: database name cannot be the empty string
2026-08-13 23:14:51 | WARNING  | app.database.mongodb_connection:init_mongodb:49 - Application will continue without MongoDB features
2026-08-13 23:14:51 | INFO     | app.database.mongodb_connection:init_mongodb:23 - MongoDB connection established successfully
2026-08-13 23:14:51 | ERROR    | app.database.mongodb_connection:init_mongodb:48 - Failed to initialize MongoDB: database name cannot be the empty string
2026-08-13 23:14:51 | WARNING  | app.database.mongodb_connection:init_mongodb:49 - Application will continue without MongoDB features
2026-08-13 23:14:52 | INFO     | app.nlp.embedding:_load_model:39 - Loading embedding model: all-MiniLM-L6-v2
2026-08-13 23:14:52 | INFO     | app.nlp.embedding:_load_model:39 - Loading embedding model: all-MiniLM-L6-v2
2026-08-13 23:15:05 | INFO     | app.nlp.embedding:_load_model:42 - Model loaded successfully. Dimension: 384
2026-08-13 23:15:05 | INFO     | app.utils.vector_db:_initialize_index:39 - Initialized FAISS index with type: flat
2026-08-13 23:15:05 | INFO     | app.main:startup_event:79 - Vector database initialized
2026-08-13 23:15:06 | INFO     | app.nlp.embedding:_load_model:42 - Model loaded successfully. Dimension: 384
2026-08-13 23:15:06 | INFO     | app.utils.vector_db:_initialize_index:39 - Initialized FAISS index with type: flat
2026-08-13 23:15:06 | INFO     | app.main:startup_event:79 - Vector database initialized
2026-08-13 23:15:06 | INFO     | app.main:startup_event:55 - Starting AI Quiz Generator Backend...
2026-08-13 23:15:06 | INFO     | app.main:startup_event:61 - PostgreSQL database tables created successfully
2026-08-13 23:15:08 | INFO     | app.main:startup_event:55 - Starting AI Quiz Generator Backend...
2026-08-13 23:15:08 | INFO     | app.main:startup_event:61 - PostgreSQL database tables created successfully
2026-08-13 23:15:09 | INFO     | app.main:startup_event:55 - Starting AI Quiz Generator Backend...
2026-08-13 23:15:09 | INFO     | app.main:startup_event:61 - PostgreSQL database tables created successfully
2026-08-13 23:15:10 | ERROR    | app.utils.cache:_connect:27 - Failed to connect to Redis: Error 10061 connecting to localhost:6379. No connection could be made because the target machine actively refused it.
2026-08-13 23:15:10 | WARNING  | app.main:startup_event:89 - Redis cache not available
2026-08-13 23:15:10 | INFO     | app.main:startup_event:93 - AI Quiz Generator Backend started successfully
2026-08-13 23:15:10 | ERROR    | app.utils.cache:_connect:27 - Failed to connect to Redis: Error 10061 connecting to localhost:6379. No connection could be made because the target machine actively refused it.
2026-08-13 23:15:10 | WARNING  | app.main:startup_event:89 - Redis cache not available
2026-08-13 23:15:10 | INFO     | app.main:startup_event:93 - AI Quiz Generator Backend started successfully
2026-08-13 23:15:10 | INFO     | app.main:shutdown_event:99 - Shutting down AI Quiz Generator Backend...
2026-08-13 23:15:10 | INFO     | app.main:shutdown_event:106 - Vector database indexes saved
2026-08-13 23:15:10 | INFO     | app.main:shutdown_event:110 - AI Quiz Generator Backend shut down successfully
2026-08-13 23:15:11 | INFO     | app.main:startup_event:55 - Starting AI Quiz Generator Backend...
2026-08-13 23:15:11 | INFO     | app.main:startup_event:61 - PostgreSQL database tables created successfully
2026-08-13 23:15:11 | INFO     | app.database.mongodb_connection:init_mongodb:23 - MongoDB connection established successfully
2026-08-13 23:15:11 | ERROR    | app.database.mongodb_connection:init_mongodb:48 - Failed to initialize MongoDB: database name cannot be the empty string
2026-08-13 23:15:11 | WARNING  | app.database.mongodb_connection:init_mongodb:49 - Application will continue without MongoDB features
2026-08-13 23:15:12 | INFO     | app.nlp.embedding:_load_model:39 - Loading embedding model: all-MiniLM-L6-v2
2026-08-13 23:15:13 | INFO     | app.database.mongodb_connection:init_mongodb:23 - MongoDB connection established successfully
2026-08-13 23:15:13 | ERROR    | app.database.mongodb_connection:init_mongodb:48 - Failed to initialize MongoDB: database name cannot be the empty string
2026-08-13 23:15:13 | WARNING  | app.database.mongodb_connection:init_mongodb:49 - Application will continue without MongoDB features
2026-08-13 23:15:13 | INFO     | app.main:startup_event:55 - Starting AI Quiz Generator Backend...
2026-08-13 23:15:13 | INFO     | app.main:startup_event:61 - PostgreSQL database tables created successfully
2026-08-13 23:15:13 | INFO     | app.nlp.embedding:_load_model:39 - Loading embedding model: all-MiniLM-L6-v2
2026-08-13 23:15:22 | INFO     | app.nlp.embedding:_load_model:42 - Model loaded successfully. Dimension: 384
2026-08-13 23:15:22 | INFO     | app.utils.vector_db:_initialize_index:39 - Initialized FAISS index with type: flat
2026-08-13 23:15:22 | INFO     | app.main:startup_event:79 - Vector database initialized
2026-08-13 23:15:23 | INFO     | app.nlp.embedding:_load_model:42 - Model loaded successfully. Dimension: 384
2026-08-13 23:15:23 | INFO     | app.utils.vector_db:_initialize_index:39 - Initialized FAISS index with type: flat
2026-08-13 23:15:23 | INFO     | app.main:startup_event:79 - Vector database initialized
2026-08-13 23:15:24 | INFO     | app.main:startup_event:55 - Starting AI Quiz Generator Backend...
2026-08-13 23:15:24 | INFO     | app.main:startup_event:61 - PostgreSQL database tables created successfully
2026-08-13 23:15:26 | INFO     | app.database.mongodb_connection:init_mongodb:23 - MongoDB connection established successfully
2026-08-13 23:15:26 | ERROR    | app.database.mongodb_connection:init_mongodb:48 - Failed to initialize MongoDB: database name cannot be the empty string
2026-08-13 23:15:26 | WARNING  | app.database.mongodb_connection:init_mongodb:49 - Application will continue without MongoDB features
2026-08-13 23:15:26 | INFO     | app.nlp.embedding:_load_model:39 - Loading embedding model: all-MiniLM-L6-v2
2026-08-13 23:15:26 | ERROR    | app.utils.cache:_connect:27 - Failed to connect to Redis: Error 10061 connecting to localhost:6379. No connection could be made because the target machine actively refused it.
2026-08-13 23:15:26 | WARNING  | app.main:startup_event:89 - Redis cache not available
2026-08-13 23:15:26 | INFO     | app.main:startup_event:93 - AI Quiz Generator Backend started successfully
2026-08-13 23:15:27 | ERROR    | app.utils.cache:_connect:27 - Failed to connect to Redis: Error 10061 connecting to localhost:6379. No connection could be made because the target machine actively refused it.
2026-08-13 23:15:27 | WARNING  | app.main:startup_event:89 - Redis cache not available
2026-08-13 23:15:27 | INFO     | app.main:startup_event:93 - AI Quiz Generator Backend started successfully
2026-08-13 23:15:34 | INFO     | app.nlp.embedding:_load_model:42 - Model loaded successfully. Dimension: 384
2026-08-13 23:15:34 | INFO     | app.utils.vector_db:_initialize_index:39 - Initialized FAISS index with type: flat
2026-08-13 23:15:34 | INFO     | app.main:startup_event:79 - Vector database initialized
2026-08-13 23:15:38 | ERROR    | app.utils.cache:_connect:27 - Failed to connect to Redis: Error 10061 connecting to localhost:6379. No connection could be made because the target machine actively refused it.
2026-08-13 23:15:38 | WARNING  | app.main:startup_event:89 - Redis cache not available
2026-08-13 23:15:38 | INFO     | app.main:startup_event:93 - AI Quiz Generator Backend started successfully
2026-08-13 23:15:47 | INFO     | app.main:shutdown_event:99 - Shutting down AI Quiz Generator Backend...
2026-08-13 23:15:47 | INFO     | app.main:shutdown_event:106 - Vector database indexes saved
2026-08-13 23:15:47 | INFO     | app.main:shutdown_event:110 - AI Quiz Generator Backend shut down successfully
2026-08-13 23:16:06 | INFO     | app.main:shutdown_event:99 - Shutting down AI Quiz Generator Backend...
2026-08-13 23:16:06 | INFO     | app.main:shutdown_event:106 - Vector database indexes saved
2026-08-13 23:16:06 | INFO     | app.main:shutdown_event:110 - AI Quiz Generator Backend shut down successfully
2026-08-13 23:16:12 | INFO     | app.main:shutdown_event:99 - Shutting down AI Quiz Generator Backend...
2026-08-13 23:16:12 | INFO     | app.main:shutdown_event:106 - Vector database indexes saved
2026-08-13 23:16:12 | INFO     | app.main:shutdown_event:110 - AI Quiz Generator Backend shut down successfully
2026-08-13 23:16:19 | INFO     | app.main:startup_event:55 - Starting AI Quiz Generator Backend...
2026-08-13 23:16:19 | INFO     | app.main:startup_event:61 - PostgreSQL database tables created successfully
2026-08-13 23:16:33 | INFO     | app.main:startup_event:55 - Starting AI Quiz Generator Backend...
2026-08-13 23:16:33 | INFO     | app.main:startup_event:61 - PostgreSQL database tables created successfully
2026-08-13 23:16:33 | INFO     | app.main:startup_event:55 - Starting AI Quiz Generator Backend...
2026-08-13 23:16:33 | INFO     | app.main:startup_event:61 - PostgreSQL database tables created successfully
2026-08-13 23:16:33 | INFO     | app.main:startup_event:55 - Starting AI Quiz Generator Backend...
2026-08-13 23:16:33 | INFO     | app.main:startup_event:61 - PostgreSQL database tables created successfully
2026-08-13 23:16:34 | INFO     | app.main:startup_event:55 - Starting AI Quiz Generator Backend...
2026-08-13 23:16:34 | INFO     | app.main:startup_event:61 - PostgreSQL database tables created successfully
2026-08-13 23:17:39 | INFO     | app.main:startup_event:55 - Starting AI Quiz Generator Backend...
2026-08-13 23:17:39 | INFO     | app.main:startup_event:61 - PostgreSQL database tables created successfully
2026-08-13 23:17:43 | INFO     | app.main:startup_event:55 - Starting AI Quiz Generator Backend...
2026-08-13 23:17:44 | INFO     | app.main:startup_event:61 - PostgreSQL database tables created successfully
2026-08-13 23:17:54 | INFO     | app.main:startup_event:55 - Starting AI Quiz Generator Backend...
2026-08-13 23:17:54 | INFO     | app.main:startup_event:61 - PostgreSQL database tables created successfully
2026-08-13 23:18:06 | INFO     | app.main:startup_event:55 - Starting AI Quiz Generator Backend...
2026-08-13 23:18:06 | INFO     | app.main:startup_event:61 - PostgreSQL database tables created successfully
2026-08-13 23:18:08 | INFO     | app.main:startup_event:55 - Starting AI Quiz Generator Backend...
2026-08-13 23:18:08 | INFO     | app.main:startup_event:61 - PostgreSQL database tables created successfully
2026-08-13 23:18:08 | INFO     | app.main:startup_event:55 - Starting AI Quiz Generator Backend...
2026-08-13 23:18:08 | INFO     | app.main:startup_event:61 - PostgreSQL database tables created successfully
2026-08-13 23:18:08 | INFO     | app.main:startup_event:55 - Starting AI Quiz Generator Backend...
2026-08-13 23:18:09 | INFO     | app.main:startup_event:61 - PostgreSQL database tables created successfully
2026-08-13 23:18:10 | INFO     | app.main:shutdown_event:99 - Shutting down AI Quiz Generator Backend...
2026-08-13 23:18:10 | INFO     | app.main:shutdown_event:106 - Vector database indexes saved
2026-08-13 23:18:10 | INFO     | app.main:shutdown_event:110 - AI Quiz Generator Backend shut down successfully
2026-08-13 23:18:12 | INFO     | app.main:startup_event:55 - Starting AI Quiz Generator Backend...
2026-08-13 23:18:12 | INFO     | app.main:shutdown_event:99 - Shutting down AI Quiz Generator Backend...
2026-08-13 23:18:12 | INFO     | app.main:shutdown_event:106 - Vector database indexes saved
2026-08-13 23:18:12 | INFO     | app.main:shutdown_event:110 - AI Quiz Generator Backend shut down successfully
2026-08-13 23:18:12 | INFO     | app.main:startup_event:61 - PostgreSQL database tables created successfully
2026-08-13 23:18:21 | INFO     | app.main:shutdown_event:99 - Shutting down AI Quiz Generator Backend...
2026-08-13 23:18:21 | INFO     | app.main:shutdown_event:106 - Vector database indexes saved
2026-08-13 23:18:21 | INFO     | app.main:shutdown_event:110 - AI Quiz Generator Backend shut down successfully
2026-08-13 23:18:24 | INFO     | app.main:shutdown_event:99 - Shutting down AI Quiz Generator Backend...
2026-08-13 23:18:24 | INFO     | app.main:shutdown_event:106 - Vector database indexes saved
2026-08-13 23:18:24 | INFO     | app.main:shutdown_event:110 - AI Quiz Generator Backend shut down successfully
2026-08-13 23:19:08 | INFO     | app.main:startup_event:55 - Starting AI Quiz Generator Backend...
2026-08-13 23:19:08 | INFO     | app.main:startup_event:61 - PostgreSQL database tables created successfully
2026-08-13 23:19:09 | INFO     | app.main:startup_event:55 - Starting AI Quiz Generator Backend...
2026-08-13 23:19:09 | INFO     | app.main:startup_event:61 - PostgreSQL database tables created successfully
2026-08-13 23:19:12 | INFO     | app.main:startup_event:55 - Starting AI Quiz Generator Backend...
2026-08-13 23:19:12 | INFO     | app.main:startup_event:61 - PostgreSQL database tables created successfully
2026-08-13 23:19:13 | INFO     | app.database.mongodb_connection:init_mongodb:25 - MongoDB connection established successfully
2026-08-13 23:19:13 | WARNING  | app.database.mongodb_connection:init_mongodb:53 - MongoDB initialization skipped: database name cannot be the empty string
2026-08-13 23:19:13 | INFO     | app.database.mongodb_connection:init_mongodb:54 - Application will continue without MongoDB features
2026-08-13 23:19:14 | INFO     | app.nlp.embedding:_load_model:39 - Loading embedding model: all-MiniLM-L6-v2
2026-08-13 23:19:24 | INFO     | app.nlp.embedding:_load_model:42 - Model loaded successfully. Dimension: 384
2026-08-13 23:19:24 | INFO     | app.utils.vector_db:_initialize_index:39 - Initialized FAISS index with type: flat
2026-08-13 23:19:24 | INFO     | app.main:startup_event:79 - Vector database initialized
2026-08-13 23:19:28 | ERROR    | app.utils.cache:_connect:27 - Failed to connect to Redis: Error 10061 connecting to localhost:6379. No connection could be made because the target machine actively refused it.
2026-08-13 23:19:28 | WARNING  | app.main:startup_event:89 - Redis cache not available
2026-08-13 23:19:28 | INFO     | app.main:startup_event:93 - AI Quiz Generator Backend started successfully
2026-08-13 23:20:04 | INFO     | app.main:startup_event:55 - Starting AI Quiz Generator Backend...
2026-08-13 23:20:04 | INFO     | app.main:startup_event:61 - PostgreSQL database tables created successfully
2026-08-13 23:20:10 | INFO     | app.database.mongodb_connection:init_mongodb:25 - MongoDB connection established successfully
2026-08-13 23:20:10 | WARNING  | app.database.mongodb_connection:init_mongodb:53 - MongoDB initialization skipped: database name cannot be the empty string
2026-08-13 23:20:10 | INFO     | app.database.mongodb_connection:init_mongodb:54 - Application will continue without MongoDB features
2026-08-13 23:20:10 | INFO     | app.nlp.embedding:_load_model:39 - Loading embedding model: all-MiniLM-L6-v2
2026-08-13 23:20:19 | INFO     | app.main:startup_event:55 - Starting AI Quiz Generator Backend...
2026-08-13 23:20:19 | INFO     | app.main:startup_event:61 - PostgreSQL database tables created successfully
2026-08-13 23:20:22 | INFO     | app.main:startup_event:55 - Starting AI Quiz Generator Backend...
2026-08-13 23:20:23 | INFO     | app.main:startup_event:61 - PostgreSQL database tables created successfully
2026-08-13 23:20:25 | INFO     | app.main:startup_event:55 - Starting AI Quiz Generator Backend...
2026-08-13 23:20:25 | INFO     | app.main:startup_event:61 - PostgreSQL database tables created successfully
2026-08-13 23:20:26 | INFO     | app.database.mongodb_connection:init_mongodb:25 - MongoDB connection established successfully
2026-08-13 23:20:26 | WARNING  | app.database.mongodb_connection:init_mongodb:53 - MongoDB initialization skipped: database name cannot be the empty string
2026-08-13 23:20:26 | INFO     | app.database.mongodb_connection:init_mongodb:54 - Application will continue without MongoDB features
2026-08-13 23:20:26 | INFO     | app.nlp.embedding:_load_model:42 - Model loaded successfully. Dimension: 384
2026-08-13 23:20:26 | INFO     | app.utils.vector_db:_initialize_index:39 - Initialized FAISS index with type: flat
2026-08-13 23:20:26 | INFO     | app.main:startup_event:79 - Vector database initialized
2026-08-13 23:20:27 | INFO     | app.nlp.embedding:_load_model:39 - Loading embedding model: all-MiniLM-L6-v2
2026-08-13 23:20:28 | INFO     | app.database.mongodb_connection:init_mongodb:25 - MongoDB connection established successfully
2026-08-13 23:20:28 | WARNING  | app.database.mongodb_connection:init_mongodb:53 - MongoDB initialization skipped: database name cannot be the empty string
2026-08-13 23:20:28 | INFO     | app.database.mongodb_connection:init_mongodb:54 - Application will continue without MongoDB features
2026-08-13 23:20:29 | INFO     | app.nlp.embedding:_load_model:39 - Loading embedding model: all-MiniLM-L6-v2
2026-08-13 23:20:30 | INFO     | app.database.mongodb_connection:init_mongodb:25 - MongoDB connection established successfully
2026-08-13 23:20:30 | WARNING  | app.database.mongodb_connection:init_mongodb:53 - MongoDB initialization skipped: database name cannot be the empty string
2026-08-13 23:20:30 | INFO     | app.database.mongodb_connection:init_mongodb:54 - Application will continue without MongoDB features
2026-08-13 23:20:31 | INFO     | app.nlp.embedding:_load_model:39 - Loading embedding model: all-MiniLM-L6-v2
2026-08-13 23:20:31 | ERROR    | app.utils.cache:_connect:27 - Failed to connect to Redis: Error 10061 connecting to localhost:6379. No connection could be made because the target machine actively refused it.
2026-08-13 23:20:31 | WARNING  | app.main:startup_event:89 - Redis cache not available
2026-08-13 23:20:31 | INFO     | app.main:startup_event:93 - AI Quiz Generator Backend started successfully
2026-08-13 23:20:38 | INFO     | app.nlp.embedding:_load_model:42 - Model loaded successfully. Dimension: 384
2026-08-13 23:20:38 | INFO     | app.utils.vector_db:_initialize_index:39 - Initialized FAISS index with type: flat
2026-08-13 23:20:38 | INFO     | app.main:startup_event:79 - Vector database initialized
2026-08-13 23:20:40 | INFO     | app.main:shutdown_event:99 - Shutting down AI Quiz Generator Backend...
2026-08-13 23:20:40 | INFO     | app.main:shutdown_event:106 - Vector database indexes saved
2026-08-13 23:20:40 | INFO     | app.main:shutdown_event:110 - AI Quiz Generator Backend shut down successfully
2026-08-13 23:20:41 | INFO     | app.nlp.embedding:_load_model:42 - Model loaded successfully. Dimension: 384
2026-08-13 23:20:41 | INFO     | app.utils.vector_db:_initialize_index:39 - Initialized FAISS index with type: flat
2026-08-13 23:20:41 | INFO     | app.main:startup_event:79 - Vector database initialized
2026-08-13 23:20:42 | ERROR    | app.utils.cache:_connect:27 - Failed to connect to Redis: Error 10061 connecting to localhost:6379. No connection could be made because the target machine actively refused it.
2026-08-13 23:20:42 | WARNING  | app.main:startup_event:89 - Redis cache not available
2026-08-13 23:20:42 | INFO     | app.main:startup_event:93 - AI Quiz Generator Backend started successfully
2026-08-13 23:20:42 | INFO     | app.main:shutdown_event:99 - Shutting down AI Quiz Generator Backend...
2026-08-13 23:20:42 | INFO     | app.main:shutdown_event:106 - Vector database indexes saved
2026-08-13 23:20:42 | INFO     | app.main:shutdown_event:110 - AI Quiz Generator Backend shut down successfully
2026-08-13 23:20:43 | INFO     | app.nlp.embedding:_load_model:42 - Model loaded successfully. Dimension: 384
2026-08-13 23:20:43 | INFO     | app.utils.vector_db:_initialize_index:39 - Initialized FAISS index with type: flat
2026-08-13 23:20:43 | INFO     | app.main:startup_event:79 - Vector database initialized
2026-08-13 23:20:46 | ERROR    | app.utils.cache:_connect:27 - Failed to connect to Redis: Error 10061 connecting to localhost:6379. No connection could be made because the target machine actively refused it.
2026-08-13 23:20:46 | WARNING  | app.main:startup_event:89 - Redis cache not available
2026-08-13 23:20:46 | INFO     | app.main:startup_event:93 - AI Quiz Generator Backend started successfully
2026-08-13 23:20:46 | INFO     | app.main:shutdown_event:99 - Shutting down AI Quiz Generator Backend...
2026-08-13 23:20:46 | INFO     | app.main:shutdown_event:106 - Vector database indexes saved
2026-08-13 23:20:46 | INFO     | app.main:shutdown_event:110 - AI Quiz Generator Backend shut down successfully
2026-08-13 23:20:47 | ERROR    | app.utils.cache:_connect:27 - Failed to connect to Redis: Error 10061 connecting to localhost:6379. No connection could be made because the target machine actively refused it.
2026-08-13 23:20:47 | WARNING  | app.main:startup_event:89 - Redis cache not available
2026-08-13 23:20:47 | INFO     | app.main:startup_event:93 - AI Quiz Generator Backend started successfully
2026-08-13 23:20:47 | INFO     | app.main:shutdown_event:99 - Shutting down AI Quiz Generator Backend...
2026-08-13 23:20:47 | INFO     | app.main:shutdown_event:106 - Vector database indexes saved
2026-08-13 23:20:47 | INFO     | app.main:shutdown_event:110 - AI Quiz Generator Backend shut down successfully
2026-08-13 23:20:48 | INFO     | app.main:startup_event:55 - Starting AI Quiz Generator Backend...
2026-08-13 23:20:48 | INFO     | app.main:startup_event:61 - PostgreSQL database tables created successfully
2026-08-13 23:21:00 | INFO     | app.main:startup_event:55 - Starting AI Quiz Generator Backend...
2026-08-13 23:21:00 | INFO     | app.main:startup_event:61 - PostgreSQL database tables created successfully
2026-08-13 23:21:02 | INFO     | app.main:startup_event:55 - Starting AI Quiz Generator Backend...
2026-08-13 23:21:02 | INFO     | app.main:startup_event:61 - PostgreSQL database tables created successfully
2026-08-13 23:21:03 | INFO     | app.main:startup_event:55 - Starting AI Quiz Generator Backend...
2026-08-13 23:21:03 | INFO     | app.main:startup_event:61 - PostgreSQL database tables created successfully
2026-08-13 23:21:05 | INFO     | app.main:startup_event:55 - Starting AI Quiz Generator Backend...
2026-08-13 23:21:05 | INFO     | app.main:startup_event:61 - PostgreSQL database tables created successfully
2026-08-13 23:21:27 | INFO     | app.main:startup_event:55 - Starting AI Quiz Generator Backend...
2026-08-13 23:21:27 | INFO     | app.main:startup_event:61 - PostgreSQL database tables created successfully
2026-08-13 23:21:38 | INFO     | app.main:startup_event:55 - Starting AI Quiz Generator Backend...
2026-08-13 23:21:38 | INFO     | app.main:startup_event:61 - PostgreSQL database tables created successfully
2026-08-13 23:21:40 | INFO     | app.main:shutdown_event:99 - Shutting down AI Quiz Generator Backend...
2026-08-13 23:21:40 | INFO     | app.main:shutdown_event:106 - Vector database indexes saved
2026-08-13 23:21:40 | INFO     | app.main:shutdown_event:110 - AI Quiz Generator Backend shut down successfully
2026-08-13 23:23:58 | INFO     | app.main:startup_event:55 - Starting AI Quiz Generator Backend...
2026-08-13 23:23:58 | INFO     | app.main:startup_event:61 - PostgreSQL database tables created successfully
2026-08-13 23:23:59 | INFO     | app.nlp.embedding:_load_model:39 - Loading embedding model: all-MiniLM-L6-v2
2026-08-13 23:23:59 | INFO     | app.main:startup_event:55 - Starting AI Quiz Generator Backend...
2026-08-13 23:24:00 | INFO     | app.main:startup_event:61 - PostgreSQL database tables created successfully
2026-08-13 23:24:01 | INFO     | app.main:startup_event:55 - Starting AI Quiz Generator Backend...
2026-08-13 23:24:01 | INFO     | app.main:startup_event:55 - Starting AI Quiz Generator Backend...
2026-08-13 23:24:01 | INFO     | app.main:startup_event:61 - PostgreSQL database tables created successfully
2026-08-13 23:24:01 | INFO     | app.main:startup_event:61 - PostgreSQL database tables created successfully
2026-08-13 23:24:01 | INFO     | app.main:startup_event:55 - Starting AI Quiz Generator Backend...
2026-08-13 23:24:01 | INFO     | app.main:startup_event:61 - PostgreSQL database tables created successfully
2026-08-13 23:24:01 | INFO     | app.nlp.embedding:_load_model:39 - Loading embedding model: all-MiniLM-L6-v2
2026-08-13 23:24:02 | INFO     | app.nlp.embedding:_load_model:39 - Loading embedding model: all-MiniLM-L6-v2
2026-08-13 23:24:03 | INFO     | app.main:startup_event:55 - Starting AI Quiz Generator Backend...
2026-08-13 23:24:03 | INFO     | app.main:startup_event:61 - PostgreSQL database tables created successfully
2026-08-13 23:24:04 | INFO     | app.nlp.embedding:_load_model:39 - Loading embedding model: all-MiniLM-L6-v2
2026-08-13 23:24:06 | INFO     | app.main:startup_event:55 - Starting AI Quiz Generator Backend...
2026-08-13 23:24:06 | INFO     | app.main:startup_event:61 - PostgreSQL database tables created successfully
2026-08-13 23:24:06 | INFO     | app.nlp.embedding:_load_model:39 - Loading embedding model: all-MiniLM-L6-v2
2026-08-13 23:24:07 | INFO     | app.main:startup_event:55 - Starting AI Quiz Generator Backend...
2026-08-13 23:24:07 | INFO     | app.main:startup_event:61 - PostgreSQL database tables created successfully
2026-08-13 23:24:07 | INFO     | app.nlp.embedding:_load_model:39 - Loading embedding model: all-MiniLM-L6-v2
2026-08-13 23:24:13 | INFO     | app.main:startup_event:55 - Starting AI Quiz Generator Backend...
2026-08-13 23:24:14 | INFO     | app.main:startup_event:61 - PostgreSQL database tables created successfully
2026-08-13 23:24:16 | INFO     | app.main:startup_event:55 - Starting AI Quiz Generator Backend...
2026-08-13 23:24:16 | INFO     | app.main:startup_event:61 - PostgreSQL database tables created successfully
2026-08-13 23:24:17 | INFO     | app.nlp.embedding:_load_model:39 - Loading embedding model: all-MiniLM-L6-v2
2026-08-13 23:24:23 | INFO     | app.main:startup_event:55 - Starting AI Quiz Generator Backend...
2026-08-13 23:24:23 | INFO     | app.main:startup_event:61 - PostgreSQL database tables created successfully
2026-08-13 23:24:24 | INFO     | app.nlp.embedding:_load_model:42 - Model loaded successfully. Dimension: 384
2026-08-13 23:24:24 | INFO     | app.utils.vector_db:_initialize_index:39 - Initialized FAISS index with type: flat
2026-08-13 23:24:24 | INFO     | app.main:startup_event:79 - Vector database initialized
2026-08-13 23:24:27 | INFO     | app.main:startup_event:55 - Starting AI Quiz Generator Backend...
2026-08-13 23:24:27 | INFO     | app.main:startup_event:61 - PostgreSQL database tables created successfully
2026-08-13 23:24:28 | INFO     | app.nlp.embedding:_load_model:39 - Loading embedding model: all-MiniLM-L6-v2
2026-08-13 23:24:29 | ERROR    | app.utils.cache:_connect:27 - Failed to connect to Redis: Error 10061 connecting to localhost:6379. No connection could be made because the target machine actively refused it.
2026-08-13 23:24:29 | WARNING  | app.main:startup_event:89 - Redis cache not available
2026-08-13 23:24:29 | INFO     | app.main:startup_event:93 - AI Quiz Generator Backend started successfully
2026-08-13 23:24:29 | INFO     | app.main:shutdown_event:99 - Shutting down AI Quiz Generator Backend...
2026-08-13 23:24:29 | INFO     | app.main:shutdown_event:106 - Vector database indexes saved
2026-08-13 23:24:29 | INFO     | app.main:shutdown_event:110 - AI Quiz Generator Backend shut down successfully
2026-08-13 23:24:30 | INFO     | app.nlp.embedding:_load_model:42 - Model loaded successfully. Dimension: 384
2026-08-13 23:24:30 | INFO     | app.utils.vector_db:_initialize_index:39 - Initialized FAISS index with type: flat
2026-08-13 23:24:30 | INFO     | app.main:startup_event:79 - Vector database initialized
2026-08-13 23:24:31 | INFO     | app.nlp.embedding:_load_model:42 - Model loaded successfully. Dimension: 384
2026-08-13 23:24:31 | INFO     | app.utils.vector_db:_initialize_index:39 - Initialized FAISS index with type: flat
2026-08-13 23:24:31 | INFO     | app.main:startup_event:79 - Vector database initialized
2026-08-13 23:24:34 | INFO     | app.nlp.embedding:_load_model:42 - Model loaded successfully. Dimension: 384
2026-08-13 23:24:34 | INFO     | app.utils.vector_db:_initialize_index:39 - Initialized FAISS index with type: flat
2026-08-13 23:24:34 | INFO     | app.main:startup_event:79 - Vector database initialized
2026-08-13 23:24:35 | ERROR    | app.utils.cache:_connect:27 - Failed to connect to Redis: Error 10061 connecting to localhost:6379. No connection could be made because the target machine actively refused it.
2026-08-13 23:24:35 | WARNING  | app.main:startup_event:89 - Redis cache not available
2026-08-13 23:24:35 | INFO     | app.main:startup_event:93 - AI Quiz Generator Backend started successfully
2026-08-13 23:24:35 | INFO     | app.main:shutdown_event:99 - Shutting down AI Quiz Generator Backend...
2026-08-13 23:24:35 | INFO     | app.main:shutdown_event:106 - Vector database indexes saved
2026-08-13 23:24:35 | INFO     | app.main:shutdown_event:110 - AI Quiz Generator Backend shut down successfully
2026-08-13 23:24:36 | ERROR    | app.utils.cache:_connect:27 - Failed to connect to Redis: Error 10061 connecting to localhost:6379. No connection could be made because the target machine actively refused it.
2026-08-13 23:24:36 | WARNING  | app.main:startup_event:89 - Redis cache not available
2026-08-13 23:24:36 | INFO     | app.main:startup_event:93 - AI Quiz Generator Backend started successfully
2026-08-13 23:24:36 | INFO     | app.main:shutdown_event:99 - Shutting down AI Quiz Generator Backend...
2026-08-13 23:24:36 | INFO     | app.main:shutdown_event:106 - Vector database indexes saved
2026-08-13 23:24:36 | INFO     | app.main:shutdown_event:110 - AI Quiz Generator Backend shut down successfully
2026-08-13 23:24:38 | ERROR    | app.utils.cache:_connect:27 - Failed to connect to Redis: Error 10061 connecting to localhost:6379. No connection could be made because the target machine actively refused it.
2026-08-13 23:24:38 | WARNING  | app.main:startup_event:89 - Redis cache not available
2026-08-13 23:24:38 | INFO     | app.main:startup_event:93 - AI Quiz Generator Backend started successfully
2026-08-13 23:24:38 | INFO     | app.main:shutdown_event:99 - Shutting down AI Quiz Generator Backend...
2026-08-13 23:24:38 | INFO     | app.main:shutdown_event:106 - Vector database indexes saved
2026-08-13 23:24:38 | INFO     | app.main:shutdown_event:110 - AI Quiz Generator Backend shut down successfully
2026-08-13 23:24:39 | INFO     | app.nlp.embedding:_load_model:42 - Model loaded successfully. Dimension: 384
2026-08-13 23:24:39 | INFO     | app.utils.vector_db:_initialize_index:39 - Initialized FAISS index with type: flat
2026-08-13 23:24:39 | INFO     | app.main:startup_event:79 - Vector database initialized
2026-08-13 23:24:40 | INFO     | app.nlp.embedding:_load_model:42 - Model loaded successfully. Dimension: 384
2026-08-13 23:24:40 | INFO     | app.utils.vector_db:_initialize_index:39 - Initialized FAISS index with type: flat
2026-08-13 23:24:40 | INFO     | app.main:startup_event:79 - Vector database initialized
2026-08-13 23:24:41 | INFO     | app.nlp.embedding:_load_model:42 - Model loaded successfully. Dimension: 384
2026-08-13 23:24:41 | INFO     | app.utils.vector_db:_initialize_index:39 - Initialized FAISS index with type: flat
2026-08-13 23:24:41 | INFO     | app.main:startup_event:79 - Vector database initialized
2026-08-13 23:24:44 | ERROR    | app.utils.cache:_connect:27 - Failed to connect to Redis: Error 10061 connecting to localhost:6379. No connection could be made because the target machine actively refused it.
2026-08-13 23:24:44 | WARNING  | app.main:startup_event:89 - Redis cache not available
2026-08-13 23:24:44 | INFO     | app.main:startup_event:93 - AI Quiz Generator Backend started successfully
2026-08-13 23:24:44 | INFO     | app.main:shutdown_event:99 - Shutting down AI Quiz Generator Backend...
2026-08-13 23:24:44 | INFO     | app.main:shutdown_event:106 - Vector database indexes saved
2026-08-13 23:24:44 | INFO     | app.main:shutdown_event:110 - AI Quiz Generator Backend shut down successfully
2026-08-13 23:24:44 | ERROR    | app.utils.cache:_connect:27 - Failed to connect to Redis: Error 10061 connecting to localhost:6379. No connection could be made because the target machine actively refused it.
2026-08-13 23:24:44 | WARNING  | app.main:startup_event:89 - Redis cache not available
2026-08-13 23:24:44 | INFO     | app.main:startup_event:93 - AI Quiz Generator Backend started successfully
2026-08-13 23:24:44 | INFO     | app.main:shutdown_event:99 - Shutting down AI Quiz Generator Backend...
2026-08-13 23:24:44 | INFO     | app.main:shutdown_event:106 - Vector database indexes saved
2026-08-13 23:24:44 | INFO     | app.main:shutdown_event:110 - AI Quiz Generator Backend shut down successfully
2026-08-13 23:24:45 | INFO     | app.nlp.embedding:_load_model:42 - Model loaded successfully. Dimension: 384
2026-08-13 23:24:45 | INFO     | app.utils.vector_db:_initialize_index:39 - Initialized FAISS index with type: flat
2026-08-13 23:24:45 | INFO     | app.main:startup_event:79 - Vector database initialized
2026-08-13 23:24:46 | ERROR    | app.utils.cache:_connect:27 - Failed to connect to Redis: Error 10061 connecting to localhost:6379. No connection could be made because the target machine actively refused it.
2026-08-13 23:24:46 | WARNING  | app.main:startup_event:89 - Redis cache not available
2026-08-13 23:24:46 | INFO     | app.main:startup_event:93 - AI Quiz Generator Backend started successfully
2026-08-13 23:24:46 | INFO     | app.main:shutdown_event:99 - Shutting down AI Quiz Generator Backend...
2026-08-13 23:24:46 | INFO     | app.main:shutdown_event:106 - Vector database indexes saved
2026-08-13 23:24:46 | INFO     | app.main:shutdown_event:110 - AI Quiz Generator Backend shut down successfully
2026-08-13 23:24:49 | ERROR    | app.utils.cache:_connect:27 - Failed to connect to Redis: Error 10061 connecting to localhost:6379. No connection could be made because the target machine actively refused it.
2026-08-13 23:24:49 | WARNING  | app.main:startup_event:89 - Redis cache not available
2026-08-13 23:24:49 | INFO     | app.main:startup_event:93 - AI Quiz Generator Backend started successfully
2026-08-13 23:24:49 | INFO     | app.main:shutdown_event:99 - Shutting down AI Quiz Generator Backend...
2026-08-13 23:24:49 | INFO     | app.main:shutdown_event:106 - Vector database indexes saved
2026-08-13 23:24:49 | INFO     | app.main:shutdown_event:110 - AI Quiz Generator Backend shut down successfully
2026-08-13 23:27:53 | INFO     | app.main:startup_event:55 - Starting AI Quiz Generator Backend...
2026-08-13 23:27:53 | INFO     | app.main:startup_event:61 - PostgreSQL database tables created successfully
2026-08-13 23:27:56 | INFO     | app.main:startup_event:55 - Starting AI Quiz Generator Backend...
2026-08-13 23:27:56 | INFO     | app.main:startup_event:61 - PostgreSQL database tables created successfully
2026-08-13 23:27:59 | INFO     | app.main:startup_event:55 - Starting AI Quiz Generator Backend...
2026-08-13 23:27:59 | INFO     | app.main:startup_event:61 - PostgreSQL database tables created successfully
2026-08-13 23:27:59 | INFO     | app.main:startup_event:55 - Starting AI Quiz Generator Backend...
2026-08-13 23:28:00 | INFO     | app.main:startup_event:61 - PostgreSQL database tables created successfully
2026-08-13 23:28:00 | INFO     | app.main:startup_event:55 - Starting AI Quiz Generator Backend...
2026-08-13 23:28:00 | INFO     | app.main:startup_event:61 - PostgreSQL database tables created successfully
2026-08-13 23:28:02 | INFO     | app.main:startup_event:55 - Starting AI Quiz Generator Backend...
2026-08-13 23:28:02 | INFO     | app.main:startup_event:61 - PostgreSQL database tables created successfully
2026-08-13 23:28:02 | INFO     | app.main:startup_event:55 - Starting AI Quiz Generator Backend...
2026-08-13 23:28:02 | INFO     | app.main:startup_event:55 - Starting AI Quiz Generator Backend...
2026-08-13 23:28:02 | INFO     | app.main:startup_event:61 - PostgreSQL database tables created successfully
2026-08-13 23:28:02 | INFO     | app.main:startup_event:61 - PostgreSQL database tables created successfully
2026-08-13 23:28:05 | INFO     | app.main:startup_event:55 - Starting AI Quiz Generator Backend...
2026-08-13 23:28:05 | INFO     | app.main:startup_event:61 - PostgreSQL database tables created successfully
2026-08-13 23:28:10 | INFO     | app.main:startup_event:55 - Starting AI Quiz Generator Backend...
2026-08-13 23:28:10 | INFO     | app.main:startup_event:61 - PostgreSQL database tables created successfully
2026-08-13 23:28:11 | INFO     | app.nlp.embedding:_load_model:39 - Loading embedding model: all-MiniLM-L6-v2
2026-08-13 23:28:24 | INFO     | app.main:startup_event:55 - Starting AI Quiz Generator Backend...
2026-08-13 23:28:25 | INFO     | app.main:startup_event:61 - PostgreSQL database tables created successfully
2026-08-13 23:28:39 | INFO     | app.main:startup_event:55 - Starting AI Quiz Generator Backend...
2026-08-13 23:28:39 | INFO     | app.main:startup_event:61 - PostgreSQL database tables created successfully
2026-08-13 23:28:47 | INFO     | app.nlp.embedding:_load_model:42 - Model loaded successfully. Dimension: 384
2026-08-13 23:28:47 | INFO     | app.utils.vector_db:_initialize_index:39 - Initialized FAISS index with type: flat
2026-08-13 23:28:47 | INFO     | app.main:startup_event:79 - Vector database initialized
2026-08-13 23:28:52 | ERROR    | app.utils.cache:_connect:27 - Failed to connect to Redis: Error 10061 connecting to localhost:6379. No connection could be made because the target machine actively refused it.
2026-08-13 23:28:52 | WARNING  | app.main:startup_event:89 - Redis cache not available
2026-08-13 23:28:52 | INFO     | app.main:startup_event:93 - AI Quiz Generator Backend started successfully
2026-08-13 23:28:52 | INFO     | app.main:shutdown_event:99 - Shutting down AI Quiz Generator Backend...
2026-08-13 23:28:52 | INFO     | app.main:shutdown_event:106 - Vector database indexes saved
2026-08-13 23:28:52 | INFO     | app.main:shutdown_event:110 - AI Quiz Generator Backend shut down successfully
2026-08-13 23:32:30 | INFO     | app.main:startup_event:55 - Starting AI Quiz Generator Backend...
2026-08-13 23:32:30 | INFO     | app.main:startup_event:61 - PostgreSQL database tables created successfully
2026-08-13 23:32:30 | INFO     | app.main:startup_event:55 - Starting AI Quiz Generator Backend...
2026-08-13 23:32:31 | INFO     | app.main:startup_event:61 - PostgreSQL database tables created successfully
2026-08-13 23:32:31 | INFO     | app.main:startup_event:55 - Starting AI Quiz Generator Backend...
2026-08-13 23:32:31 | INFO     | app.main:startup_event:55 - Starting AI Quiz Generator Backend...
2026-08-13 23:32:31 | INFO     | app.main:startup_event:55 - Starting AI Quiz Generator Backend...
2026-08-13 23:32:31 | INFO     | app.main:startup_event:61 - PostgreSQL database tables created successfully
2026-08-13 23:32:31 | INFO     | app.main:startup_event:61 - PostgreSQL database tables created successfully
2026-08-13 23:32:32 | INFO     | app.nlp.embedding:_load_model:39 - Loading embedding model: all-MiniLM-L6-v2
2026-08-13 23:32:32 | INFO     | app.main:startup_event:61 - PostgreSQL database tables created successfully
2026-08-13 23:32:32 | INFO     | app.main:startup_event:55 - Starting AI Quiz Generator Backend...
2026-08-13 23:32:32 | INFO     | app.main:startup_event:55 - Starting AI Quiz Generator Backend...
2026-08-13 23:32:32 | INFO     | app.main:startup_event:61 - PostgreSQL database tables created successfully
2026-08-13 23:32:32 | INFO     | app.main:startup_event:55 - Starting AI Quiz Generator Backend...
2026-08-13 23:32:33 | INFO     | app.main:startup_event:55 - Starting AI Quiz Generator Backend...
2026-08-13 23:32:33 | INFO     | app.main:startup_event:61 - PostgreSQL database tables created successfully
2026-08-13 23:32:33 | INFO     | app.nlp.embedding:_load_model:39 - Loading embedding model: all-MiniLM-L6-v2
2026-08-13 23:32:34 | INFO     | app.nlp.embedding:_load_model:39 - Loading embedding model: all-MiniLM-L6-v2
2026-08-13 23:32:34 | INFO     | app.nlp.embedding:_load_model:39 - Loading embedding model: all-MiniLM-L6-v2
2026-08-13 23:32:34 | INFO     | app.nlp.embedding:_load_model:39 - Loading embedding model: all-MiniLM-L6-v2
2026-08-13 23:32:34 | INFO     | app.nlp.embedding:_load_model:39 - Loading embedding model: all-MiniLM-L6-v2
2026-08-13 23:32:34 | INFO     | app.main:startup_event:61 - PostgreSQL database tables created successfully
2026-08-13 23:32:34 | INFO     | app.nlp.embedding:_load_model:39 - Loading embedding model: all-MiniLM-L6-v2
2026-08-13 23:32:34 | INFO     | app.main:startup_event:61 - PostgreSQL database tables created successfully
2026-08-13 23:32:35 | INFO     | app.nlp.embedding:_load_model:39 - Loading embedding model: all-MiniLM-L6-v2
2026-08-13 23:32:39 | INFO     | app.main:startup_event:55 - Starting AI Quiz Generator Backend...
2026-08-13 23:32:39 | INFO     | app.main:startup_event:61 - PostgreSQL database tables created successfully
2026-08-13 23:32:40 | INFO     | app.main:startup_event:55 - Starting AI Quiz Generator Backend...
2026-08-13 23:32:40 | INFO     | app.main:startup_event:55 - Starting AI Quiz Generator Backend...
2026-08-13 23:32:40 | ERROR    | app.nlp.embedding:_load_model:44 - Failed to load embedding model: The paging file is too small for this operation to complete. (os error 1455)
2026-08-13 23:32:40 | WARNING  | app.main:startup_event:81 - Vector database initialization failed: The paging file is too small for this operation to complete. (os error 1455)
2026-08-13 23:32:40 | INFO     | app.main:startup_event:61 - PostgreSQL database tables created successfully
2026-08-13 23:32:40 | INFO     | app.main:startup_event:61 - PostgreSQL database tables created successfully
2026-08-13 23:32:42 | ERROR    | app.nlp.embedding:_load_model:44 - Failed to load embedding model: The paging file is too small for this operation to complete. (os error 1455)
2026-08-13 23:32:42 | WARNING  | app.main:startup_event:81 - Vector database initialization failed: The paging file is too small for this operation to complete. (os error 1455)
2026-08-13 23:32:42 | ERROR    | app.nlp.embedding:_load_model:44 - Failed to load embedding model: The paging file is too small for this operation to complete. (os error 1455)
2026-08-13 23:32:42 | WARNING  | app.main:startup_event:81 - Vector database initialization failed: The paging file is too small for this operation to complete. (os error 1455)
2026-08-13 23:32:42 | ERROR    | app.nlp.embedding:_load_model:44 - Failed to load embedding model: The paging file is too small for this operation to complete. (os error 1455)
2026-08-13 23:32:42 | ERROR    | app.nlp.embedding:_load_model:44 - Failed to load embedding model: The paging file is too small for this operation to complete. (os error 1455)
2026-08-13 23:32:42 | WARNING  | app.main:startup_event:81 - Vector database initialization failed: The paging file is too small for this operation to complete. (os error 1455)
2026-08-13 23:32:42 | WARNING  | app.main:startup_event:81 - Vector database initialization failed: The paging file is too small for this operation to complete. (os error 1455)
2026-08-13 23:32:45 | ERROR    | app.utils.cache:_connect:27 - Failed to connect to Redis: Error 10061 connecting to localhost:6379. No connection could be made because the target machine actively refused it.
2026-08-13 23:32:45 | WARNING  | app.main:startup_event:89 - Redis cache not available
2026-08-13 23:32:45 | INFO     | app.main:startup_event:93 - AI Quiz Generator Backend started successfully
2026-08-13 23:32:45 | INFO     | app.main:shutdown_event:99 - Shutting down AI Quiz Generator Backend...
2026-08-13 23:32:45 | INFO     | app.main:shutdown_event:106 - Vector database indexes saved
2026-08-13 23:32:45 | INFO     | app.main:shutdown_event:110 - AI Quiz Generator Backend shut down successfully
2026-08-13 23:32:45 | ERROR    | app.nlp.embedding:_load_model:44 - Failed to load embedding model: The paging file is too small for this operation to complete. (os error 1455)
2026-08-13 23:32:45 | WARNING  | app.main:startup_event:81 - Vector database initialization failed: The paging file is too small for this operation to complete. (os error 1455)
2026-08-13 23:32:47 | ERROR    | app.utils.cache:_connect:27 - Failed to connect to Redis: Error 10061 connecting to localhost:6379. No connection could be made because the target machine actively refused it.
2026-08-13 23:32:47 | WARNING  | app.main:startup_event:89 - Redis cache not available
2026-08-13 23:32:47 | INFO     | app.main:startup_event:93 - AI Quiz Generator Backend started successfully
2026-08-13 23:32:47 | INFO     | app.main:shutdown_event:99 - Shutting down AI Quiz Generator Backend...
2026-08-13 23:32:47 | ERROR    | app.nlp.embedding:_load_model:44 - Failed to load embedding model: The paging file is too small for this operation to complete. (os error 1455)
2026-08-13 23:32:47 | WARNING  | app.main:startup_event:81 - Vector database initialization failed: The paging file is too small for this operation to complete. (os error 1455)
2026-08-13 23:32:47 | INFO     | app.main:shutdown_event:106 - Vector database indexes saved
2026-08-13 23:32:47 | INFO     | app.main:shutdown_event:110 - AI Quiz Generator Backend shut down successfully
2026-08-13 23:32:50 | ERROR    | app.utils.cache:_connect:27 - Failed to connect to Redis: Error 10061 connecting to localhost:6379. No connection could be made because the target machine actively refused it.
2026-08-13 23:32:50 | WARNING  | app.main:startup_event:89 - Redis cache not available
2026-08-13 23:32:50 | INFO     | app.main:startup_event:93 - AI Quiz Generator Backend started successfully
2026-08-13 23:32:50 | ERROR    | app.utils.cache:_connect:27 - Failed to connect to Redis: Error 10061 connecting to localhost:6379. No connection could be made because the target machine actively refused it.
2026-08-13 23:32:50 | ERROR    | app.utils.cache:_connect:27 - Failed to connect to Redis: Error 10061 connecting to localhost:6379. No connection could be made because the target machine actively refused it.
2026-08-13 23:32:50 | WARNING  | app.main:startup_event:89 - Redis cache not available
2026-08-13 23:32:50 | WARNING  | app.main:startup_event:89 - Redis cache not available
2026-08-13 23:32:50 | INFO     | app.main:startup_event:93 - AI Quiz Generator Backend started successfully
2026-08-13 23:32:50 | INFO     | app.main:startup_event:93 - AI Quiz Generator Backend started successfully
2026-08-13 23:32:50 | INFO     | app.main:shutdown_event:99 - Shutting down AI Quiz Generator Backend...
2026-08-13 23:32:50 | INFO     | app.main:shutdown_event:99 - Shutting down AI Quiz Generator Backend...
2026-08-13 23:32:50 | INFO     | app.main:shutdown_event:106 - Vector database indexes saved
2026-08-13 23:32:50 | INFO     | app.main:shutdown_event:106 - Vector database indexes saved
2026-08-13 23:32:50 | INFO     | app.main:shutdown_event:99 - Shutting down AI Quiz Generator Backend...
2026-08-13 23:32:50 | INFO     | app.main:shutdown_event:110 - AI Quiz Generator Backend shut down successfully
2026-08-13 23:32:50 | INFO     | app.main:shutdown_event:110 - AI Quiz Generator Backend shut down successfully
2026-08-13 23:32:50 | INFO     | app.main:shutdown_event:106 - Vector database indexes saved
2026-08-13 23:32:50 | INFO     | app.main:shutdown_event:110 - AI Quiz Generator Backend shut down successfully
2026-08-13 23:32:50 | ERROR    | app.nlp.embedding:_load_model:44 - Failed to load embedding model: The paging file is too small for this operation to complete. (os error 1455)
2026-08-13 23:32:50 | WARNING  | app.main:startup_event:81 - Vector database initialization failed: The paging file is too small for this operation to complete. (os error 1455)
2026-08-13 23:32:53 | ERROR    | app.utils.cache:_connect:27 - Failed to connect to Redis: Error 10061 connecting to localhost:6379. No connection could be made because the target machine actively refused it.
2026-08-13 23:32:53 | WARNING  | app.main:startup_event:89 - Redis cache not available
2026-08-13 23:32:53 | INFO     | app.main:startup_event:93 - AI Quiz Generator Backend started successfully
2026-08-13 23:32:53 | INFO     | app.main:shutdown_event:99 - Shutting down AI Quiz Generator Backend...
2026-08-13 23:32:53 | INFO     | app.main:shutdown_event:106 - Vector database indexes saved
2026-08-13 23:32:53 | INFO     | app.main:shutdown_event:110 - AI Quiz Generator Backend shut down successfully
2026-08-13 23:32:56 | ERROR    | app.utils.cache:_connect:27 - Failed to connect to Redis: Error 10061 connecting to localhost:6379. No connection could be made because the target machine actively refused it.
2026-08-13 23:32:56 | WARNING  | app.main:startup_event:89 - Redis cache not available
2026-08-13 23:32:56 | INFO     | app.main:startup_event:93 - AI Quiz Generator Backend started successfully
2026-08-13 23:32:56 | INFO     | app.main:shutdown_event:99 - Shutting down AI Quiz Generator Backend...
2026-08-13 23:32:56 | INFO     | app.main:shutdown_event:106 - Vector database indexes saved
2026-08-13 23:32:56 | INFO     | app.main:shutdown_event:110 - AI Quiz Generator Backend shut down successfully
2026-08-13 23:32:56 | INFO     | app.nlp.embedding:_load_model:39 - Loading embedding model: all-MiniLM-L6-v2
2026-08-13 23:32:56 | INFO     | app.nlp.embedding:_load_model:39 - Loading embedding model: all-MiniLM-L6-v2
2026-08-13 23:32:57 | ERROR    | app.utils.cache:_connect:27 - Failed to connect to Redis: Error 10061 connecting to localhost:6379. No connection could be made because the target machine actively refused it.
2026-08-13 23:32:57 | WARNING  | app.main:startup_event:89 - Redis cache not available
2026-08-13 23:32:57 | INFO     | app.main:startup_event:93 - AI Quiz Generator Backend started successfully
2026-08-13 23:32:57 | INFO     | app.main:shutdown_event:99 - Shutting down AI Quiz Generator Backend...
2026-08-13 23:32:57 | INFO     | app.main:shutdown_event:106 - Vector database indexes saved
2026-08-13 23:32:57 | INFO     | app.main:shutdown_event:110 - AI Quiz Generator Backend shut down successfully
2026-08-13 23:33:04 | INFO     | app.nlp.embedding:_load_model:39 - Loading embedding model: all-MiniLM-L6-v2
2026-08-13 23:33:06 | INFO     | app.nlp.embedding:_load_model:39 - Loading embedding model: all-MiniLM-L6-v2
2026-08-13 23:33:32 | INFO     | app.nlp.embedding:_load_model:42 - Model loaded successfully. Dimension: 384
2026-08-13 23:33:32 | INFO     | app.utils.vector_db:_initialize_index:39 - Initialized FAISS index with type: flat
2026-08-13 23:33:32 | INFO     | app.main:startup_event:79 - Vector database initialized
2026-08-13 23:33:37 | ERROR    | app.utils.cache:_connect:27 - Failed to connect to Redis: Error 10061 connecting to localhost:6379. No connection could be made because the target machine actively refused it.
2026-08-13 23:33:37 | WARNING  | app.main:startup_event:89 - Redis cache not available
2026-08-13 23:33:37 | INFO     | app.main:startup_event:93 - AI Quiz Generator Backend started successfully
2026-08-13 23:33:37 | INFO     | app.main:shutdown_event:99 - Shutting down AI Quiz Generator Backend...
2026-08-13 23:33:37 | INFO     | app.main:shutdown_event:106 - Vector database indexes saved
2026-08-13 23:33:37 | INFO     | app.main:shutdown_event:110 - AI Quiz Generator Backend shut down successfully
2026-08-13 23:33:38 | INFO     | app.nlp.embedding:_load_model:42 - Model loaded successfully. Dimension: 384
2026-08-13 23:33:38 | INFO     | app.utils.vector_db:_initialize_index:39 - Initialized FAISS index with type: flat
2026-08-13 23:33:38 | INFO     | app.main:startup_event:79 - Vector database initialized
2026-08-13 23:33:38 | INFO     | app.nlp.embedding:_load_model:42 - Model loaded successfully. Dimension: 384
2026-08-13 23:33:38 | INFO     | app.utils.vector_db:_initialize_index:39 - Initialized FAISS index with type: flat
2026-08-13 23:33:38 | INFO     | app.main:startup_event:79 - Vector database initialized
2026-08-13 23:33:39 | INFO     | app.nlp.embedding:_load_model:42 - Model loaded successfully. Dimension: 384
2026-08-13 23:33:39 | INFO     | app.utils.vector_db:_initialize_index:39 - Initialized FAISS index with type: flat
2026-08-13 23:33:39 | INFO     | app.main:startup_event:79 - Vector database initialized
2026-08-13 23:33:44 | ERROR    | app.utils.cache:_connect:27 - Failed to connect to Redis: Error 10061 connecting to localhost:6379. No connection could be made because the target machine actively refused it.
2026-08-13 23:33:44 | WARNING  | app.main:startup_event:89 - Redis cache not available
2026-08-13 23:33:44 | INFO     | app.main:startup_event:93 - AI Quiz Generator Backend started successfully
2026-08-13 23:33:44 | INFO     | app.main:shutdown_event:99 - Shutting down AI Quiz Generator Backend...
2026-08-13 23:33:44 | INFO     | app.main:shutdown_event:106 - Vector database indexes saved
2026-08-13 23:33:44 | INFO     | app.main:shutdown_event:110 - AI Quiz Generator Backend shut down successfully
2026-08-13 23:33:46 | ERROR    | app.utils.cache:_connect:27 - Failed to connect to Redis: Error 10061 connecting to localhost:6379. No connection could be made because the target machine actively refused it.
2026-08-13 23:33:46 | WARNING  | app.main:startup_event:89 - Redis cache not available
2026-08-13 23:33:46 | INFO     | app.main:startup_event:93 - AI Quiz Generator Backend started successfully
2026-08-13 23:33:46 | INFO     | app.main:shutdown_event:99 - Shutting down AI Quiz Generator Backend...
2026-08-13 23:33:46 | INFO     | app.main:shutdown_event:106 - Vector database indexes saved
2026-08-13 23:33:46 | INFO     | app.main:shutdown_event:110 - AI Quiz Generator Backend shut down successfully
2026-08-13 23:33:46 | ERROR    | app.utils.cache:_connect:27 - Failed to connect to Redis: Error 10061 connecting to localhost:6379. No connection could be made because the target machine actively refused it.
2026-08-13 23:33:46 | WARNING  | app.main:startup_event:89 - Redis cache not available
2026-08-13 23:33:46 | INFO     | app.main:startup_event:93 - AI Quiz Generator Backend started successfully
2026-08-13 23:33:46 | INFO     | app.main:shutdown_event:99 - Shutting down AI Quiz Generator Backend...
2026-08-13 23:33:46 | INFO     | app.main:shutdown_event:106 - Vector database indexes saved
2026-08-13 23:33:46 | INFO     | app.main:shutdown_event:110 - AI Quiz Generator Backend shut down successfully
2026-08-13 23:34:03 | INFO     | app.main:startup_event:55 - Starting AI Quiz Generator Backend...
2026-08-13 23:34:06 | INFO     | app.main:startup_event:61 - PostgreSQL database tables created successfully
2026-08-13 23:34:07 | INFO     | app.nlp.embedding:_load_model:39 - Loading embedding model: all-MiniLM-L6-v2
2026-08-13 23:34:18 | INFO     | app.nlp.embedding:_load_model:42 - Model loaded successfully. Dimension: 384
2026-08-13 23:34:18 | INFO     | app.utils.vector_db:_initialize_index:39 - Initialized FAISS index with type: flat
2026-08-13 23:34:18 | INFO     | app.main:startup_event:79 - Vector database initialized
2026-08-13 23:34:22 | ERROR    | app.utils.cache:_connect:27 - Failed to connect to Redis: Error 10061 connecting to localhost:6379. No connection could be made because the target machine actively refused it.
2026-08-13 23:34:22 | WARNING  | app.main:startup_event:89 - Redis cache not available
2026-08-13 23:34:22 | INFO     | app.main:startup_event:93 - AI Quiz Generator Backend started successfully
2026-08-13 23:34:22 | INFO     | app.main:shutdown_event:99 - Shutting down AI Quiz Generator Backend...
2026-08-13 23:34:22 | INFO     | app.main:shutdown_event:106 - Vector database indexes saved
2026-08-13 23:34:22 | INFO     | app.main:shutdown_event:110 - AI Quiz Generator Backend shut down successfully
2026-08-13 23:37:56 | INFO     | app.main:startup_event:55 - Starting AI Quiz Generator Backend...
2026-08-13 23:37:57 | INFO     | app.main:startup_event:61 - PostgreSQL database tables created successfully
2026-08-13 23:37:58 | INFO     | app.nlp.embedding:_load_model:39 - Loading embedding model: all-MiniLM-L6-v2
2026-08-13 23:38:03 | INFO     | app.main:startup_event:55 - Starting AI Quiz Generator Backend...
2026-08-13 23:38:04 | INFO     | app.main:startup_event:61 - PostgreSQL database tables created successfully
2026-08-13 23:38:04 | INFO     | app.main:startup_event:55 - Starting AI Quiz Generator Backend...
2026-08-13 23:38:05 | INFO     | app.main:startup_event:61 - PostgreSQL database tables created successfully
2026-08-13 23:38:05 | INFO     | app.nlp.embedding:_load_model:39 - Loading embedding model: all-MiniLM-L6-v2
2026-08-13 23:38:06 | INFO     | app.nlp.embedding:_load_model:39 - Loading embedding model: all-MiniLM-L6-v2
2026-08-13 23:38:10 | INFO     | app.main:startup_event:55 - Starting AI Quiz Generator Backend...
2026-08-13 23:38:10 | INFO     | app.main:startup_event:61 - PostgreSQL database tables created successfully
2026-08-13 23:38:11 | INFO     | app.nlp.embedding:_load_model:39 - Loading embedding model: all-MiniLM-L6-v2
2026-08-13 23:38:20 | INFO     | app.main:startup_event:55 - Starting AI Quiz Generator Backend...
2026-08-13 23:38:20 | INFO     | app.main:startup_event:55 - Starting AI Quiz Generator Backend...
2026-08-13 23:38:21 | INFO     | app.main:startup_event:61 - PostgreSQL database tables created successfully
2026-08-13 23:38:21 | INFO     | app.main:startup_event:61 - PostgreSQL database tables created successfully
2026-08-13 23:38:22 | INFO     | app.nlp.embedding:_load_model:39 - Loading embedding model: all-MiniLM-L6-v2
2026-08-13 23:38:23 | INFO     | app.nlp.embedding:_load_model:39 - Loading embedding model: all-MiniLM-L6-v2
2026-08-13 23:38:24 | INFO     | app.main:startup_event:55 - Starting AI Quiz Generator Backend...
2026-08-13 23:38:25 | INFO     | app.main:startup_event:61 - PostgreSQL database tables created successfully
2026-08-13 23:38:26 | INFO     | app.nlp.embedding:_load_model:39 - Loading embedding model: all-MiniLM-L6-v2
2026-08-13 23:38:28 | INFO     | app.main:startup_event:55 - Starting AI Quiz Generator Backend...
2026-08-13 23:38:29 | INFO     | app.main:startup_event:61 - PostgreSQL database tables created successfully
2026-08-13 23:38:30 | INFO     | app.main:startup_event:55 - Starting AI Quiz Generator Backend...
2026-08-13 23:38:31 | INFO     | app.nlp.embedding:_load_model:39 - Loading embedding model: all-MiniLM-L6-v2
2026-08-13 23:38:31 | INFO     | app.main:startup_event:61 - PostgreSQL database tables created successfully
2026-08-13 23:38:32 | INFO     | app.nlp.embedding:_load_model:39 - Loading embedding model: all-MiniLM-L6-v2
2026-08-13 23:38:32 | INFO     | app.main:startup_event:55 - Starting AI Quiz Generator Backend...
2026-08-13 23:38:32 | INFO     | app.main:startup_event:61 - PostgreSQL database tables created successfully
2026-08-13 23:38:33 | INFO     | app.main:startup_event:55 - Starting AI Quiz Generator Backend...
2026-08-13 23:38:34 | INFO     | app.main:startup_event:61 - PostgreSQL database tables created successfully
2026-08-13 23:38:34 | INFO     | app.main:startup_event:55 - Starting AI Quiz Generator Backend...
2026-08-13 23:38:35 | INFO     | app.main:startup_event:61 - PostgreSQL database tables created successfully
2026-08-13 23:38:35 | ERROR    | app.nlp.embedding:_load_model:44 - Failed to load embedding model: The paging file is too small for this operation to complete. (os error 1455)
2026-08-13 23:38:35 | WARNING  | app.main:startup_event:76 - Vector database initialization failed: The paging file is too small for this operation to complete. (os error 1455)
2026-08-13 23:38:35 | ERROR    | app.nlp.embedding:_load_model:44 - Failed to load embedding model: The paging file is too small for this operation to complete. (os error 1455)
2026-08-13 23:38:35 | INFO     | app.main:startup_event:55 - Starting AI Quiz Generator Backend...
2026-08-13 23:38:36 | INFO     | app.main:startup_event:61 - PostgreSQL database tables created successfully
2026-08-13 23:38:37 | ERROR    | app.nlp.embedding:_load_model:44 - Failed to load embedding model: The paging file is too small for this operation to complete. (os error 1455)
2026-08-13 23:38:37 | WARNING  | app.main:startup_event:76 - Vector database initialization failed: The paging file is too small for this operation to complete. (os error 1455)
2026-08-13 23:38:37 | INFO     | app.main:startup_event:77 - Application will continue without vector database
2026-08-13 23:38:37 | ERROR    | app.nlp.embedding:_load_model:44 - Failed to load embedding model: [Errno 22] Invalid argument
2026-08-13 23:38:37 | WARNING  | app.main:startup_event:76 - Vector database initialization failed: [Errno 22] Invalid argument
2026-08-13 23:38:37 | WARNING  | app.main:startup_event:76 - Vector database initialization failed: The paging file is too small for this operation to complete. (os error 1455)
2026-08-13 23:38:37 | INFO     | app.main:startup_event:77 - Application will continue without vector database
2026-08-13 23:38:39 | ERROR    | app.nlp.embedding:_load_model:44 - Failed to load embedding model: [Errno 22] Invalid argument
2026-08-13 23:38:39 | WARNING  | app.main:startup_event:76 - Vector database initialization failed: [Errno 22] Invalid argument
2026-08-13 23:38:39 | ERROR    | app.nlp.embedding:_load_model:44 - Failed to load embedding model: [Errno 22] Invalid argument
2026-08-13 23:38:39 | WARNING  | app.main:startup_event:76 - Vector database initialization failed: [Errno 22] Invalid argument
2026-08-13 23:38:39 | INFO     | app.main:startup_event:77 - Application will continue without vector database
2026-08-13 23:38:40 | ERROR    | app.utils.cache:_connect:27 - Failed to connect to Redis: Error 10061 connecting to localhost:6379. No connection could be made because the target machine actively refused it.
2026-08-13 23:38:40 | ERROR    | app.nlp.embedding:_load_model:44 - Failed to load embedding model: The paging file is too small for this operation to complete. (os error 1455)
2026-08-13 23:38:40 | WARNING  | app.main:startup_event:84 - Redis cache not available
2026-08-13 23:38:40 | INFO     | app.main:startup_event:88 - AI Quiz Generator Backend started successfully
2026-08-13 23:38:40 | WARNING  | app.main:startup_event:76 - Vector database initialization failed: The paging file is too small for this operation to complete. (os error 1455)
2026-08-13 23:38:40 | INFO     | app.main:shutdown_event:94 - Shutting down AI Quiz Generator Backend...
2026-08-13 23:38:40 | INFO     | app.main:shutdown_event:101 - Vector database indexes saved
2026-08-13 23:38:40 | INFO     | app.main:shutdown_event:105 - AI Quiz Generator Backend shut down successfully
2026-08-13 23:38:40 | ERROR    | app.nlp.embedding:_load_model:44 - Failed to load embedding model: The paging file is too small for this operation to complete. (os error 1455)
2026-08-13 23:38:40 | WARNING  | app.main:startup_event:76 - Vector database initialization failed: The paging file is too small for this operation to complete. (os error 1455)
2026-08-13 23:38:40 | ERROR    | app.nlp.embedding:_load_model:44 - Failed to load embedding model: [Errno 22] Invalid argument
2026-08-13 23:38:40 | WARNING  | app.main:startup_event:81 - Vector database initialization failed: [Errno 22] Invalid argument
2026-08-13 23:38:40 | INFO     | app.nlp.embedding:_load_model:39 - Loading embedding model: all-MiniLM-L6-v2
2026-08-13 23:38:42 | ERROR    | app.utils.cache:_connect:27 - Failed to connect to Redis: Error 10061 connecting to localhost:6379. No connection could be made because the target machine actively refused it.
2026-08-13 23:38:42 | WARNING  | app.main:startup_event:85 - Redis cache not available
2026-08-13 23:38:42 | INFO     | app.main:startup_event:89 - AI Quiz Generator Backend started successfully
2026-08-13 23:38:42 | INFO     | app.main:shutdown_event:95 - Shutting down AI Quiz Generator Backend...
2026-08-13 23:38:42 | INFO     | app.main:shutdown_event:102 - Vector database indexes saved
2026-08-13 23:38:42 | INFO     | app.main:shutdown_event:106 - AI Quiz Generator Backend shut down successfully
2026-08-13 23:38:42 | ERROR    | app.utils.cache:_connect:27 - Failed to connect to Redis: Error 10061 connecting to localhost:6379. No connection could be made because the target machine actively refused it.
2026-08-13 23:38:42 | WARNING  | app.main:startup_event:84 - Redis cache not available
2026-08-13 23:38:42 | INFO     | app.main:startup_event:88 - AI Quiz Generator Backend started successfully
2026-08-13 23:38:42 | INFO     | app.main:shutdown_event:94 - Shutting down AI Quiz Generator Backend...
2026-08-13 23:38:42 | INFO     | app.main:shutdown_event:101 - Vector database indexes saved
2026-08-13 23:38:42 | INFO     | app.main:shutdown_event:105 - AI Quiz Generator Backend shut down successfully
2026-08-13 23:38:42 | ERROR    | app.utils.cache:_connect:27 - Failed to connect to Redis: Error 10061 connecting to localhost:6379. No connection could be made because the target machine actively refused it.
2026-08-13 23:38:42 | WARNING  | app.main:startup_event:85 - Redis cache not available
2026-08-13 23:38:42 | INFO     | app.main:startup_event:89 - AI Quiz Generator Backend started successfully
2026-08-13 23:38:42 | INFO     | app.nlp.embedding:_load_model:39 - Loading embedding model: all-MiniLM-L6-v2
2026-08-13 23:38:44 | ERROR    | app.utils.cache:_connect:27 - Failed to connect to Redis: Error 10061 connecting to localhost:6379. No connection could be made because the target machine actively refused it.
2026-08-13 23:38:44 | WARNING  | app.main:startup_event:84 - Redis cache not available
2026-08-13 23:38:44 | INFO     | app.main:startup_event:88 - AI Quiz Generator Backend started successfully
2026-08-13 23:38:44 | INFO     | app.main:shutdown_event:94 - Shutting down AI Quiz Generator Backend...
2026-08-13 23:38:44 | INFO     | app.main:shutdown_event:101 - Vector database indexes saved
2026-08-13 23:38:44 | INFO     | app.main:shutdown_event:105 - AI Quiz Generator Backend shut down successfully
2026-08-13 23:38:44 | ERROR    | app.utils.cache:_connect:27 - Failed to connect to Redis: Error 10061 connecting to localhost:6379. No connection could be made because the target machine actively refused it.
2026-08-13 23:38:44 | WARNING  | app.main:startup_event:85 - Redis cache not available
2026-08-13 23:38:44 | INFO     | app.main:startup_event:89 - AI Quiz Generator Backend started successfully
2026-08-13 23:38:44 | ERROR    | app.utils.cache:_connect:27 - Failed to connect to Redis: Error 10061 connecting to localhost:6379. No connection could be made because the target machine actively refused it.
2026-08-13 23:38:44 | WARNING  | app.main:startup_event:84 - Redis cache not available
2026-08-13 23:38:44 | INFO     | app.main:startup_event:88 - AI Quiz Generator Backend started successfully
2026-08-13 23:38:44 | INFO     | app.main:shutdown_event:94 - Shutting down AI Quiz Generator Backend...
2026-08-13 23:38:44 | INFO     | app.main:shutdown_event:101 - Vector database indexes saved
2026-08-13 23:38:44 | INFO     | app.main:shutdown_event:105 - AI Quiz Generator Backend shut down successfully
2026-08-13 23:38:44 | ERROR    | app.utils.cache:_connect:27 - Failed to connect to Redis: Error 10061 connecting to localhost:6379. No connection could be made because the target machine actively refused it.
2026-08-13 23:38:44 | WARNING  | app.main:startup_event:84 - Redis cache not available
2026-08-13 23:38:44 | INFO     | app.main:startup_event:88 - AI Quiz Generator Backend started successfully
2026-08-13 23:38:44 | INFO     | app.main:shutdown_event:94 - Shutting down AI Quiz Generator Backend...
2026-08-13 23:38:44 | INFO     | app.main:shutdown_event:101 - Vector database indexes saved
2026-08-13 23:38:44 | INFO     | app.main:shutdown_event:105 - AI Quiz Generator Backend shut down successfully
2026-08-13 23:38:44 | ERROR    | app.utils.cache:_connect:27 - Failed to connect to Redis: Error 10061 connecting to localhost:6379. No connection could be made because the target machine actively refused it.
2026-08-13 23:38:44 | WARNING  | app.main:startup_event:89 - Redis cache not available
2026-08-13 23:38:44 | INFO     | app.main:startup_event:93 - AI Quiz Generator Backend started successfully
2026-08-13 23:38:44 | INFO     | app.main:shutdown_event:99 - Shutting down AI Quiz Generator Backend...
2026-08-13 23:38:45 | INFO     | app.main:shutdown_event:106 - Vector database indexes saved
2026-08-13 23:38:45 | INFO     | app.main:shutdown_event:110 - AI Quiz Generator Backend shut down successfully
2026-08-13 23:38:54 | INFO     | app.nlp.embedding:_load_model:39 - Loading embedding model: all-MiniLM-L6-v2
2026-08-13 23:38:56 | INFO     | app.nlp.embedding:_load_model:39 - Loading embedding model: all-MiniLM-L6-v2
2026-08-13 23:39:18 | ERROR    | app.nlp.embedding:_load_model:44 - Failed to load embedding model: [Errno 22] Invalid argument
2026-08-13 23:39:18 | WARNING  | app.main:startup_event:76 - Vector database initialization failed: [Errno 22] Invalid argument
2026-08-13 23:39:18 | INFO     | app.main:startup_event:77 - Application will continue without vector database
2026-08-13 23:39:18 | ERROR    | app.nlp.embedding:_load_model:44 - Failed to load embedding model: [Errno 22] Invalid argument
2026-08-13 23:39:18 | WARNING  | app.main:startup_event:76 - Vector database initialization failed: [Errno 22] Invalid argument
2026-08-13 23:39:18 | INFO     | app.main:startup_event:77 - Application will continue without vector database
2026-08-13 23:39:19 | ERROR    | app.nlp.embedding:_load_model:44 - Failed to load embedding model: [Errno 22] Invalid argument
2026-08-13 23:39:19 | WARNING  | app.main:startup_event:76 - Vector database initialization failed: [Errno 22] Invalid argument
2026-08-13 23:39:20 | ERROR    | app.nlp.embedding:_load_model:44 - Failed to load embedding model: [Errno 22] Invalid argument
2026-08-13 23:39:20 | WARNING  | app.main:startup_event:76 - Vector database initialization failed: [Errno 22] Invalid argument
2026-08-13 23:39:23 | ERROR    | app.utils.cache:_connect:27 - Failed to connect to Redis: Error 10061 connecting to localhost:6379. No connection could be made because the target machine actively refused it.
2026-08-13 23:39:23 | WARNING  | app.main:startup_event:85 - Redis cache not available
2026-08-13 23:39:23 | INFO     | app.main:startup_event:89 - AI Quiz Generator Backend started successfully
2026-08-13 23:39:23 | INFO     | app.main:shutdown_event:95 - Shutting down AI Quiz Generator Backend...
2026-08-13 23:39:23 | INFO     | app.main:shutdown_event:102 - Vector database indexes saved
2026-08-13 23:39:23 | INFO     | app.main:shutdown_event:106 - AI Quiz Generator Backend shut down successfully
2026-08-13 23:39:23 | ERROR    | app.utils.cache:_connect:27 - Failed to connect to Redis: Error 10061 connecting to localhost:6379. No connection could be made because the target machine actively refused it.
2026-08-13 23:39:23 | WARNING  | app.main:startup_event:85 - Redis cache not available
2026-08-13 23:39:23 | INFO     | app.main:startup_event:89 - AI Quiz Generator Backend started successfully
2026-08-13 23:39:23 | INFO     | app.main:shutdown_event:95 - Shutting down AI Quiz Generator Backend...
2026-08-13 23:39:23 | INFO     | app.main:shutdown_event:102 - Vector database indexes saved
2026-08-13 23:39:23 | INFO     | app.main:shutdown_event:106 - AI Quiz Generator Backend shut down successfully
2026-08-13 23:39:23 | ERROR    | app.utils.cache:_connect:27 - Failed to connect to Redis: Error 10061 connecting to localhost:6379. No connection could be made because the target machine actively refused it.
2026-08-13 23:39:23 | WARNING  | app.main:startup_event:84 - Redis cache not available
2026-08-13 23:39:23 | INFO     | app.main:startup_event:88 - AI Quiz Generator Backend started successfully
2026-08-13 23:39:23 | INFO     | app.main:shutdown_event:94 - Shutting down AI Quiz Generator Backend...
2026-08-13 23:39:23 | INFO     | app.main:shutdown_event:101 - Vector database indexes saved
2026-08-13 23:39:23 | INFO     | app.main:shutdown_event:105 - AI Quiz Generator Backend shut down successfully
2026-08-13 23:39:24 | ERROR    | app.utils.cache:_connect:27 - Failed to connect to Redis: Error 10061 connecting to localhost:6379. No connection could be made because the target machine actively refused it.
2026-08-13 23:39:24 | WARNING  | app.main:startup_event:84 - Redis cache not available
2026-08-13 23:39:24 | INFO     | app.main:startup_event:88 - AI Quiz Generator Backend started successfully
2026-08-13 23:39:24 | INFO     | app.main:shutdown_event:94 - Shutting down AI Quiz Generator Backend...
2026-08-13 23:39:24 | INFO     | app.main:shutdown_event:101 - Vector database indexes saved
2026-08-13 23:39:24 | INFO     | app.main:shutdown_event:105 - AI Quiz Generator Backend shut down successfully
2026-08-13 23:42:05 | INFO     | app.main:shutdown_event:95 - Shutting down AI Quiz Generator Backend...
2026-08-13 23:42:05 | INFO     | app.main:shutdown_event:102 - Vector database indexes saved
2026-08-13 23:42:05 | INFO     | app.main:shutdown_event:106 - AI Quiz Generator Backend shut down successfully
2026-08-13 23:43:52 | INFO     | app.main:startup_event:55 - Starting AI Quiz Generator Backend...
2026-08-13 23:43:53 | INFO     | app.main:startup_event:61 - PostgreSQL database tables created successfully
2026-08-13 23:43:53 | INFO     | app.main:startup_event:55 - Starting AI Quiz Generator Backend...
2026-08-13 23:43:53 | INFO     | app.main:startup_event:61 - PostgreSQL database tables created successfully
2026-08-13 23:43:53 | INFO     | app.main:startup_event:55 - Starting AI Quiz Generator Backend...
2026-08-13 23:43:53 | INFO     | app.main:startup_event:55 - Starting AI Quiz Generator Backend...
2026-08-13 23:43:53 | INFO     | app.main:startup_event:61 - PostgreSQL database tables created successfully
2026-08-13 23:43:53 | INFO     | app.nlp.embedding:_load_model:39 - Loading embedding model: all-MiniLM-L6-v2
2026-08-13 23:43:53 | INFO     | app.main:startup_event:61 - PostgreSQL database tables created successfully
2026-08-13 23:43:53 | INFO     | app.nlp.embedding:_load_model:39 - Loading embedding model: all-MiniLM-L6-v2
2026-08-13 23:43:53 | INFO     | app.main:startup_event:55 - Starting AI Quiz Generator Backend...
2026-08-13 23:43:54 | INFO     | app.main:startup_event:61 - PostgreSQL database tables created successfully
2026-08-13 23:43:54 | INFO     | app.nlp.embedding:_load_model:39 - Loading embedding model: all-MiniLM-L6-v2
2026-08-13 23:43:54 | INFO     | app.main:startup_event:55 - Starting AI Quiz Generator Backend...
2026-08-13 23:43:54 | INFO     | app.main:startup_event:61 - PostgreSQL database tables created successfully
2026-08-13 23:43:54 | INFO     | app.nlp.embedding:_load_model:39 - Loading embedding model: all-MiniLM-L6-v2
2026-08-13 23:43:55 | INFO     | app.nlp.embedding:_load_model:39 - Loading embedding model: all-MiniLM-L6-v2
2026-08-13 23:43:55 | INFO     | app.nlp.embedding:_load_model:39 - Loading embedding model: all-MiniLM-L6-v2
2026-08-13 23:43:55 | INFO     | app.main:startup_event:55 - Starting AI Quiz Generator Backend...
2026-08-13 23:43:57 | INFO     | app.main:shutdown_event:95 - Shutting down AI Quiz Generator Backend...
2026-08-13 23:43:57 | INFO     | app.main:shutdown_event:102 - Vector database indexes saved
2026-08-13 23:43:57 | INFO     | app.main:shutdown_event:106 - AI Quiz Generator Backend shut down successfully
2026-08-13 23:43:57 | INFO     | app.main:startup_event:61 - PostgreSQL database tables created successfully
2026-08-13 23:43:58 | INFO     | app.main:startup_event:55 - Starting AI Quiz Generator Backend...
2026-08-13 23:43:58 | INFO     | app.main:startup_event:55 - Starting AI Quiz Generator Backend...
2026-08-13 23:43:58 | INFO     | app.main:startup_event:61 - PostgreSQL database tables created successfully
2026-08-13 23:43:58 | INFO     | app.main:startup_event:61 - PostgreSQL database tables created successfully
2026-08-13 23:43:58 | INFO     | app.nlp.embedding:_load_model:39 - Loading embedding model: all-MiniLM-L6-v2
2026-08-13 23:43:58 | INFO     | app.nlp.embedding:_load_model:39 - Loading embedding model: all-MiniLM-L6-v2
2026-08-13 23:43:59 | INFO     | app.nlp.embedding:_load_model:39 - Loading embedding model: all-MiniLM-L6-v2
2026-08-13 23:43:59 | INFO     | app.main:startup_event:55 - Starting AI Quiz Generator Backend...
2026-08-13 23:44:00 | INFO     | app.main:startup_event:55 - Starting AI Quiz Generator Backend...
2026-08-13 23:44:00 | INFO     | app.main:startup_event:61 - PostgreSQL database tables created successfully
2026-08-13 23:44:00 | INFO     | app.main:startup_event:61 - PostgreSQL database tables created successfully
2026-08-13 23:44:03 | ERROR    | app.nlp.embedding:_load_model:44 - Failed to load embedding model: The paging file is too small for this operation to complete. (os error 1455)
2026-08-13 23:44:03 | WARNING  | app.main:startup_event:76 - Vector database initialization failed: The paging file is too small for this operation to complete. (os error 1455)
2026-08-13 23:44:03 | INFO     | app.main:startup_event:77 - Application will continue without vector database
2026-08-13 23:44:03 | ERROR    | app.nlp.embedding:_load_model:44 - Failed to load embedding model: The paging file is too small for this operation to complete. (os error 1455)
2026-08-13 23:44:03 | WARNING  | app.main:startup_event:76 - Vector database initialization failed: The paging file is too small for this operation to complete. (os error 1455)
2026-08-13 23:44:03 | INFO     | app.main:startup_event:77 - Application will continue without vector database
2026-08-13 23:44:04 | ERROR    | app.nlp.embedding:_load_model:44 - Failed to load embedding model: The paging file is too small for this operation to complete. (os error 1455)
2026-08-13 23:44:04 | WARNING  | app.main:startup_event:76 - Vector database initialization failed: The paging file is too small for this operation to complete. (os error 1455)
2026-08-13 23:44:04 | INFO     | app.main:startup_event:77 - Application will continue without vector database
2026-08-13 23:44:04 | ERROR    | app.nlp.embedding:_load_model:44 - Failed to load embedding model: The paging file is too small for this operation to complete. (os error 1455)
2026-08-13 23:44:04 | WARNING  | app.main:startup_event:76 - Vector database initialization failed: The paging file is too small for this operation to complete. (os error 1455)
2026-08-13 23:44:04 | INFO     | app.main:startup_event:77 - Application will continue without vector database
2026-08-13 23:44:04 | ERROR    | app.nlp.embedding:_load_model:44 - Failed to load embedding model: The paging file is too small for this operation to complete. (os error 1455)
2026-08-13 23:44:04 | WARNING  | app.main:startup_event:76 - Vector database initialization failed: The paging file is too small for this operation to complete. (os error 1455)
2026-08-13 23:44:04 | INFO     | app.main:startup_event:77 - Application will continue without vector database
2026-08-13 23:44:05 | ERROR    | app.nlp.embedding:_load_model:44 - Failed to load embedding model: The paging file is too small for this operation to complete. (os error 1455)
2026-08-13 23:44:05 | WARNING  | app.main:startup_event:76 - Vector database initialization failed: The paging file is too small for this operation to complete. (os error 1455)
2026-08-13 23:44:05 | INFO     | app.main:startup_event:77 - Application will continue without vector database
2026-08-13 23:44:05 | ERROR    | app.nlp.embedding:_load_model:44 - Failed to load embedding model: The paging file is too small for this operation to complete. (os error 1455)
2026-08-13 23:44:05 | WARNING  | app.main:startup_event:76 - Vector database initialization failed: The paging file is too small for this operation to complete. (os error 1455)
2026-08-13 23:44:05 | INFO     | app.main:startup_event:77 - Application will continue without vector database
2026-08-13 23:44:05 | ERROR    | app.nlp.embedding:_load_model:44 - Failed to load embedding model: The paging file is too small for this operation to complete. (os error 1455)
2026-08-13 23:44:05 | WARNING  | app.main:startup_event:76 - Vector database initialization failed: The paging file is too small for this operation to complete. (os error 1455)
2026-08-13 23:44:05 | INFO     | app.main:startup_event:77 - Application will continue without vector database
2026-08-13 23:44:06 | ERROR    | app.nlp.embedding:_load_model:44 - Failed to load embedding model: The paging file is too small for this operation to complete. (os error 1455)
2026-08-13 23:44:06 | WARNING  | app.main:startup_event:76 - Vector database initialization failed: The paging file is too small for this operation to complete. (os error 1455)
2026-08-13 23:44:06 | INFO     | app.main:startup_event:77 - Application will continue without vector database
2026-08-13 23:44:08 | ERROR    | app.utils.cache:_connect:27 - Failed to connect to Redis: Error 10061 connecting to localhost:6379. No connection could be made because the target machine actively refused it.
2026-08-13 23:44:08 | WARNING  | app.main:startup_event:85 - Redis cache not available
2026-08-13 23:44:08 | INFO     | app.main:startup_event:89 - AI Quiz Generator Backend started successfully
2026-08-13 23:44:08 | INFO     | app.main:shutdown_event:95 - Shutting down AI Quiz Generator Backend...
2026-08-13 23:44:08 | INFO     | app.main:shutdown_event:102 - Vector database indexes saved
2026-08-13 23:44:08 | INFO     | app.main:shutdown_event:106 - AI Quiz Generator Backend shut down successfully
2026-08-13 23:44:08 | ERROR    | app.utils.cache:_connect:27 - Failed to connect to Redis: Error 10061 connecting to localhost:6379. No connection could be made because the target machine actively refused it.
2026-08-13 23:44:08 | WARNING  | app.main:startup_event:85 - Redis cache not available
2026-08-13 23:44:08 | INFO     | app.main:startup_event:89 - AI Quiz Generator Backend started successfully
2026-08-13 23:44:08 | INFO     | app.main:shutdown_event:95 - Shutting down AI Quiz Generator Backend...
2026-08-13 23:44:08 | INFO     | app.main:shutdown_event:102 - Vector database indexes saved
2026-08-13 23:44:08 | INFO     | app.main:shutdown_event:106 - AI Quiz Generator Backend shut down successfully
2026-08-13 23:44:08 | ERROR    | app.utils.cache:_connect:27 - Failed to connect to Redis: Error 10061 connecting to localhost:6379. No connection could be made because the target machine actively refused it.
2026-08-13 23:44:08 | WARNING  | app.main:startup_event:85 - Redis cache not available
2026-08-13 23:44:08 | INFO     | app.main:startup_event:89 - AI Quiz Generator Backend started successfully
2026-08-13 23:44:08 | INFO     | app.main:shutdown_event:95 - Shutting down AI Quiz Generator Backend...
2026-08-13 23:44:08 | INFO     | app.main:shutdown_event:102 - Vector database indexes saved
2026-08-13 23:44:08 | INFO     | app.main:shutdown_event:106 - AI Quiz Generator Backend shut down successfully
2026-08-13 23:44:08 | ERROR    | app.utils.cache:_connect:27 - Failed to connect to Redis: Error 10061 connecting to localhost:6379. No connection could be made because the target machine actively refused it.
2026-08-13 23:44:08 | WARNING  | app.main:startup_event:85 - Redis cache not available
2026-08-13 23:44:08 | INFO     | app.main:startup_event:89 - AI Quiz Generator Backend started successfully
2026-08-13 23:44:08 | INFO     | app.main:shutdown_event:95 - Shutting down AI Quiz Generator Backend...
2026-08-13 23:44:08 | INFO     | app.main:shutdown_event:102 - Vector database indexes saved
2026-08-13 23:44:08 | INFO     | app.main:shutdown_event:106 - AI Quiz Generator Backend shut down successfully
2026-08-13 23:44:08 | ERROR    | app.utils.cache:_connect:27 - Failed to connect to Redis: Error 10061 connecting to localhost:6379. No connection could be made because the target machine actively refused it.
2026-08-13 23:44:08 | WARNING  | app.main:startup_event:85 - Redis cache not available
2026-08-13 23:44:08 | INFO     | app.main:startup_event:89 - AI Quiz Generator Backend started successfully
2026-08-13 23:44:08 | INFO     | app.main:shutdown_event:95 - Shutting down AI Quiz Generator Backend...
2026-08-13 23:44:09 | INFO     | app.main:shutdown_event:102 - Vector database indexes saved
2026-08-13 23:44:09 | INFO     | app.main:shutdown_event:106 - AI Quiz Generator Backend shut down successfully
2026-08-13 23:44:09 | INFO     | app.nlp.embedding:_load_model:39 - Loading embedding model: all-MiniLM-L6-v2
2026-08-13 23:44:10 | ERROR    | app.utils.cache:_connect:27 - Failed to connect to Redis: Error 10061 connecting to localhost:6379. No connection could be made because the target machine actively refused it.
2026-08-13 23:44:10 | ERROR    | app.utils.cache:_connect:27 - Failed to connect to Redis: Error 10061 connecting to localhost:6379. No connection could be made because the target machine actively refused it.
2026-08-13 23:44:10 | WARNING  | app.main:startup_event:85 - Redis cache not available
2026-08-13 23:44:10 | INFO     | app.main:startup_event:89 - AI Quiz Generator Backend started successfully
2026-08-13 23:44:10 | WARNING  | app.main:startup_event:85 - Redis cache not available
2026-08-13 23:44:10 | INFO     | app.main:startup_event:89 - AI Quiz Generator Backend started successfully
2026-08-13 23:44:10 | INFO     | app.main:shutdown_event:95 - Shutting down AI Quiz Generator Backend...
2026-08-13 23:44:10 | INFO     | app.main:shutdown_event:95 - Shutting down AI Quiz Generator Backend...
2026-08-13 23:44:10 | INFO     | app.main:shutdown_event:102 - Vector database indexes saved
2026-08-13 23:44:10 | INFO     | app.main:shutdown_event:106 - AI Quiz Generator Backend shut down successfully
2026-08-13 23:44:10 | INFO     | app.main:shutdown_event:102 - Vector database indexes saved
2026-08-13 23:44:10 | INFO     | app.main:shutdown_event:106 - AI Quiz Generator Backend shut down successfully
2026-08-13 23:44:13 | ERROR    | app.utils.cache:_connect:27 - Failed to connect to Redis: Error 10061 connecting to localhost:6379. No connection could be made because the target machine actively refused it.
2026-08-13 23:44:13 | WARNING  | app.main:startup_event:85 - Redis cache not available
2026-08-13 23:44:13 | INFO     | app.main:startup_event:89 - AI Quiz Generator Backend started successfully
2026-08-13 23:44:13 | INFO     | app.main:shutdown_event:95 - Shutting down AI Quiz Generator Backend...
2026-08-13 23:44:13 | INFO     | app.main:shutdown_event:102 - Vector database indexes saved
2026-08-13 23:44:13 | INFO     | app.main:shutdown_event:106 - AI Quiz Generator Backend shut down successfully
2026-08-13 23:44:14 | ERROR    | app.utils.cache:_connect:27 - Failed to connect to Redis: Error 10061 connecting to localhost:6379. No connection could be made because the target machine actively refused it.
2026-08-13 23:44:14 | WARNING  | app.main:startup_event:85 - Redis cache not available
2026-08-13 23:44:14 | INFO     | app.main:startup_event:89 - AI Quiz Generator Backend started successfully
2026-08-13 23:44:14 | INFO     | app.main:shutdown_event:95 - Shutting down AI Quiz Generator Backend...
2026-08-13 23:44:14 | INFO     | app.main:shutdown_event:102 - Vector database indexes saved
2026-08-13 23:44:14 | INFO     | app.main:shutdown_event:106 - AI Quiz Generator Backend shut down successfully
2026-08-13 23:44:23 | INFO     | app.nlp.embedding:_load_model:39 - Loading embedding model: all-MiniLM-L6-v2
2026-08-13 23:45:01 | ERROR    | app.nlp.embedding:_load_model:44 - Failed to load embedding model: [Errno 22] Invalid argument
2026-08-13 23:45:01 | WARNING  | app.main:startup_event:76 - Vector database initialization failed: [Errno 22] Invalid argument
2026-08-13 23:45:01 | INFO     | app.main:startup_event:77 - Application will continue without vector database
2026-08-13 23:45:02 | ERROR    | app.nlp.embedding:_load_model:44 - Failed to load embedding model: [Errno 22] Invalid argument
2026-08-13 23:45:02 | WARNING  | app.main:startup_event:76 - Vector database initialization failed: [Errno 22] Invalid argument
2026-08-13 23:45:02 | INFO     | app.main:startup_event:77 - Application will continue without vector database
2026-08-13 23:45:05 | ERROR    | app.utils.cache:_connect:27 - Failed to connect to Redis: Error 10061 connecting to localhost:6379. No connection could be made because the target machine actively refused it.
2026-08-13 23:45:05 | WARNING  | app.main:startup_event:85 - Redis cache not available
2026-08-13 23:45:05 | INFO     | app.main:startup_event:89 - AI Quiz Generator Backend started successfully
2026-08-13 23:45:05 | INFO     | app.main:shutdown_event:95 - Shutting down AI Quiz Generator Backend...
2026-08-13 23:45:05 | INFO     | app.main:shutdown_event:102 - Vector database indexes saved
2026-08-13 23:45:05 | INFO     | app.main:shutdown_event:106 - AI Quiz Generator Backend shut down successfully
2026-08-13 23:45:06 | ERROR    | app.utils.cache:_connect:27 - Failed to connect to Redis: Error 10061 connecting to localhost:6379. No connection could be made because the target machine actively refused it.
2026-08-13 23:45:06 | WARNING  | app.main:startup_event:85 - Redis cache not available
2026-08-13 23:45:06 | INFO     | app.main:startup_event:89 - AI Quiz Generator Backend started successfully
2026-08-13 23:45:06 | INFO     | app.main:shutdown_event:95 - Shutting down AI Quiz Generator Backend...
2026-08-13 23:45:06 | INFO     | app.main:shutdown_event:102 - Vector database indexes saved
2026-08-13 23:45:06 | INFO     | app.main:shutdown_event:106 - AI Quiz Generator Backend shut down successfully
2026-08-13 23:45:32 | INFO     | app.main:startup_event:55 - Starting AI Quiz Generator Backend...
2026-08-13 23:45:34 | INFO     | app.main:startup_event:61 - PostgreSQL database tables created successfully
2026-08-13 23:45:35 | INFO     | app.nlp.embedding:_load_model:39 - Loading embedding model: all-MiniLM-L6-v2
2026-08-13 23:45:47 | INFO     | app.nlp.embedding:_load_model:42 - Model loaded successfully. Dimension: 384
2026-08-13 23:45:47 | INFO     | app.utils.vector_db:_initialize_index:39 - Initialized FAISS index with type: flat
2026-08-13 23:45:47 | INFO     | app.main:startup_event:74 - Vector database initialized
2026-08-13 23:45:51 | ERROR    | app.utils.cache:_connect:27 - Failed to connect to Redis: Error 10061 connecting to localhost:6379. No connection could be made because the target machine actively refused it.
2026-08-13 23:45:52 | WARNING  | app.main:startup_event:85 - Redis cache not available
2026-08-13 23:45:52 | INFO     | app.main:startup_event:89 - AI Quiz Generator Backend started successfully
2026-08-13 23:45:52 | INFO     | app.main:shutdown_event:95 - Shutting down AI Quiz Generator Backend...
2026-08-13 23:45:52 | INFO     | app.main:shutdown_event:102 - Vector database indexes saved
2026-08-13 23:45:52 | INFO     | app.main:shutdown_event:106 - AI Quiz Generator Backend shut down successfully
2026-08-13 23:46:39 | INFO     | app.main:startup_event:57 - Starting AI Quiz Generator Backend...
2026-08-13 23:46:39 | INFO     | app.main:startup_event:63 - PostgreSQL database tables created successfully
2026-08-13 23:46:39 | INFO     | app.nlp.embedding:_load_model:39 - Loading embedding model: all-MiniLM-L6-v2
2026-08-13 23:46:54 | INFO     | app.nlp.embedding:_load_model:42 - Model loaded successfully. Dimension: 384
2026-08-13 23:46:54 | INFO     | app.utils.vector_db:_initialize_index:39 - Initialized FAISS index with type: flat
2026-08-13 23:46:54 | INFO     | app.main:startup_event:76 - Vector database initialized
2026-08-13 23:46:59 | ERROR    | app.utils.cache:_connect:27 - Failed to connect to Redis: Error 10061 connecting to localhost:6379. No connection could be made because the target machine actively refused it.
2026-08-13 23:46:59 | WARNING  | app.main:startup_event:87 - Redis cache not available
2026-08-13 23:46:59 | INFO     | app.main:startup_event:91 - AI Quiz Generator Backend started successfully
2026-08-13 23:46:59 | INFO     | app.main:shutdown_event:97 - Shutting down AI Quiz Generator Backend...
2026-08-13 23:46:59 | INFO     | app.main:shutdown_event:104 - Vector database indexes saved
2026-08-13 23:46:59 | INFO     | app.main:shutdown_event:108 - AI Quiz Generator Backend shut down successfully
2026-08-13 23:48:23 | INFO     | app.main:startup_event:57 - Starting AI Quiz Generator Backend...
2026-08-13 23:48:23 | INFO     | app.main:startup_event:63 - PostgreSQL database tables created successfully
2026-08-13 23:48:23 | INFO     | app.main:startup_event:57 - Starting AI Quiz Generator Backend...
2026-08-13 23:48:24 | INFO     | app.main:startup_event:63 - PostgreSQL database tables created successfully
2026-08-13 23:48:24 | INFO     | app.nlp.embedding:_load_model:39 - Loading embedding model: all-MiniLM-L6-v2
2026-08-13 23:48:24 | INFO     | app.nlp.embedding:_load_model:39 - Loading embedding model: all-MiniLM-L6-v2
2026-08-13 23:48:49 | INFO     | app.main:startup_event:57 - Starting AI Quiz Generator Backend...
2026-08-13 23:48:50 | INFO     | app.main:startup_event:63 - PostgreSQL database tables created successfully
2026-08-13 23:48:50 | INFO     | app.main:startup_event:57 - Starting AI Quiz Generator Backend...
2026-08-13 23:48:50 | INFO     | app.main:startup_event:63 - PostgreSQL database tables created successfully
2026-08-13 23:48:51 | INFO     | app.nlp.embedding:_load_model:39 - Loading embedding model: all-MiniLM-L6-v2
2026-08-13 23:48:51 | INFO     | app.nlp.embedding:_load_model:39 - Loading embedding model: all-MiniLM-L6-v2
2026-08-13 23:48:55 | ERROR    | app.nlp.embedding:_load_model:44 - Failed to load embedding model: [Errno 22] Invalid argument
2026-08-13 23:48:55 | WARNING  | app.main:startup_event:78 - Vector database initialization failed: [Errno 22] Invalid argument
2026-08-13 23:48:55 | INFO     | app.main:startup_event:79 - Application will continue without vector database
2026-08-13 23:48:57 | ERROR    | app.nlp.embedding:_load_model:44 - Failed to load embedding model: [Errno 22] Invalid argument
2026-08-13 23:48:57 | WARNING  | app.main:startup_event:78 - Vector database initialization failed: [Errno 22] Invalid argument
2026-08-13 23:48:57 | INFO     | app.main:startup_event:79 - Application will continue without vector database
2026-08-13 23:48:57 | ERROR    | app.nlp.embedding:_load_model:44 - Failed to load embedding model: [Errno 22] Invalid argument
2026-08-13 23:48:57 | WARNING  | app.main:startup_event:78 - Vector database initialization failed: [Errno 22] Invalid argument
2026-08-13 23:48:57 | INFO     | app.main:startup_event:79 - Application will continue without vector database
2026-08-13 23:49:00 | ERROR    | app.utils.cache:_connect:27 - Failed to connect to Redis: Error 10061 connecting to localhost:6379. No connection could be made because the target machine actively refused it.
2026-08-13 23:49:00 | WARNING  | app.main:startup_event:87 - Redis cache not available
2026-08-13 23:49:00 | INFO     | app.main:startup_event:91 - AI Quiz Generator Backend started successfully
2026-08-13 23:49:00 | INFO     | app.main:shutdown_event:97 - Shutting down AI Quiz Generator Backend...
2026-08-13 23:49:00 | INFO     | app.main:shutdown_event:104 - Vector database indexes saved
2026-08-13 23:49:00 | INFO     | app.main:shutdown_event:108 - AI Quiz Generator Backend shut down successfully
2026-08-13 23:49:01 | INFO     | app.main:startup_event:57 - Starting AI Quiz Generator Backend...
2026-08-13 23:49:01 | INFO     | app.main:startup_event:63 - PostgreSQL database tables created successfully
2026-08-13 23:49:01 | ERROR    | app.utils.cache:_connect:27 - Failed to connect to Redis: Error 10061 connecting to localhost:6379. No connection could be made because the target machine actively refused it.
2026-08-13 23:49:01 | WARNING  | app.main:startup_event:87 - Redis cache not available
2026-08-13 23:49:01 | INFO     | app.main:startup_event:91 - AI Quiz Generator Backend started successfully
2026-08-13 23:49:01 | INFO     | app.main:shutdown_event:97 - Shutting down AI Quiz Generator Backend...
2026-08-13 23:49:01 | INFO     | app.main:shutdown_event:104 - Vector database indexes saved
2026-08-13 23:49:01 | INFO     | app.main:shutdown_event:108 - AI Quiz Generator Backend shut down successfully
2026-08-13 23:49:02 | INFO     | app.nlp.embedding:_load_model:39 - Loading embedding model: all-MiniLM-L6-v2
2026-08-13 23:49:02 | ERROR    | app.utils.cache:_connect:27 - Failed to connect to Redis: Error 10061 connecting to localhost:6379. No connection could be made because the target machine actively refused it.
2026-08-13 23:49:02 | WARNING  | app.main:startup_event:87 - Redis cache not available
2026-08-13 23:49:02 | INFO     | app.main:startup_event:91 - AI Quiz Generator Backend started successfully
2026-08-13 23:49:02 | INFO     | app.main:shutdown_event:97 - Shutting down AI Quiz Generator Backend...
2026-08-13 23:49:02 | INFO     | app.main:shutdown_event:104 - Vector database indexes saved
2026-08-13 23:49:02 | INFO     | app.main:shutdown_event:108 - AI Quiz Generator Backend shut down successfully
2026-08-13 23:49:15 | INFO     | app.main:startup_event:57 - Starting AI Quiz Generator Backend...
2026-08-13 23:49:15 | INFO     | app.main:startup_event:63 - PostgreSQL database tables created successfully
2026-08-13 23:49:15 | INFO     | app.main:startup_event:57 - Starting AI Quiz Generator Backend...
2026-08-13 23:49:15 | INFO     | app.main:startup_event:57 - Starting AI Quiz Generator Backend...
2026-08-13 23:49:15 | INFO     | app.main:startup_event:63 - PostgreSQL database tables created successfully
2026-08-13 23:49:15 | INFO     | app.nlp.embedding:_load_model:39 - Loading embedding model: all-MiniLM-L6-v2
2026-08-13 23:49:15 | INFO     | app.nlp.embedding:_load_model:39 - Loading embedding model: all-MiniLM-L6-v2
2026-08-13 23:49:15 | INFO     | app.main:startup_event:63 - PostgreSQL database tables created successfully
2026-08-13 23:49:16 | INFO     | app.nlp.embedding:_load_model:39 - Loading embedding model: all-MiniLM-L6-v2
2026-08-13 23:49:16 | INFO     | app.main:startup_event:57 - Starting AI Quiz Generator Backend...
2026-08-13 23:49:16 | INFO     | app.main:startup_event:63 - PostgreSQL database tables created successfully
2026-08-13 23:49:17 | INFO     | app.nlp.embedding:_load_model:39 - Loading embedding model: all-MiniLM-L6-v2
2026-08-13 23:49:18 | INFO     | app.main:startup_event:57 - Starting AI Quiz Generator Backend...
2026-08-13 23:49:18 | INFO     | app.main:startup_event:63 - PostgreSQL database tables created successfully
2026-08-13 23:49:18 | ERROR    | app.nlp.embedding:_load_model:44 - Failed to load embedding model: [Errno 22] Invalid argument
2026-08-13 23:49:18 | WARNING  | app.main:startup_event:78 - Vector database initialization failed: [Errno 22] Invalid argument
2026-08-13 23:49:18 | INFO     | app.main:startup_event:79 - Application will continue without vector database
2026-08-13 23:49:18 | INFO     | app.nlp.embedding:_load_model:39 - Loading embedding model: all-MiniLM-L6-v2
2026-08-13 23:49:21 | ERROR    | app.nlp.embedding:_load_model:44 - Failed to load embedding model: [Errno 22] Invalid argument
2026-08-13 23:49:21 | WARNING  | app.main:startup_event:78 - Vector database initialization failed: [Errno 22] Invalid argument
2026-08-13 23:49:21 | INFO     | app.main:startup_event:79 - Application will continue without vector database
2026-08-13 23:49:23 | ERROR    | app.utils.cache:_connect:27 - Failed to connect to Redis: Error 10061 connecting to localhost:6379. No connection could be made because the target machine actively refused it.
2026-08-13 23:49:23 | WARNING  | app.main:startup_event:87 - Redis cache not available
2026-08-13 23:49:23 | INFO     | app.main:startup_event:91 - AI Quiz Generator Backend started successfully
2026-08-13 23:49:23 | INFO     | app.main:shutdown_event:97 - Shutting down AI Quiz Generator Backend...
2026-08-13 23:49:23 | INFO     | app.main:shutdown_event:104 - Vector database indexes saved
2026-08-13 23:49:23 | INFO     | app.main:shutdown_event:108 - AI Quiz Generator Backend shut down successfully
2026-08-13 23:49:23 | INFO     | app.main:startup_event:57 - Starting AI Quiz Generator Backend...
2026-08-13 23:49:23 | INFO     | app.main:startup_event:63 - PostgreSQL database tables created successfully
2026-08-13 23:49:23 | INFO     | app.nlp.embedding:_load_model:39 - Loading embedding model: all-MiniLM-L6-v2
2026-08-13 23:49:24 | INFO     | app.main:startup_event:57 - Starting AI Quiz Generator Backend...
2026-08-13 23:49:24 | ERROR    | app.nlp.embedding:_load_model:44 - Failed to load embedding model: [Errno 22] Invalid argument
2026-08-13 23:49:24 | WARNING  | app.main:startup_event:78 - Vector database initialization failed: [Errno 22] Invalid argument
2026-08-13 23:49:24 | INFO     | app.main:startup_event:79 - Application will continue without vector database
2026-08-13 23:49:24 | INFO     | app.main:startup_event:63 - PostgreSQL database tables created successfully
2026-08-13 23:49:24 | INFO     | app.nlp.embedding:_load_model:39 - Loading embedding model: all-MiniLM-L6-v2
2026-08-13 23:49:25 | ERROR    | app.nlp.embedding:_load_model:44 - Failed to load embedding model: [Errno 22] Invalid argument
2026-08-13 23:49:25 | WARNING  | app.main:startup_event:78 - Vector database initialization failed: [Errno 22] Invalid argument
2026-08-13 23:49:25 | INFO     | app.main:startup_event:79 - Application will continue without vector database
2026-08-13 23:49:25 | ERROR    | app.utils.cache:_connect:27 - Failed to connect to Redis: Error 10061 connecting to localhost:6379. No connection could be made because the target machine actively refused it.
2026-08-13 23:49:25 | WARNING  | app.main:startup_event:87 - Redis cache not available
2026-08-13 23:49:25 | INFO     | app.main:startup_event:91 - AI Quiz Generator Backend started successfully
2026-08-13 23:49:25 | INFO     | app.main:shutdown_event:97 - Shutting down AI Quiz Generator Backend...
2026-08-13 23:49:25 | INFO     | app.main:shutdown_event:104 - Vector database indexes saved
2026-08-13 23:49:25 | INFO     | app.main:shutdown_event:108 - AI Quiz Generator Backend shut down successfully
2026-08-13 23:49:26 | ERROR    | app.nlp.embedding:_load_model:44 - Failed to load embedding model: [Errno 22] Invalid argument
2026-08-13 23:49:26 | WARNING  | app.main:startup_event:78 - Vector database initialization failed: [Errno 22] Invalid argument
2026-08-13 23:49:26 | INFO     | app.main:startup_event:79 - Application will continue without vector database
2026-08-13 23:49:28 | ERROR    | app.nlp.embedding:_load_model:44 - Failed to load embedding model: [Errno 22] Invalid argument
2026-08-13 23:49:28 | WARNING  | app.main:startup_event:78 - Vector database initialization failed: [Errno 22] Invalid argument
2026-08-13 23:49:28 | INFO     | app.main:startup_event:79 - Application will continue without vector database
2026-08-13 23:49:28 | ERROR    | app.nlp.embedding:_load_model:44 - Failed to load embedding model: [Errno 22] Invalid argument
2026-08-13 23:49:28 | WARNING  | app.main:startup_event:78 - Vector database initialization failed: [Errno 22] Invalid argument
2026-08-13 23:49:28 | INFO     | app.main:startup_event:79 - Application will continue without vector database
2026-08-13 23:49:29 | ERROR    | app.utils.cache:_connect:27 - Failed to connect to Redis: Error 10061 connecting to localhost:6379. No connection could be made because the target machine actively refused it.
2026-08-13 23:49:29 | WARNING  | app.main:startup_event:87 - Redis cache not available
2026-08-13 23:49:29 | INFO     | app.main:startup_event:91 - AI Quiz Generator Backend started successfully
2026-08-13 23:49:29 | INFO     | app.main:shutdown_event:97 - Shutting down AI Quiz Generator Backend...
2026-08-13 23:49:29 | INFO     | app.main:shutdown_event:104 - Vector database indexes saved
2026-08-13 23:49:29 | INFO     | app.main:shutdown_event:108 - AI Quiz Generator Backend shut down successfully
2026-08-13 23:49:29 | ERROR    | app.utils.cache:_connect:27 - Failed to connect to Redis: Error 10061 connecting to localhost:6379. No connection could be made because the target machine actively refused it.
2026-08-13 23:49:29 | WARNING  | app.main:startup_event:87 - Redis cache not available
2026-08-13 23:49:29 | INFO     | app.main:startup_event:91 - AI Quiz Generator Backend started successfully
2026-08-13 23:49:29 | INFO     | app.main:shutdown_event:97 - Shutting down AI Quiz Generator Backend...
2026-08-13 23:49:29 | INFO     | app.main:shutdown_event:104 - Vector database indexes saved
2026-08-13 23:49:29 | INFO     | app.main:shutdown_event:108 - AI Quiz Generator Backend shut down successfully
2026-08-13 23:49:31 | ERROR    | app.utils.cache:_connect:27 - Failed to connect to Redis: Error 10061 connecting to localhost:6379. No connection could be made because the target machine actively refused it.
2026-08-13 23:49:31 | WARNING  | app.main:startup_event:87 - Redis cache not available
2026-08-13 23:49:31 | INFO     | app.main:startup_event:91 - AI Quiz Generator Backend started successfully
2026-08-13 23:49:31 | INFO     | app.main:shutdown_event:97 - Shutting down AI Quiz Generator Backend...
2026-08-13 23:49:31 | INFO     | app.main:shutdown_event:104 - Vector database indexes saved
2026-08-13 23:49:31 | INFO     | app.main:shutdown_event:108 - AI Quiz Generator Backend shut down successfully
2026-08-13 23:49:34 | ERROR    | app.utils.cache:_connect:27 - Failed to connect to Redis: Error 10061 connecting to localhost:6379. No connection could be made because the target machine actively refused it.
2026-08-13 23:49:34 | WARNING  | app.main:startup_event:87 - Redis cache not available
2026-08-13 23:49:34 | INFO     | app.main:startup_event:91 - AI Quiz Generator Backend started successfully
2026-08-13 23:49:34 | INFO     | app.main:shutdown_event:97 - Shutting down AI Quiz Generator Backend...
2026-08-13 23:49:34 | INFO     | app.main:shutdown_event:104 - Vector database indexes saved
2026-08-13 23:49:34 | INFO     | app.main:shutdown_event:108 - AI Quiz Generator Backend shut down successfully
2026-08-13 23:49:34 | ERROR    | app.utils.cache:_connect:27 - Failed to connect to Redis: Error 10061 connecting to localhost:6379. No connection could be made because the target machine actively refused it.
2026-08-13 23:49:34 | WARNING  | app.main:startup_event:87 - Redis cache not available
2026-08-13 23:49:34 | INFO     | app.main:startup_event:91 - AI Quiz Generator Backend started successfully
2026-08-13 23:49:34 | INFO     | app.main:shutdown_event:97 - Shutting down AI Quiz Generator Backend...
2026-08-13 23:49:34 | INFO     | app.main:shutdown_event:104 - Vector database indexes saved
2026-08-13 23:49:34 | INFO     | app.main:shutdown_event:108 - AI Quiz Generator Backend shut down successfully
2026-08-13 23:49:37 | ERROR    | app.nlp.embedding:_load_model:44 - Failed to load embedding model: [Errno 22] Invalid argument
2026-08-13 23:49:37 | WARNING  | app.main:startup_event:78 - Vector database initialization failed: [Errno 22] Invalid argument
2026-08-13 23:49:37 | INFO     | app.main:startup_event:79 - Application will continue without vector database
2026-08-13 23:49:42 | ERROR    | app.utils.cache:_connect:27 - Failed to connect to Redis: Error 10061 connecting to localhost:6379. No connection could be made because the target machine actively refused it.
2026-08-13 23:49:42 | WARNING  | app.main:startup_event:87 - Redis cache not available
2026-08-13 23:49:42 | INFO     | app.main:startup_event:91 - AI Quiz Generator Backend started successfully
2026-08-13 23:49:42 | INFO     | app.main:shutdown_event:97 - Shutting down AI Quiz Generator Backend...
2026-08-13 23:49:42 | INFO     | app.main:shutdown_event:104 - Vector database indexes saved
2026-08-13 23:49:42 | INFO     | app.main:shutdown_event:108 - AI Quiz Generator Backend shut down successfully
2026-08-13 23:49:42 | ERROR    | app.nlp.embedding:_load_model:44 - Failed to load embedding model: [Errno 22] Invalid argument
2026-08-13 23:49:42 | WARNING  | app.main:startup_event:78 - Vector database initialization failed: [Errno 22] Invalid argument
2026-08-13 23:49:42 | INFO     | app.main:startup_event:79 - Application will continue without vector database
2026-08-13 23:49:47 | ERROR    | app.utils.cache:_connect:27 - Failed to connect to Redis: Error 10061 connecting to localhost:6379. No connection could be made because the target machine actively refused it.
2026-08-13 23:49:47 | WARNING  | app.main:startup_event:87 - Redis cache not available
2026-08-13 23:49:47 | INFO     | app.main:startup_event:91 - AI Quiz Generator Backend started successfully
2026-08-13 23:49:47 | INFO     | app.main:shutdown_event:97 - Shutting down AI Quiz Generator Backend...
2026-08-13 23:49:47 | INFO     | app.main:shutdown_event:104 - Vector database indexes saved
2026-08-13 23:49:47 | INFO     | app.main:shutdown_event:108 - AI Quiz Generator Backend shut down successfully
2026-08-13 23:52:09 | INFO     | app.main:startup_event:57 - Starting AI Quiz Generator Backend...
2026-08-13 23:52:09 | INFO     | app.main:startup_event:63 - PostgreSQL database tables created successfully
2026-08-13 23:52:09 | INFO     | app.nlp.embedding:_load_model:39 - Loading embedding model: all-MiniLM-L6-v2
2026-08-13 23:52:21 | INFO     | app.nlp.embedding:_load_model:42 - Model loaded successfully. Dimension: 384
2026-08-13 23:52:21 | INFO     | app.utils.vector_db:_initialize_index:39 - Initialized FAISS index with type: flat
2026-08-13 23:52:21 | INFO     | app.main:startup_event:76 - Vector database initialized
2026-08-13 23:52:26 | ERROR    | app.utils.cache:_connect:27 - Failed to connect to Redis: Error 10061 connecting to localhost:6379. No connection could be made because the target machine actively refused it.
2026-08-13 23:52:26 | WARNING  | app.main:startup_event:87 - Redis cache not available
2026-08-13 23:52:26 | INFO     | app.main:startup_event:91 - AI Quiz Generator Backend started successfully
2026-08-13 23:52:26 | INFO     | app.main:shutdown_event:97 - Shutting down AI Quiz Generator Backend...
2026-08-13 23:52:26 | INFO     | app.main:shutdown_event:104 - Vector database indexes saved
2026-08-13 23:52:26 | INFO     | app.main:shutdown_event:108 - AI Quiz Generator Backend shut down successfully
2026-08-13 23:53:20 | INFO     | app.main:startup_event:57 - Starting AI Quiz Generator Backend...
2026-08-13 23:53:20 | INFO     | app.main:startup_event:63 - PostgreSQL database tables created successfully
2026-08-13 23:53:20 | INFO     | app.nlp.embedding:_load_model:39 - Loading embedding model: all-MiniLM-L6-v2
2026-08-13 23:53:32 | INFO     | app.nlp.embedding:_load_model:42 - Model loaded successfully. Dimension: 384
2026-08-13 23:53:32 | INFO     | app.utils.vector_db:_initialize_index:39 - Initialized FAISS index with type: flat
2026-08-13 23:53:32 | INFO     | app.main:startup_event:76 - Vector database initialized
2026-08-13 23:53:34 | INFO     | app.main:startup_event:57 - Starting AI Quiz Generator Backend...
2026-08-13 23:53:35 | INFO     | app.main:startup_event:63 - PostgreSQL database tables created successfully
2026-08-13 23:53:35 | INFO     | app.nlp.embedding:_load_model:39 - Loading embedding model: all-MiniLM-L6-v2
2026-08-13 23:53:36 | ERROR    | app.utils.cache:_connect:27 - Failed to connect to Redis: Error 10061 connecting to localhost:6379. No connection could be made because the target machine actively refused it.
2026-08-13 23:53:36 | WARNING  | app.main:startup_event:87 - Redis cache not available
2026-08-13 23:53:36 | INFO     | app.main:startup_event:91 - AI Quiz Generator Backend started successfully
2026-08-13 23:53:36 | INFO     | app.main:shutdown_event:97 - Shutting down AI Quiz Generator Backend...
2026-08-13 23:53:36 | INFO     | app.main:shutdown_event:104 - Vector database indexes saved
2026-08-13 23:53:36 | INFO     | app.main:shutdown_event:108 - AI Quiz Generator Backend shut down successfully
2026-08-13 23:53:57 | INFO     | app.main:startup_event:57 - Starting AI Quiz Generator Backend...
2026-08-13 23:53:58 | INFO     | app.main:startup_event:63 - PostgreSQL database tables created successfully
2026-08-13 23:53:59 | INFO     | app.nlp.embedding:_load_model:39 - Loading embedding model: all-MiniLM-L6-v2
2026-08-13 23:54:05 | INFO     | app.main:startup_event:57 - Starting AI Quiz Generator Backend...
2026-08-13 23:54:05 | INFO     | app.main:startup_event:63 - PostgreSQL database tables created successfully
2026-08-13 23:54:06 | INFO     | app.nlp.embedding:_load_model:39 - Loading embedding model: all-MiniLM-L6-v2
2026-08-13 23:54:31 | ERROR    | app.nlp.embedding:_load_model:44 - Failed to load embedding model: [Errno 22] Invalid argument
2026-08-13 23:54:31 | WARNING  | app.main:startup_event:78 - Vector database initialization failed: [Errno 22] Invalid argument
2026-08-13 23:54:31 | INFO     | app.main:startup_event:79 - Application will continue without vector database
2026-08-13 23:54:34 | INFO     | app.main:startup_event:57 - Starting AI Quiz Generator Backend...
2026-08-13 23:54:34 | INFO     | app.main:startup_event:63 - PostgreSQL database tables created successfully
2026-08-13 23:54:36 | INFO     | app.nlp.embedding:_load_model:39 - Loading embedding model: all-MiniLM-L6-v2
2026-08-13 23:54:36 | ERROR    | app.utils.cache:_connect:27 - Failed to connect to Redis: Error 10061 connecting to localhost:6379. No connection could be made because the target machine actively refused it.
2026-08-13 23:54:36 | WARNING  | app.main:startup_event:87 - Redis cache not available
2026-08-13 23:54:36 | INFO     | app.main:startup_event:91 - AI Quiz Generator Backend started successfully
2026-08-13 23:54:36 | INFO     | app.main:shutdown_event:97 - Shutting down AI Quiz Generator Backend...
2026-08-13 23:54:36 | INFO     | app.main:shutdown_event:104 - Vector database indexes saved
2026-08-13 23:54:36 | INFO     | app.main:shutdown_event:108 - AI Quiz Generator Backend shut down successfully
2026-08-13 23:54:36 | INFO     | app.main:startup_event:57 - Starting AI Quiz Generator Backend...
2026-08-13 23:54:37 | INFO     | app.main:startup_event:63 - PostgreSQL database tables created successfully
2026-08-13 23:54:38 | INFO     | app.nlp.embedding:_load_model:39 - Loading embedding model: all-MiniLM-L6-v2
2026-08-13 23:54:44 | ERROR    | app.nlp.embedding:_load_model:44 - Failed to load embedding model: [Errno 22] Invalid argument
2026-08-13 23:54:44 | WARNING  | app.main:startup_event:78 - Vector database initialization failed: [Errno 22] Invalid argument
2026-08-13 23:54:44 | INFO     | app.main:startup_event:79 - Application will continue without vector database
2026-08-13 23:54:47 | INFO     | app.main:startup_event:57 - Starting AI Quiz Generator Backend...
2026-08-13 23:54:47 | INFO     | app.main:startup_event:63 - PostgreSQL database tables created successfully
2026-08-13 23:54:49 | INFO     | app.nlp.embedding:_load_model:39 - Loading embedding model: all-MiniLM-L6-v2
2026-08-13 23:54:50 | ERROR    | app.utils.cache:_connect:27 - Failed to connect to Redis: Error 10061 connecting to localhost:6379. No connection could be made because the target machine actively refused it.
2026-08-13 23:54:50 | WARNING  | app.main:startup_event:87 - Redis cache not available
2026-08-13 23:54:50 | INFO     | app.main:startup_event:91 - AI Quiz Generator Backend started successfully
2026-08-13 23:54:50 | INFO     | app.main:shutdown_event:97 - Shutting down AI Quiz Generator Backend...
2026-08-13 23:54:50 | INFO     | app.main:shutdown_event:104 - Vector database indexes saved
2026-08-13 23:54:50 | INFO     | app.main:shutdown_event:108 - AI Quiz Generator Backend shut down successfully
2026-08-13 23:54:52 | ERROR    | app.nlp.embedding:_load_model:44 - Failed to load embedding model: [Errno 22] Invalid argument
2026-08-13 23:54:52 | WARNING  | app.main:startup_event:78 - Vector database initialization failed: [Errno 22] Invalid argument
2026-08-13 23:54:52 | INFO     | app.main:startup_event:79 - Application will continue without vector database
2026-08-13 23:54:54 | INFO     | app.main:startup_event:57 - Starting AI Quiz Generator Backend...
2026-08-13 23:54:54 | INFO     | app.main:startup_event:63 - PostgreSQL database tables created successfully
2026-08-13 23:54:55 | INFO     | app.nlp.embedding:_load_model:39 - Loading embedding model: all-MiniLM-L6-v2
2026-08-13 23:54:57 | INFO     | app.main:startup_event:57 - Starting AI Quiz Generator Backend...
2026-08-13 23:54:58 | INFO     | app.main:startup_event:63 - PostgreSQL database tables created successfully
2026-08-13 23:54:58 | INFO     | app.nlp.embedding:_load_model:39 - Loading embedding model: all-MiniLM-L6-v2
2026-08-13 23:54:59 | ERROR    | app.utils.cache:_connect:27 - Failed to connect to Redis: Error 10061 connecting to localhost:6379. No connection could be made because the target machine actively refused it.
2026-08-13 23:54:59 | WARNING  | app.main:startup_event:87 - Redis cache not available
2026-08-13 23:54:59 | INFO     | app.main:startup_event:91 - AI Quiz Generator Backend started successfully
2026-08-13 23:54:59 | INFO     | app.main:shutdown_event:97 - Shutting down AI Quiz Generator Backend...
2026-08-13 23:54:59 | INFO     | app.main:shutdown_event:104 - Vector database indexes saved
2026-08-13 23:54:59 | INFO     | app.main:shutdown_event:108 - AI Quiz Generator Backend shut down successfully
2026-08-13 23:54:59 | INFO     | app.main:startup_event:57 - Starting AI Quiz Generator Backend...
2026-08-13 23:54:59 | INFO     | app.main:startup_event:57 - Starting AI Quiz Generator Backend...
2026-08-13 23:55:00 | INFO     | app.main:startup_event:63 - PostgreSQL database tables created successfully
2026-08-13 23:55:00 | INFO     | app.main:startup_event:63 - PostgreSQL database tables created successfully
2026-08-13 23:55:01 | INFO     | app.nlp.embedding:_load_model:39 - Loading embedding model: all-MiniLM-L6-v2
2026-08-13 23:55:02 | INFO     | app.nlp.embedding:_load_model:39 - Loading embedding model: all-MiniLM-L6-v2
2026-08-13 23:55:17 | INFO     | app.main:startup_event:57 - Starting AI Quiz Generator Backend...
2026-08-13 23:55:18 | INFO     | app.main:startup_event:63 - PostgreSQL database tables created successfully
2026-08-13 23:55:22 | INFO     | app.main:startup_event:57 - Starting AI Quiz Generator Backend...
2026-08-13 23:55:22 | INFO     | app.main:startup_event:63 - PostgreSQL database tables created successfully
2026-08-13 23:55:24 | ERROR    | app.nlp.embedding:_load_model:44 - Failed to load embedding model: The paging file is too small for this operation to complete. (os error 1455)
2026-08-13 23:55:25 | WARNING  | app.main:startup_event:78 - Vector database initialization failed: The paging file is too small for this operation to complete. (os error 1455)
2026-08-13 23:55:25 | INFO     | app.main:startup_event:79 - Application will continue without vector database
2026-08-13 23:55:27 | ERROR    | app.nlp.embedding:_load_model:44 - Failed to load embedding model: The paging file is too small for this operation to complete. (os error 1455)
2026-08-13 23:55:27 | WARNING  | app.main:startup_event:78 - Vector database initialization failed: The paging file is too small for this operation to complete. (os error 1455)
2026-08-13 23:55:27 | INFO     | app.main:startup_event:79 - Application will continue without vector database
2026-08-13 23:55:28 | ERROR    | app.nlp.embedding:_load_model:44 - Failed to load embedding model: The paging file is too small for this operation to complete. (os error 1455)
2026-08-13 23:55:28 | WARNING  | app.main:startup_event:78 - Vector database initialization failed: The paging file is too small for this operation to complete. (os error 1455)
2026-08-13 23:55:28 | INFO     | app.main:startup_event:79 - Application will continue without vector database
2026-08-13 23:55:30 | INFO     | app.nlp.embedding:_load_model:39 - Loading embedding model: all-MiniLM-L6-v2
2026-08-13 23:55:31 | INFO     | app.nlp.embedding:_load_model:39 - Loading embedding model: all-MiniLM-L6-v2
2026-08-13 23:55:32 | ERROR    | app.utils.cache:_connect:27 - Failed to connect to Redis: Error 10061 connecting to localhost:6379. No connection could be made because the target machine actively refused it.
2026-08-13 23:55:32 | WARNING  | app.main:startup_event:87 - Redis cache not available
2026-08-13 23:55:32 | INFO     | app.main:startup_event:91 - AI Quiz Generator Backend started successfully
2026-08-13 23:55:32 | INFO     | app.main:shutdown_event:97 - Shutting down AI Quiz Generator Backend...
2026-08-13 23:55:32 | INFO     | app.main:shutdown_event:104 - Vector database indexes saved
2026-08-13 23:55:32 | INFO     | app.main:shutdown_event:108 - AI Quiz Generator Backend shut down successfully
2026-08-13 23:55:35 | ERROR    | app.utils.cache:_connect:27 - Failed to connect to Redis: Error 10061 connecting to localhost:6379. No connection could be made because the target machine actively refused it.
2026-08-13 23:55:35 | WARNING  | app.main:startup_event:87 - Redis cache not available
2026-08-13 23:55:35 | INFO     | app.main:startup_event:91 - AI Quiz Generator Backend started successfully
2026-08-13 23:55:35 | INFO     | app.main:shutdown_event:97 - Shutting down AI Quiz Generator Backend...
2026-08-13 23:55:35 | INFO     | app.main:shutdown_event:104 - Vector database indexes saved
2026-08-13 23:55:35 | INFO     | app.main:shutdown_event:108 - AI Quiz Generator Backend shut down successfully
2026-08-13 23:55:39 | ERROR    | app.nlp.embedding:_load_model:44 - Failed to load embedding model: [Errno 22] Invalid argument
2026-08-13 23:55:39 | WARNING  | app.main:startup_event:78 - Vector database initialization failed: [Errno 22] Invalid argument
2026-08-13 23:55:39 | INFO     | app.main:startup_event:79 - Application will continue without vector database
2026-08-13 23:55:40 | ERROR    | app.nlp.embedding:_load_model:44 - Failed to load embedding model: [Errno 22] Invalid argument
2026-08-13 23:55:40 | WARNING  | app.main:startup_event:78 - Vector database initialization failed: [Errno 22] Invalid argument
2026-08-13 23:55:40 | INFO     | app.main:startup_event:79 - Application will continue without vector database
2026-08-13 23:55:44 | ERROR    | app.utils.cache:_connect:27 - Failed to connect to Redis: Error 10061 connecting to localhost:6379. No connection could be made because the target machine actively refused it.
2026-08-13 23:55:44 | WARNING  | app.main:startup_event:87 - Redis cache not available
2026-08-13 23:55:44 | INFO     | app.main:startup_event:91 - AI Quiz Generator Backend started successfully
2026-08-13 23:55:44 | INFO     | app.main:shutdown_event:97 - Shutting down AI Quiz Generator Backend...
2026-08-13 23:55:44 | INFO     | app.main:shutdown_event:104 - Vector database indexes saved
2026-08-13 23:55:44 | INFO     | app.main:shutdown_event:108 - AI Quiz Generator Backend shut down successfully
2026-08-13 23:55:45 | ERROR    | app.utils.cache:_connect:27 - Failed to connect to Redis: Error 10061 connecting to localhost:6379. No connection could be made because the target machine actively refused it.
2026-08-13 23:55:45 | WARNING  | app.main:startup_event:87 - Redis cache not available
2026-08-13 23:55:45 | INFO     | app.main:startup_event:91 - AI Quiz Generator Backend started successfully
2026-08-13 23:55:45 | INFO     | app.main:shutdown_event:97 - Shutting down AI Quiz Generator Backend...
2026-08-13 23:55:45 | INFO     | app.main:shutdown_event:104 - Vector database indexes saved
2026-08-13 23:55:45 | INFO     | app.main:shutdown_event:108 - AI Quiz Generator Backend shut down successfully
2026-08-13 23:55:48 | ERROR    | app.nlp.embedding:_load_model:44 - Failed to load embedding model: [Errno 22] Invalid argument
2026-08-13 23:55:48 | WARNING  | app.main:startup_event:78 - Vector database initialization failed: [Errno 22] Invalid argument
2026-08-13 23:55:48 | INFO     | app.main:startup_event:79 - Application will continue without vector database
2026-08-13 23:55:51 | ERROR    | app.utils.cache:_connect:27 - Failed to connect to Redis: Error 10061 connecting to localhost:6379. No connection could be made because the target machine actively refused it.
2026-08-13 23:55:51 | WARNING  | app.main:startup_event:87 - Redis cache not available
2026-08-13 23:55:51 | INFO     | app.main:startup_event:91 - AI Quiz Generator Backend started successfully
2026-08-13 23:55:51 | INFO     | app.main:shutdown_event:97 - Shutting down AI Quiz Generator Backend...
2026-08-13 23:55:51 | INFO     | app.main:shutdown_event:104 - Vector database indexes saved
2026-08-13 23:55:51 | INFO     | app.main:shutdown_event:108 - AI Quiz Generator Backend shut down successfully
2026-08-13 23:55:53 | ERROR    | app.utils.cache:_connect:27 - Failed to connect to Redis: Error 10061 connecting to localhost:6379. No connection could be made because the target machine actively refused it.
2026-08-13 23:55:53 | WARNING  | app.main:startup_event:87 - Redis cache not available
2026-08-13 23:55:53 | INFO     | app.main:startup_event:91 - AI Quiz Generator Backend started successfully
2026-08-13 23:55:53 | INFO     | app.main:shutdown_event:97 - Shutting down AI Quiz Generator Backend...
2026-08-13 23:55:53 | INFO     | app.main:shutdown_event:104 - Vector database indexes saved
2026-08-13 23:55:53 | INFO     | app.main:shutdown_event:108 - AI Quiz Generator Backend shut down successfully
2026-08-13 23:56:05 | ERROR    | app.nlp.embedding:_load_model:44 - Failed to load embedding model: [Errno 22] Invalid argument
2026-08-13 23:56:05 | WARNING  | app.main:startup_event:78 - Vector database initialization failed: [Errno 22] Invalid argument
2026-08-13 23:56:05 | INFO     | app.main:startup_event:79 - Application will continue without vector database
2026-08-13 23:56:07 | ERROR    | app.nlp.embedding:_load_model:44 - Failed to load embedding model: [Errno 22] Invalid argument
2026-08-13 23:56:07 | WARNING  | app.main:startup_event:78 - Vector database initialization failed: [Errno 22] Invalid argument
2026-08-13 23:56:07 | INFO     | app.main:startup_event:79 - Application will continue without vector database
2026-08-13 23:56:11 | ERROR    | app.utils.cache:_connect:27 - Failed to connect to Redis: Error 10061 connecting to localhost:6379. No connection could be made because the target machine actively refused it.
2026-08-13 23:56:11 | WARNING  | app.main:startup_event:87 - Redis cache not available
2026-08-13 23:56:11 | INFO     | app.main:startup_event:91 - AI Quiz Generator Backend started successfully
2026-08-13 23:56:11 | INFO     | app.main:shutdown_event:97 - Shutting down AI Quiz Generator Backend...
2026-08-13 23:56:11 | INFO     | app.main:shutdown_event:104 - Vector database indexes saved
2026-08-13 23:56:11 | INFO     | app.main:shutdown_event:108 - AI Quiz Generator Backend shut down successfully
2026-08-13 23:56:12 | ERROR    | app.utils.cache:_connect:27 - Failed to connect to Redis: Error 10061 connecting to localhost:6379. No connection could be made because the target machine actively refused it.
2026-08-13 23:56:12 | WARNING  | app.main:startup_event:87 - Redis cache not available
2026-08-13 23:56:12 | INFO     | app.main:startup_event:91 - AI Quiz Generator Backend started successfully
2026-08-13 23:56:12 | INFO     | app.main:shutdown_event:97 - Shutting down AI Quiz Generator Backend...
2026-08-13 23:56:12 | INFO     | app.main:shutdown_event:104 - Vector database indexes saved
2026-08-13 23:56:12 | INFO     | app.main:shutdown_event:108 - AI Quiz Generator Backend shut down successfully
2026-08-13 23:58:37 | INFO     | app.main:startup_event:57 - Starting AI Quiz Generator Backend...
2026-08-13 23:58:37 | INFO     | app.main:startup_event:63 - PostgreSQL database tables created successfully
2026-08-13 23:58:37 | INFO     | app.nlp.embedding:_load_model:39 - Loading embedding model: all-MiniLM-L6-v2
2026-08-13 23:58:49 | INFO     | app.nlp.embedding:_load_model:42 - Model loaded successfully. Dimension: 384
2026-08-13 23:58:49 | INFO     | app.utils.vector_db:_initialize_index:39 - Initialized FAISS index with type: flat
2026-08-13 23:58:49 | INFO     | app.main:startup_event:76 - Vector database initialized
2026-08-13 23:58:53 | ERROR    | app.utils.cache:_connect:27 - Failed to connect to Redis: Error 10061 connecting to localhost:6379. No connection could be made because the target machine actively refused it.
2026-08-13 23:58:53 | WARNING  | app.main:startup_event:87 - Redis cache not available
2026-08-13 23:58:53 | INFO     | app.main:startup_event:91 - AI Quiz Generator Backend started successfully
2026-08-13 23:59:45 | INFO     | app.middleware.logging:dispatch:18 - Request: GET /health - Client: 127.0.0.1 - User-Agent: Mozilla/5.0 (Windows NT; Windows NT 10.0; en-US) WindowsPowerShell/5.1.26100.9168
2026-08-13 23:59:45 | INFO     | app.middleware.logging:dispatch:34 - Response: GET /health - Status: 200 - Time: 0.053s
2026-08-14 00:00:21 | INFO     | app.main:startup_event:57 - Starting AI Quiz Generator Backend...
2026-08-14 00:00:23 | INFO     | app.main:startup_event:57 - Starting AI Quiz Generator Backend...
2026-08-14 00:00:23 | INFO     | app.main:startup_event:63 - PostgreSQL database tables created successfully
2026-08-14 00:00:26 | INFO     | app.main:startup_event:63 - PostgreSQL database tables created successfully
2026-08-14 00:00:26 | INFO     | app.middleware.logging:dispatch:18 - Request: GET / - Client: 127.0.0.1 - User-Agent: Mozilla/5.0 (Windows NT 10.0; Win64; x64) AppleWebKit/537.36 (KHTML, like Gecko) Chrome/151.0.0.0 Safari/537.36 Edg/151.0.0.0
2026-08-14 00:00:26 | INFO     | app.middleware.logging:dispatch:34 - Response: GET / - Status: 200 - Time: 0.076s
2026-08-14 00:00:26 | INFO     | app.middleware.logging:dispatch:18 - Request: GET /favicon.ico - Client: 127.0.0.1 - User-Agent: Mozilla/5.0 (Windows NT 10.0; Win64; x64) AppleWebKit/537.36 (KHTML, like Gecko) Chrome/151.0.0.0 Safari/537.36 Edg/151.0.0.0
2026-08-14 00:00:27 | INFO     | app.middleware.logging:dispatch:34 - Response: GET /favicon.ico - Status: 404 - Time: 0.089s
2026-08-14 00:00:27 | INFO     | app.nlp.embedding:_load_model:39 - Loading embedding model: all-MiniLM-L6-v2
2026-08-14 00:00:28 | INFO     | app.nlp.embedding:_load_model:39 - Loading embedding model: all-MiniLM-L6-v2
2026-08-14 00:00:33 | INFO     | app.middleware.logging:dispatch:18 - Request: GET / - Client: 127.0.0.1 - User-Agent: Mozilla/5.0 (Windows NT 10.0; Win64; x64) AppleWebKit/537.36 (KHTML, like Gecko) Chrome/151.0.0.0 Safari/537.36 Edg/151.0.0.0
2026-08-14 00:00:33 | INFO     | app.middleware.logging:dispatch:34 - Response: GET / - Status: 200 - Time: 0.010s
2026-08-14 00:00:37 | INFO     | app.main:startup_event:57 - Starting AI Quiz Generator Backend...
2026-08-14 00:00:37 | INFO     | app.main:startup_event:63 - PostgreSQL database tables created successfully
2026-08-14 00:00:37 | INFO     | app.main:startup_event:57 - Starting AI Quiz Generator Backend...
2026-08-14 00:00:38 | INFO     | app.main:startup_event:63 - PostgreSQL database tables created successfully
2026-08-14 00:00:38 | INFO     | app.main:startup_event:57 - Starting AI Quiz Generator Backend...
2026-08-14 00:00:38 | INFO     | app.main:startup_event:57 - Starting AI Quiz Generator Backend...
2026-08-14 00:00:38 | INFO     | app.main:startup_event:63 - PostgreSQL database tables created successfully
2026-08-14 00:00:38 | INFO     | app.nlp.embedding:_load_model:39 - Loading embedding model: all-MiniLM-L6-v2
2026-08-14 00:00:38 | INFO     | app.nlp.embedding:_load_model:39 - Loading embedding model: all-MiniLM-L6-v2
2026-08-14 00:00:38 | INFO     | app.main:startup_event:63 - PostgreSQL database tables created successfully
2026-08-14 00:00:39 | INFO     | app.nlp.embedding:_load_model:39 - Loading embedding model: all-MiniLM-L6-v2
2026-08-14 00:00:39 | INFO     | app.nlp.embedding:_load_model:39 - Loading embedding model: all-MiniLM-L6-v2
2026-08-14 00:00:44 | INFO     | app.main:startup_event:57 - Starting AI Quiz Generator Backend...
2026-08-14 00:00:44 | INFO     | app.main:startup_event:63 - PostgreSQL database tables created successfully
2026-08-14 00:00:45 | INFO     | app.nlp.embedding:_load_model:39 - Loading embedding model: all-MiniLM-L6-v2
2026-08-14 00:00:46 | INFO     | app.main:startup_event:57 - Starting AI Quiz Generator Backend...
2026-08-14 00:00:46 | INFO     | app.main:startup_event:63 - PostgreSQL database tables created successfully
2026-08-14 00:00:46 | ERROR    | app.nlp.embedding:_load_model:44 - Failed to load embedding model: [Errno 22] Invalid argument
2026-08-14 00:00:46 | WARNING  | app.main:startup_event:78 - Vector database initialization failed: [Errno 22] Invalid argument
2026-08-14 00:00:46 | INFO     | app.main:startup_event:79 - Application will continue without vector database
2026-08-14 00:00:46 | INFO     | app.nlp.embedding:_load_model:39 - Loading embedding model: all-MiniLM-L6-v2
2026-08-14 00:00:47 | INFO     | app.main:startup_event:57 - Starting AI Quiz Generator Backend...
2026-08-14 00:00:47 | INFO     | app.main:startup_event:63 - PostgreSQL database tables created successfully
2026-08-14 00:00:48 | INFO     | app.main:startup_event:57 - Starting AI Quiz Generator Backend...
2026-08-14 00:00:48 | INFO     | app.main:startup_event:63 - PostgreSQL database tables created successfully
2026-08-14 00:00:48 | INFO     | app.main:startup_event:57 - Starting AI Quiz Generator Backend...
2026-08-14 00:00:48 | INFO     | app.main:startup_event:63 - PostgreSQL database tables created successfully
2026-08-14 00:00:48 | ERROR    | app.nlp.embedding:_load_model:44 - Failed to load embedding model: The paging file is too small for this operation to complete. (os error 1455)
2026-08-14 00:00:48 | WARNING  | app.main:startup_event:78 - Vector database initialization failed: The paging file is too small for this operation to complete. (os error 1455)
2026-08-14 00:00:48 | INFO     | app.main:startup_event:79 - Application will continue without vector database
2026-08-14 00:00:49 | ERROR    | app.nlp.embedding:_load_model:44 - Failed to load embedding model: [Errno 22] Invalid argument
2026-08-14 00:00:49 | WARNING  | app.main:startup_event:78 - Vector database initialization failed: [Errno 22] Invalid argument
2026-08-14 00:00:49 | INFO     | app.main:startup_event:79 - Application will continue without vector database
2026-08-14 00:00:49 | INFO     | app.middleware.logging:dispatch:18 - Request: GET /docs - Client: 127.0.0.1 - User-Agent: Mozilla/5.0 (Windows NT 10.0; Win64; x64) AppleWebKit/537.36 (KHTML, like Gecko) Chrome/151.0.0.0 Safari/537.36 Edg/151.0.0.0
2026-08-14 00:00:49 | INFO     | app.middleware.logging:dispatch:34 - Response: GET /docs - Status: 200 - Time: 0.036s
2026-08-14 00:00:50 | ERROR    | app.nlp.embedding:_load_model:44 - Failed to load embedding model: [Errno 22] Invalid argument
2026-08-14 00:00:50 | WARNING  | app.main:startup_event:78 - Vector database initialization failed: [Errno 22] Invalid argument
2026-08-14 00:00:50 | INFO     | app.main:startup_event:79 - Application will continue without vector database
2026-08-14 00:00:50 | INFO     | app.middleware.logging:dispatch:18 - Request: GET /api/v1/openapi.json - Client: 127.0.0.1 - User-Agent: Mozilla/5.0 (Windows NT 10.0; Win64; x64) AppleWebKit/537.36 (KHTML, like Gecko) Chrome/151.0.0.0 Safari/537.36 Edg/151.0.0.0
2026-08-14 00:00:51 | ERROR    | app.utils.cache:_connect:27 - Failed to connect to Redis: Error 10061 connecting to localhost:6379. No connection could be made because the target machine actively refused it.
2026-08-14 00:00:51 | WARNING  | app.main:startup_event:87 - Redis cache not available
2026-08-14 00:00:51 | INFO     | app.main:startup_event:91 - AI Quiz Generator Backend started successfully
2026-08-14 00:00:51 | ERROR    | app.nlp.embedding:_load_model:44 - Failed to load embedding model: [Errno 22] Invalid argument
2026-08-14 00:00:51 | WARNING  | app.main:startup_event:78 - Vector database initialization failed: [Errno 22] Invalid argument
2026-08-14 00:00:51 | INFO     | app.main:startup_event:79 - Application will continue without vector database
2026-08-14 00:00:51 | ERROR    | app.nlp.embedding:_load_model:44 - Failed to load embedding model: [Errno 22] Invalid argument
2026-08-14 00:00:51 | WARNING  | app.main:startup_event:78 - Vector database initialization failed: [Errno 22] Invalid argument
2026-08-14 00:00:51 | INFO     | app.main:startup_event:79 - Application will continue without vector database
2026-08-14 00:00:51 | INFO     | app.middleware.logging:dispatch:34 - Response: GET /api/v1/openapi.json - Status: 200 - Time: 1.459s
2026-08-14 00:00:52 | ERROR    | app.nlp.embedding:_load_model:44 - Failed to load embedding model: The paging file is too small for this operation to complete. (os error 1455)
2026-08-14 00:00:52 | WARNING  | app.main:startup_event:78 - Vector database initialization failed: The paging file is too small for this operation to complete. (os error 1455)
2026-08-14 00:00:52 | INFO     | app.main:startup_event:79 - Application will continue without vector database
2026-08-14 00:00:53 | ERROR    | app.utils.cache:_connect:27 - Failed to connect to Redis: Error 10061 connecting to localhost:6379. No connection could be made because the target machine actively refused it.
2026-08-14 00:00:53 | WARNING  | app.main:startup_event:87 - Redis cache not available
2026-08-14 00:00:53 | INFO     | app.main:startup_event:91 - AI Quiz Generator Backend started successfully
2026-08-14 00:00:54 | ERROR    | app.utils.cache:_connect:27 - Failed to connect to Redis: Error 10061 connecting to localhost:6379. No connection could be made because the target machine actively refused it.
2026-08-14 00:00:54 | WARNING  | app.main:startup_event:87 - Redis cache not available
2026-08-14 00:00:54 | INFO     | app.main:startup_event:91 - AI Quiz Generator Backend started successfully
2026-08-14 00:00:55 | ERROR    | app.utils.cache:_connect:27 - Failed to connect to Redis: Error 10061 connecting to localhost:6379. No connection could be made because the target machine actively refused it.
2026-08-14 00:00:55 | WARNING  | app.main:startup_event:87 - Redis cache not available
2026-08-14 00:00:55 | INFO     | app.main:startup_event:91 - AI Quiz Generator Backend started successfully
2026-08-14 00:00:55 | ERROR    | app.utils.cache:_connect:27 - Failed to connect to Redis: Error 10061 connecting to localhost:6379. No connection could be made because the target machine actively refused it.
2026-08-14 00:00:55 | WARNING  | app.main:startup_event:87 - Redis cache not available
2026-08-14 00:00:55 | INFO     | app.main:startup_event:91 - AI Quiz Generator Backend started successfully
2026-08-14 00:00:56 | ERROR    | app.utils.cache:_connect:27 - Failed to connect to Redis: Error 10061 connecting to localhost:6379. No connection could be made because the target machine actively refused it.
2026-08-14 00:00:56 | WARNING  | app.main:startup_event:87 - Redis cache not available
2026-08-14 00:00:56 | INFO     | app.main:startup_event:91 - AI Quiz Generator Backend started successfully
2026-08-14 00:00:57 | ERROR    | app.utils.cache:_connect:27 - Failed to connect to Redis: Error 10061 connecting to localhost:6379. No connection could be made because the target machine actively refused it.
2026-08-14 00:00:57 | WARNING  | app.main:startup_event:87 - Redis cache not available
2026-08-14 00:00:57 | INFO     | app.main:startup_event:91 - AI Quiz Generator Backend started successfully
2026-08-14 00:01:02 | INFO     | app.main:startup_event:57 - Starting AI Quiz Generator Backend...
2026-08-14 00:01:02 | INFO     | app.main:startup_event:63 - PostgreSQL database tables created successfully
2026-08-14 00:01:12 | INFO     | app.nlp.embedding:_load_model:39 - Loading embedding model: all-MiniLM-L6-v2
2026-08-14 00:01:56 | INFO     | app.main:shutdown_event:97 - Shutting down AI Quiz Generator Backend...
2026-08-14 00:01:56 | INFO     | app.main:shutdown_event:104 - Vector database indexes saved
2026-08-14 00:01:56 | INFO     | app.main:shutdown_event:108 - AI Quiz Generator Backend shut down successfully
2026-08-14 00:02:28 | INFO     | app.nlp.embedding:_load_model:39 - Loading embedding model: all-MiniLM-L6-v2
2026-08-14 00:02:43 | ERROR    | app.nlp.embedding:_load_model:44 - Failed to load embedding model: The paging file is too small for this operation to complete. (os error 1455)
2026-08-14 00:02:43 | WARNING  | app.main:startup_event:78 - Vector database initialization failed: The paging file is too small for this operation to complete. (os error 1455)
2026-08-14 00:02:43 | INFO     | app.main:startup_event:79 - Application will continue without vector database
2026-08-14 00:02:50 | ERROR    | app.utils.cache:_connect:27 - Failed to connect to Redis: Error 10061 connecting to localhost:6379. No connection could be made because the target machine actively refused it.
2026-08-14 00:02:50 | WARNING  | app.main:startup_event:87 - Redis cache not available
2026-08-14 00:02:50 | INFO     | app.main:startup_event:91 - AI Quiz Generator Backend started successfully
2026-08-14 00:02:50 | INFO     | app.nlp.embedding:_load_model:39 - Loading embedding model: all-MiniLM-L6-v2
2026-08-14 00:08:52 | INFO     | app.main:startup_event:57 - Starting AI Quiz Generator Backend...
2026-08-14 00:08:52 | INFO     | app.main:startup_event:63 - PostgreSQL database tables created successfully
2026-08-14 00:08:53 | INFO     | app.nlp.embedding:_load_model:39 - Loading embedding model: all-MiniLM-L6-v2
2026-08-14 00:09:01 | INFO     | app.nlp.embedding:_load_model:42 - Model loaded successfully. Dimension: 384
2026-08-14 00:09:01 | INFO     | app.utils.vector_db:_initialize_index:39 - Initialized FAISS index with type: flat
2026-08-14 00:09:01 | INFO     | app.main:startup_event:76 - Vector database initialized
2026-08-14 00:09:05 | ERROR    | app.utils.cache:_connect:27 - Failed to connect to Redis: Error 10061 connecting to localhost:6379. No connection could be made because the target machine actively refused it.
2026-08-14 00:09:05 | WARNING  | app.main:startup_event:87 - Redis cache not available
2026-08-14 00:09:05 | INFO     | app.main:startup_event:91 - AI Quiz Generator Backend started successfully
2026-08-14 00:09:37 | INFO     | app.middleware.logging:dispatch:18 - Request: GET / - Client: 127.0.0.1 - User-Agent: Mozilla/5.0 (Windows NT 10.0; Win64; x64) AppleWebKit/537.36 (KHTML, like Gecko) Chrome/151.0.0.0 Safari/537.36 Edg/151.0.0.0
2026-08-14 00:09:37 | INFO     | app.middleware.logging:dispatch:34 - Response: GET / - Status: 200 - Time: 0.003s
2026-08-14 00:09:37 | INFO     | app.middleware.logging:dispatch:18 - Request: GET /favicon.ico - Client: 127.0.0.1 - User-Agent: Mozilla/5.0 (Windows NT 10.0; Win64; x64) AppleWebKit/537.36 (KHTML, like Gecko) Chrome/151.0.0.0 Safari/537.36 Edg/151.0.0.0
2026-08-14 00:09:37 | INFO     | app.middleware.logging:dispatch:34 - Response: GET /favicon.ico - Status: 404 - Time: 0.007s
2026-08-14 00:10:24 | INFO     | app.middleware.logging:dispatch:18 - Request: OPTIONS /api/v1/auth/register - Client: 127.0.0.1 - User-Agent: Mozilla/5.0 (Windows NT 10.0; Win64; x64) AppleWebKit/537.36 (KHTML, like Gecko) Chrome/151.0.0.0 Safari/537.36 Edg/151.0.0.0
2026-08-14 00:10:24 | INFO     | app.middleware.logging:dispatch:34 - Response: OPTIONS /api/v1/auth/register - Status: 200 - Time: 0.003s
2026-08-14 00:10:24 | INFO     | app.middleware.logging:dispatch:18 - Request: POST /api/v1/auth/register - Client: 127.0.0.1 - User-Agent: Mozilla/5.0 (Windows NT 10.0; Win64; x64) AppleWebKit/537.36 (KHTML, like Gecko) Chrome/151.0.0.0 Safari/537.36 Edg/151.0.0.0
2026-08-14 00:10:24 | INFO     | app.middleware.logging:dispatch:34 - Response: POST /api/v1/auth/register - Status: 422 - Time: 0.040s
2026-08-14 00:10:52 | INFO     | app.middleware.logging:dispatch:18 - Request: POST /api/v1/auth/register - Client: 127.0.0.1 - User-Agent: Mozilla/5.0 (Linux; Android 15; Pixel 9) AppleWebKit/537.36 (KHTML, like Gecko) Edg/151.0.0.0 Mobile Safari/537.36
2026-08-14 00:10:52 | INFO     | app.middleware.logging:dispatch:34 - Response: POST /api/v1/auth/register - Status: 422 - Time: 0.014s
2026-08-14 00:12:57 | INFO     | app.middleware.logging:dispatch:18 - Request: POST /api/v1/auth/register - Client: 127.0.0.1 - User-Agent: Mozilla/5.0 (Linux; Android 15; Pixel 9) AppleWebKit/537.36 (KHTML, like Gecko) Edg/151.0.0.0 Mobile Safari/537.36
2026-08-14 00:12:58 | INFO     | app.middleware.logging:dispatch:34 - Response: POST /api/v1/auth/register - Status: 201 - Time: 1.168s
2026-08-14 00:13:09 | INFO     | app.middleware.logging:dispatch:18 - Request: POST /api/v1/auth/login - Client: 127.0.0.1 - User-Agent: Mozilla/5.0 (Linux; Android 15; Pixel 9) AppleWebKit/537.36 (KHTML, like Gecko) Edg/151.0.0.0 Mobile Safari/537.36
2026-08-14 00:13:09 | INFO     | app.middleware.logging:dispatch:34 - Response: POST /api/v1/auth/login - Status: 401 - Time: 0.037s
2026-08-14 00:13:09 | INFO     | app.middleware.logging:dispatch:18 - Request: OPTIONS /api/v1/auth/refresh - Client: 127.0.0.1 - User-Agent: Mozilla/5.0 (Linux; Android 15; Pixel 9) AppleWebKit/537.36 (KHTML, like Gecko) Edg/151.0.0.0 Mobile Safari/537.36
2026-08-14 00:13:09 | INFO     | app.middleware.logging:dispatch:34 - Response: OPTIONS /api/v1/auth/refresh - Status: 200 - Time: 0.007s
2026-08-14 00:13:09 | INFO     | app.middleware.logging:dispatch:18 - Request: POST /api/v1/auth/refresh - Client: 127.0.0.1 - User-Agent: Mozilla/5.0 (Linux; Android 15; Pixel 9) AppleWebKit/537.36 (KHTML, like Gecko) Edg/151.0.0.0 Mobile Safari/537.36
2026-08-14 00:13:09 | INFO     | app.middleware.logging:dispatch:34 - Response: POST /api/v1/auth/refresh - Status: 422 - Time: 0.019s
2026-08-14 00:13:24 | INFO     | app.middleware.logging:dispatch:18 - Request: POST /api/v1/auth/login - Client: 127.0.0.1 - User-Agent: Mozilla/5.0 (Linux; Android 15; Pixel 9) AppleWebKit/537.36 (KHTML, like Gecko) Edg/151.0.0.0 Mobile Safari/537.36
2026-08-14 00:13:24 | INFO     | app.middleware.logging:dispatch:34 - Response: POST /api/v1/auth/login - Status: 401 - Time: 0.031s
2026-08-14 00:13:24 | INFO     | app.middleware.logging:dispatch:18 - Request: POST /api/v1/auth/refresh - Client: 127.0.0.1 - User-Agent: Mozilla/5.0 (Linux; Android 15; Pixel 9) AppleWebKit/537.36 (KHTML, like Gecko) Edg/151.0.0.0 Mobile Safari/537.36
2026-08-14 00:13:24 | INFO     | app.middleware.logging:dispatch:34 - Response: POST /api/v1/auth/refresh - Status: 422 - Time: 0.016s
2026-08-14 00:13:45 | INFO     | app.middleware.logging:dispatch:18 - Request: POST /api/v1/auth/register - Client: 127.0.0.1 - User-Agent: Mozilla/5.0 (Linux; Android 15; Pixel 9) AppleWebKit/537.36 (KHTML, like Gecko) Edg/151.0.0.0 Mobile Safari/537.36
2026-08-14 00:13:45 | INFO     | app.middleware.logging:dispatch:34 - Response: POST /api/v1/auth/register - Status: 400 - Time: 0.018s
2026-08-14 00:13:51 | INFO     | app.middleware.logging:dispatch:18 - Request: POST /api/v1/auth/register - Client: 127.0.0.1 - User-Agent: Mozilla/5.0 (Linux; Android 15; Pixel 9) AppleWebKit/537.36 (KHTML, like Gecko) Edg/151.0.0.0 Mobile Safari/537.36
2026-08-14 00:13:52 | INFO     | app.middleware.logging:dispatch:34 - Response: POST /api/v1/auth/register - Status: 201 - Time: 0.783s
2026-08-14 00:14:01 | INFO     | app.middleware.logging:dispatch:18 - Request: POST /api/v1/auth/login - Client: 127.0.0.1 - User-Agent: Mozilla/5.0 (Linux; Android 15; Pixel 9) AppleWebKit/537.36 (KHTML, like Gecko) Edg/151.0.0.0 Mobile Safari/537.36
2026-08-14 00:14:02 | INFO     | app.middleware.logging:dispatch:34 - Response: POST /api/v1/auth/login - Status: 200 - Time: 0.690s
2026-08-14 00:14:02 | INFO     | app.middleware.logging:dispatch:18 - Request: OPTIONS /api/v1/auth/profile - Client: 127.0.0.1 - User-Agent: Mozilla/5.0 (Linux; Android 15; Pixel 9) AppleWebKit/537.36 (KHTML, like Gecko) Edg/151.0.0.0 Mobile Safari/537.36
2026-08-14 00:14:02 | INFO     | app.middleware.logging:dispatch:34 - Response: OPTIONS /api/v1/auth/profile - Status: 200 - Time: 0.002s
2026-08-14 00:14:02 | INFO     | app.middleware.logging:dispatch:18 - Request: GET /api/v1/auth/profile - Client: 127.0.0.1 - User-Agent: Mozilla/5.0 (Linux; Android 15; Pixel 9) AppleWebKit/537.36 (KHTML, like Gecko) Edg/151.0.0.0 Mobile Safari/537.36
2026-08-14 00:14:02 | INFO     | app.middleware.logging:dispatch:34 - Response: GET /api/v1/auth/profile - Status: 401 - Time: 0.012s
2026-08-14 00:14:02 | INFO     | app.middleware.logging:dispatch:18 - Request: POST /api/v1/auth/refresh - Client: 127.0.0.1 - User-Agent: Mozilla/5.0 (Linux; Android 15; Pixel 9) AppleWebKit/537.36 (KHTML, like Gecko) Edg/151.0.0.0 Mobile Safari/537.36
2026-08-14 00:14:02 | INFO     | app.middleware.logging:dispatch:34 - Response: POST /api/v1/auth/refresh - Status: 422 - Time: 0.008s
2026-08-14 00:15:17 | INFO     | app.main:startup_event:57 - Starting AI Quiz Generator Backend...
2026-08-14 00:15:17 | INFO     | app.main:startup_event:63 - PostgreSQL database tables created successfully
2026-08-14 00:15:17 | INFO     | app.nlp.embedding:_load_model:39 - Loading embedding model: all-MiniLM-L6-v2
2026-08-14 00:15:25 | INFO     | app.middleware.logging:dispatch:18 - Request: POST /api/v1/auth/login - Client: 127.0.0.1 - User-Agent: Mozilla/5.0 (Linux; Android 15; Pixel 9) AppleWebKit/537.36 (KHTML, like Gecko) Edg/151.0.0.0 Mobile Safari/537.36
2026-08-14 00:15:25 | INFO     | app.nlp.embedding:_load_model:42 - Model loaded successfully. Dimension: 384
2026-08-14 00:15:25 | INFO     | app.utils.vector_db:_initialize_index:39 - Initialized FAISS index with type: flat
2026-08-14 00:15:25 | INFO     | app.main:startup_event:76 - Vector database initialized
2026-08-14 00:15:26 | INFO     | app.middleware.logging:dispatch:34 - Response: POST /api/v1/auth/login - Status: 200 - Time: 0.746s
2026-08-14 00:15:26 | INFO     | app.middleware.logging:dispatch:18 - Request: GET /api/v1/auth/profile - Client: 127.0.0.1 - User-Agent: Mozilla/5.0 (Linux; Android 15; Pixel 9) AppleWebKit/537.36 (KHTML, like Gecko) Edg/151.0.0.0 Mobile Safari/537.36
2026-08-14 00:15:26 | INFO     | app.middleware.logging:dispatch:34 - Response: GET /api/v1/auth/profile - Status: 401 - Time: 0.013s
2026-08-14 00:15:26 | INFO     | app.middleware.logging:dispatch:18 - Request: POST /api/v1/auth/refresh - Client: 127.0.0.1 - User-Agent: Mozilla/5.0 (Linux; Android 15; Pixel 9) AppleWebKit/537.36 (KHTML, like Gecko) Edg/151.0.0.0 Mobile Safari/537.36
2026-08-14 00:15:26 | INFO     | app.middleware.logging:dispatch:34 - Response: POST /api/v1/auth/refresh - Status: 422 - Time: 0.013s
2026-08-14 00:15:30 | WARNING  | app.utils.cache:_connect:27 - Redis unavailable at startup: Error 10061 connecting to localhost:6379. No connection could be made because the target machine actively refused it.
2026-08-14 00:15:30 | WARNING  | app.main:startup_event:87 - Redis cache not available
2026-08-14 00:15:30 | INFO     | app.main:startup_event:91 - AI Quiz Generator Backend started successfully
2026-08-14 00:16:03 | INFO     | app.middleware.logging:dispatch:18 - Request: POST /api/v1/auth/register - Client: 127.0.0.1 - User-Agent: Mozilla/5.0 (Windows NT; Windows NT 10.0; en-US) WindowsPowerShell/5.1.26100.9168
2026-08-14 00:16:04 | INFO     | app.middleware.logging:dispatch:34 - Response: POST /api/v1/auth/register - Status: 201 - Time: 0.412s
2026-08-14 00:16:08 | INFO     | app.middleware.logging:dispatch:18 - Request: POST /api/v1/auth/register - Client: 127.0.0.1 - User-Agent: Mozilla/5.0 (Windows NT; Windows NT 10.0; en-US) WindowsPowerShell/5.1.26100.9168
2026-08-14 00:16:08 | INFO     | app.middleware.logging:dispatch:34 - Response: POST /api/v1/auth/register - Status: 422 - Time: 0.010s
2026-08-14 00:17:18 | INFO     | app.middleware.logging:dispatch:18 - Request: GET /favicon.ico - Client: 127.0.0.1 - User-Agent: Mozilla/5.0 (Windows NT; Windows NT 10.0; en-US) WindowsPowerShell/5.1.26100.9168
2026-08-14 00:17:18 | INFO     | app.middleware.logging:dispatch:34 - Response: GET /favicon.ico - Status: 404 - Time: 0.005s
2026-08-14 00:17:21 | INFO     | app.middleware.logging:dispatch:18 - Request: POST /api/v1/auth/register - Client: 127.0.0.1 - User-Agent: Mozilla/5.0 (Windows NT; Windows NT 10.0; en-US) WindowsPowerShell/5.1.26100.9168
2026-08-14 00:17:21 | INFO     | app.middleware.logging:dispatch:34 - Response: POST /api/v1/auth/register - Status: 422 - Time: 0.005s
2026-08-14 00:18:05 | INFO     | app.main:startup_event:57 - Starting AI Quiz Generator Backend...
2026-08-14 00:18:05 | INFO     | app.main:startup_event:63 - PostgreSQL database tables created successfully
2026-08-14 00:18:05 | INFO     | app.nlp.embedding:_load_model:39 - Loading embedding model: all-MiniLM-L6-v2
2026-08-14 00:18:11 | INFO     | app.nlp.embedding:_load_model:42 - Model loaded successfully. Dimension: 384
2026-08-14 00:18:11 | INFO     | app.utils.vector_db:_initialize_index:39 - Initialized FAISS index with type: flat
2026-08-14 00:18:11 | INFO     | app.main:startup_event:76 - Vector database initialized
2026-08-14 00:18:15 | WARNING  | app.utils.cache:_connect:27 - Redis unavailable at startup: Error 10061 connecting to localhost:6379. No connection could be made because the target machine actively refused it.
2026-08-14 00:18:15 | WARNING  | app.main:startup_event:87 - Redis cache not available
2026-08-14 00:18:15 | INFO     | app.main:startup_event:91 - AI Quiz Generator Backend started successfully
2026-08-14 00:18:43 | INFO     | app.main:startup_event:57 - Starting AI Quiz Generator Backend...
2026-08-14 00:18:43 | INFO     | app.main:startup_event:63 - PostgreSQL database tables created successfully
2026-08-14 00:18:43 | INFO     | app.nlp.embedding:_load_model:39 - Loading embedding model: all-MiniLM-L6-v2
2026-08-14 00:18:49 | INFO     | app.nlp.embedding:_load_model:42 - Model loaded successfully. Dimension: 384
2026-08-14 00:18:49 | INFO     | app.utils.vector_db:_initialize_index:39 - Initialized FAISS index with type: flat
2026-08-14 00:18:49 | INFO     | app.main:startup_event:76 - Vector database initialized
2026-08-14 00:18:53 | WARNING  | app.utils.cache:_connect:27 - Redis unavailable at startup: Error 10061 connecting to localhost:6379. No connection could be made because the target machine actively refused it.
2026-08-14 00:18:53 | WARNING  | app.main:startup_event:87 - Redis cache not available
2026-08-14 00:18:53 | INFO     | app.main:startup_event:91 - AI Quiz Generator Backend started successfully
2026-08-14 00:19:38 | INFO     | app.middleware.logging:dispatch:18 - Request: POST /api/v1/auth/register - Client: 127.0.0.1 - User-Agent: Mozilla/5.0 (Linux; Android 15; Pixel 9) AppleWebKit/537.36 (KHTML, like Gecko) Edg/151.0.0.0 Mobile Safari/537.36
2026-08-14 00:19:39 | INFO     | app.middleware.logging:dispatch:34 - Response: POST /api/v1/auth/register - Status: 201 - Time: 0.760s
2026-08-14 00:19:39 | INFO     | app.middleware.logging:dispatch:18 - Request: POST /api/v1/auth/login - Client: 127.0.0.1 - User-Agent: Mozilla/5.0 (Linux; Android 15; Pixel 9) AppleWebKit/537.36 (KHTML, like Gecko) Edg/151.0.0.0 Mobile Safari/537.36
2026-08-14 00:19:39 | INFO     | app.middleware.logging:dispatch:34 - Response: POST /api/v1/auth/login - Status: 200 - Time: 0.564s
2026-08-14 00:19:39 | INFO     | app.middleware.logging:dispatch:18 - Request: GET /api/v1/auth/profile - Client: 127.0.0.1 - User-Agent: Mozilla/5.0 (Linux; Android 15; Pixel 9) AppleWebKit/537.36 (KHTML, like Gecko) Edg/151.0.0.0 Mobile Safari/537.36
2026-08-14 00:19:39 | INFO     | app.middleware.logging:dispatch:34 - Response: GET /api/v1/auth/profile - Status: 401 - Time: 0.049s
2026-08-14 00:19:39 | INFO     | app.middleware.logging:dispatch:18 - Request: POST /api/v1/auth/refresh - Client: 127.0.0.1 - User-Agent: Mozilla/5.0 (Linux; Android 15; Pixel 9) AppleWebKit/537.36 (KHTML, like Gecko) Edg/151.0.0.0 Mobile Safari/537.36
2026-08-14 00:19:39 | INFO     | app.middleware.logging:dispatch:34 - Response: POST /api/v1/auth/refresh - Status: 422 - Time: 0.019s
2026-08-14 00:19:55 | INFO     | app.middleware.logging:dispatch:18 - Request: POST /api/v1/auth/login - Client: 127.0.0.1 - User-Agent: Mozilla/5.0 (Linux; Android 15; Pixel 9) AppleWebKit/537.36 (KHTML, like Gecko) Edg/151.0.0.0 Mobile Safari/537.36
2026-08-14 00:19:55 | INFO     | app.middleware.logging:dispatch:34 - Response: POST /api/v1/auth/login - Status: 200 - Time: 0.607s
2026-08-14 00:19:55 | INFO     | app.middleware.logging:dispatch:18 - Request: GET /api/v1/auth/profile - Client: 127.0.0.1 - User-Agent: Mozilla/5.0 (Linux; Android 15; Pixel 9) AppleWebKit/537.36 (KHTML, like Gecko) Edg/151.0.0.0 Mobile Safari/537.36
2026-08-14 00:19:55 | INFO     | app.middleware.logging:dispatch:34 - Response: GET /api/v1/auth/profile - Status: 401 - Time: 0.009s
2026-08-14 00:19:55 | INFO     | app.middleware.logging:dispatch:18 - Request: POST /api/v1/auth/refresh - Client: 127.0.0.1 - User-Agent: Mozilla/5.0 (Linux; Android 15; Pixel 9) AppleWebKit/537.36 (KHTML, like Gecko) Edg/151.0.0.0 Mobile Safari/537.36
2026-08-14 00:19:55 | INFO     | app.middleware.logging:dispatch:34 - Response: POST /api/v1/auth/refresh - Status: 422 - Time: 0.015s
2026-08-14 00:20:09 | INFO     | app.middleware.logging:dispatch:18 - Request: GET /favicon.ico - Client: 127.0.0.1 - User-Agent: Mozilla/5.0 (Windows NT; Windows NT 10.0; en-US) WindowsPowerShell/5.1.26100.9168
2026-08-14 00:20:09 | INFO     | app.middleware.logging:dispatch:34 - Response: GET /favicon.ico - Status: 204 - Time: 0.006s
2026-08-14 00:20:14 | INFO     | app.middleware.logging:dispatch:18 - Request: POST /api/v1/auth/register - Client: 127.0.0.1 - User-Agent: Mozilla/5.0 (Windows NT; Windows NT 10.0; en-US) WindowsPowerShell/5.1.26100.9168
2026-08-14 00:20:14 | INFO     | app.middleware.logging:dispatch:34 - Response: POST /api/v1/auth/register - Status: 422 - Time: 0.041s
2026-08-14 00:20:18 | INFO     | app.middleware.logging:dispatch:18 - Request: POST /api/v1/auth/register - Client: 127.0.0.1 - User-Agent: Mozilla/5.0 (Windows NT; Windows NT 10.0; en-US) WindowsPowerShell/5.1.26100.9168
2026-08-14 00:20:19 | INFO     | app.middleware.logging:dispatch:34 - Response: POST /api/v1/auth/register - Status: 201 - Time: 0.850s
2026-08-14 00:20:19 | INFO     | app.middleware.logging:dispatch:18 - Request: POST /api/v1/auth/login - Client: 127.0.0.1 - User-Agent: Mozilla/5.0 (Windows NT; Windows NT 10.0; en-US) WindowsPowerShell/5.1.26100.9168
2026-08-14 00:20:20 | INFO     | app.middleware.logging:dispatch:34 - Response: POST /api/v1/auth/login - Status: 200 - Time: 0.506s
2026-08-14 00:20:30 | INFO     | app.middleware.logging:dispatch:18 - Request: POST /api/v1/auth/register - Client: 127.0.0.1 - User-Agent: Mozilla/5.0 (Windows NT; Windows NT 10.0; en-US) WindowsPowerShell/5.1.26100.9168
2026-08-14 00:20:30 | INFO     | app.middleware.logging:dispatch:34 - Response: POST /api/v1/auth/register - Status: 422 - Time: 0.014s
2026-08-14 00:21:13 | INFO     | app.middleware.logging:dispatch:18 - Request: POST /api/v1/auth/login - Client: 127.0.0.1 - User-Agent: Mozilla/5.0 (Linux; Android 15; Pixel 9) AppleWebKit/537.36 (KHTML, like Gecko) Edg/151.0.0.0 Mobile Safari/537.36
2026-08-14 00:21:14 | INFO     | app.middleware.logging:dispatch:34 - Response: POST /api/v1/auth/login - Status: 200 - Time: 0.316s
2026-08-14 00:21:14 | INFO     | app.middleware.logging:dispatch:18 - Request: GET /api/v1/auth/profile - Client: 127.0.0.1 - User-Agent: Mozilla/5.0 (Linux; Android 15; Pixel 9) AppleWebKit/537.36 (KHTML, like Gecko) Edg/151.0.0.0 Mobile Safari/537.36
2026-08-14 00:21:14 | INFO     | app.middleware.logging:dispatch:34 - Response: GET /api/v1/auth/profile - Status: 401 - Time: 0.004s
2026-08-14 00:21:14 | INFO     | app.middleware.logging:dispatch:18 - Request: POST /api/v1/auth/refresh - Client: 127.0.0.1 - User-Agent: Mozilla/5.0 (Linux; Android 15; Pixel 9) AppleWebKit/537.36 (KHTML, like Gecko) Edg/151.0.0.0 Mobile Safari/537.36
2026-08-14 00:21:14 | INFO     | app.middleware.logging:dispatch:34 - Response: POST /api/v1/auth/refresh - Status: 422 - Time: 0.004s
2026-08-14 00:21:22 | INFO     | app.middleware.logging:dispatch:18 - Request: POST /api/v1/auth/login - Client: 127.0.0.1 - User-Agent: Mozilla/5.0 (Linux; Android 15; Pixel 9) AppleWebKit/537.36 (KHTML, like Gecko) Edg/151.0.0.0 Mobile Safari/537.36
2026-08-14 00:21:22 | INFO     | app.middleware.logging:dispatch:34 - Response: POST /api/v1/auth/login - Status: 200 - Time: 0.515s
2026-08-14 00:21:22 | INFO     | app.middleware.logging:dispatch:18 - Request: GET /api/v1/auth/profile - Client: 127.0.0.1 - User-Agent: Mozilla/5.0 (Linux; Android 15; Pixel 9) AppleWebKit/537.36 (KHTML, like Gecko) Edg/151.0.0.0 Mobile Safari/537.36
2026-08-14 00:21:22 | INFO     | app.middleware.logging:dispatch:34 - Response: GET /api/v1/auth/profile - Status: 401 - Time: 0.005s
2026-08-14 00:21:22 | INFO     | app.middleware.logging:dispatch:18 - Request: POST /api/v1/auth/refresh - Client: 127.0.0.1 - User-Agent: Mozilla/5.0 (Linux; Android 15; Pixel 9) AppleWebKit/537.36 (KHTML, like Gecko) Edg/151.0.0.0 Mobile Safari/537.36
2026-08-14 00:21:22 | INFO     | app.middleware.logging:dispatch:34 - Response: POST /api/v1/auth/refresh - Status: 422 - Time: 0.006s
2026-08-14 00:21:29 | INFO     | app.middleware.logging:dispatch:18 - Request: POST /api/v1/auth/login - Client: 127.0.0.1 - User-Agent: Mozilla/5.0 (Linux; Android 15; Pixel 9) AppleWebKit/537.36 (KHTML, like Gecko) Edg/151.0.0.0 Mobile Safari/537.36
2026-08-14 00:21:29 | INFO     | app.middleware.logging:dispatch:34 - Response: POST /api/v1/auth/login - Status: 200 - Time: 0.483s
2026-08-14 00:21:29 | INFO     | app.middleware.logging:dispatch:18 - Request: GET /api/v1/auth/profile - Client: 127.0.0.1 - User-Agent: Mozilla/5.0 (Linux; Android 15; Pixel 9) AppleWebKit/537.36 (KHTML, like Gecko) Edg/151.0.0.0 Mobile Safari/537.36
2026-08-14 00:21:29 | INFO     | app.middleware.logging:dispatch:34 - Response: GET /api/v1/auth/profile - Status: 401 - Time: 0.007s
2026-08-14 00:21:29 | INFO     | app.middleware.logging:dispatch:18 - Request: POST /api/v1/auth/refresh - Client: 127.0.0.1 - User-Agent: Mozilla/5.0 (Linux; Android 15; Pixel 9) AppleWebKit/537.36 (KHTML, like Gecko) Edg/151.0.0.0 Mobile Safari/537.36
2026-08-14 00:21:29 | INFO     | app.middleware.logging:dispatch:34 - Response: POST /api/v1/auth/refresh - Status: 422 - Time: 0.005s
2026-08-14 00:21:44 | INFO     | app.middleware.logging:dispatch:18 - Request: POST /api/v1/auth/login - Client: 127.0.0.1 - User-Agent: Mozilla/5.0 (Linux; Android 15; Pixel 9) AppleWebKit/537.36 (KHTML, like Gecko) Edg/151.0.0.0 Mobile Safari/537.36
2026-08-14 00:21:44 | INFO     | app.middleware.logging:dispatch:34 - Response: POST /api/v1/auth/login - Status: 200 - Time: 0.434s
2026-08-14 00:21:45 | INFO     | app.middleware.logging:dispatch:18 - Request: GET /api/v1/auth/profile - Client: 127.0.0.1 - User-Agent: Mozilla/5.0 (Linux; Android 15; Pixel 9) AppleWebKit/537.36 (KHTML, like Gecko) Edg/151.0.0.0 Mobile Safari/537.36
2026-08-14 00:21:45 | INFO     | app.middleware.logging:dispatch:34 - Response: GET /api/v1/auth/profile - Status: 401 - Time: 0.004s
2026-08-14 00:21:45 | INFO     | app.middleware.logging:dispatch:18 - Request: POST /api/v1/auth/refresh - Client: 127.0.0.1 - User-Agent: Mozilla/5.0 (Linux; Android 15; Pixel 9) AppleWebKit/537.36 (KHTML, like Gecko) Edg/151.0.0.0 Mobile Safari/537.36
2026-08-14 00:21:45 | INFO     | app.middleware.logging:dispatch:34 - Response: POST /api/v1/auth/refresh - Status: 422 - Time: 0.011s
2026-08-14 00:21:53 | INFO     | app.middleware.logging:dispatch:18 - Request: POST /api/v1/auth/login - Client: 127.0.0.1 - User-Agent: Mozilla/5.0 (Linux; Android 15; Pixel 9) AppleWebKit/537.36 (KHTML, like Gecko) Edg/151.0.0.0 Mobile Safari/537.36
2026-08-14 00:21:53 | INFO     | app.middleware.logging:dispatch:34 - Response: POST /api/v1/auth/login - Status: 200 - Time: 0.446s
2026-08-14 00:21:53 | INFO     | app.middleware.logging:dispatch:18 - Request: GET /api/v1/auth/profile - Client: 127.0.0.1 - User-Agent: Mozilla/5.0 (Linux; Android 15; Pixel 9) AppleWebKit/537.36 (KHTML, like Gecko) Edg/151.0.0.0 Mobile Safari/537.36
2026-08-14 00:21:53 | INFO     | app.middleware.logging:dispatch:34 - Response: GET /api/v1/auth/profile - Status: 401 - Time: 0.013s
2026-08-14 00:21:53 | INFO     | app.middleware.logging:dispatch:18 - Request: POST /api/v1/auth/refresh - Client: 127.0.0.1 - User-Agent: Mozilla/5.0 (Linux; Android 15; Pixel 9) AppleWebKit/537.36 (KHTML, like Gecko) Edg/151.0.0.0 Mobile Safari/537.36
2026-08-14 00:21:53 | INFO     | app.middleware.logging:dispatch:34 - Response: POST /api/v1/auth/refresh - Status: 422 - Time: 0.006s
2026-08-14 00:24:03 | INFO     | app.middleware.logging:dispatch:18 - Request: POST /api/v1/auth/login - Client: 127.0.0.1 - User-Agent: Mozilla/5.0 (Windows NT 10.0; Win64; x64) AppleWebKit/537.36 (KHTML, like Gecko) Chrome/151.0.0.0 Safari/537.36 Edg/151.0.0.0
2026-08-14 00:24:04 | INFO     | app.middleware.logging:dispatch:34 - Response: POST /api/v1/auth/login - Status: 200 - Time: 0.383s
2026-08-14 00:24:04 | INFO     | app.middleware.logging:dispatch:18 - Request: OPTIONS /api/v1/auth/profile - Client: 127.0.0.1 - User-Agent: Mozilla/5.0 (Windows NT 10.0; Win64; x64) AppleWebKit/537.36 (KHTML, like Gecko) Chrome/151.0.0.0 Safari/537.36 Edg/151.0.0.0
2026-08-14 00:24:04 | INFO     | app.middleware.logging:dispatch:34 - Response: OPTIONS /api/v1/auth/profile - Status: 200 - Time: 0.000s
2026-08-14 00:24:04 | INFO     | app.middleware.logging:dispatch:18 - Request: GET /api/v1/auth/profile - Client: 127.0.0.1 - User-Agent: Mozilla/5.0 (Windows NT 10.0; Win64; x64) AppleWebKit/537.36 (KHTML, like Gecko) Chrome/151.0.0.0 Safari/537.36 Edg/151.0.0.0
2026-08-14 00:24:04 | INFO     | app.middleware.logging:dispatch:34 - Response: GET /api/v1/auth/profile - Status: 401 - Time: 0.013s
2026-08-14 00:24:04 | INFO     | app.middleware.logging:dispatch:18 - Request: OPTIONS /api/v1/auth/refresh - Client: 127.0.0.1 - User-Agent: Mozilla/5.0 (Windows NT 10.0; Win64; x64) AppleWebKit/537.36 (KHTML, like Gecko) Chrome/151.0.0.0 Safari/537.36 Edg/151.0.0.0
2026-08-14 00:24:04 | INFO     | app.middleware.logging:dispatch:34 - Response: OPTIONS /api/v1/auth/refresh - Status: 200 - Time: 0.002s
2026-08-14 00:24:04 | INFO     | app.middleware.logging:dispatch:18 - Request: POST /api/v1/auth/refresh - Client: 127.0.0.1 - User-Agent: Mozilla/5.0 (Windows NT 10.0; Win64; x64) AppleWebKit/537.36 (KHTML, like Gecko) Chrome/151.0.0.0 Safari/537.36 Edg/151.0.0.0
2026-08-14 00:24:04 | INFO     | app.middleware.logging:dispatch:34 - Response: POST /api/v1/auth/refresh - Status: 422 - Time: 0.000s
2026-08-14 00:25:44 | INFO     | app.middleware.logging:dispatch:18 - Request: POST /api/v1/auth/login - Client: 127.0.0.1 - User-Agent: Mozilla/5.0 (Windows NT 10.0; Win64; x64) AppleWebKit/537.36 (KHTML, like Gecko) Chrome/151.0.0.0 Safari/537.36 Edg/151.0.0.0
2026-08-14 00:25:45 | INFO     | app.middleware.logging:dispatch:34 - Response: POST /api/v1/auth/login - Status: 200 - Time: 0.567s
2026-08-14 00:25:45 | INFO     | app.middleware.logging:dispatch:18 - Request: GET /api/v1/auth/profile - Client: 127.0.0.1 - User-Agent: Mozilla/5.0 (Windows NT 10.0; Win64; x64) AppleWebKit/537.36 (KHTML, like Gecko) Chrome/151.0.0.0 Safari/537.36 Edg/151.0.0.0
2026-08-14 00:25:45 | INFO     | app.middleware.logging:dispatch:34 - Response: GET /api/v1/auth/profile - Status: 401 - Time: 0.012s
2026-08-14 00:25:45 | INFO     | app.middleware.logging:dispatch:18 - Request: POST /api/v1/auth/refresh - Client: 127.0.0.1 - User-Agent: Mozilla/5.0 (Windows NT 10.0; Win64; x64) AppleWebKit/537.36 (KHTML, like Gecko) Chrome/151.0.0.0 Safari/537.36 Edg/151.0.0.0
2026-08-14 00:25:45 | INFO     | app.middleware.logging:dispatch:34 - Response: POST /api/v1/auth/refresh - Status: 422 - Time: 0.014s
2026-08-14 00:25:48 | INFO     | app.middleware.logging:dispatch:18 - Request: POST /api/v1/auth/login - Client: 127.0.0.1 - User-Agent: Mozilla/5.0 (Windows NT 10.0; Win64; x64) AppleWebKit/537.36 (KHTML, like Gecko) Chrome/151.0.0.0 Safari/537.36 Edg/151.0.0.0
2026-08-14 00:25:48 | INFO     | app.middleware.logging:dispatch:34 - Response: POST /api/v1/auth/login - Status: 200 - Time: 0.762s
2026-08-14 00:25:48 | INFO     | app.middleware.logging:dispatch:18 - Request: GET /api/v1/auth/profile - Client: 127.0.0.1 - User-Agent: Mozilla/5.0 (Windows NT 10.0; Win64; x64) AppleWebKit/537.36 (KHTML, like Gecko) Chrome/151.0.0.0 Safari/537.36 Edg/151.0.0.0
2026-08-14 00:25:48 | INFO     | app.middleware.logging:dispatch:34 - Response: GET /api/v1/auth/profile - Status: 401 - Time: 0.017s
2026-08-14 00:25:48 | INFO     | app.middleware.logging:dispatch:18 - Request: POST /api/v1/auth/refresh - Client: 127.0.0.1 - User-Agent: Mozilla/5.0 (Windows NT 10.0; Win64; x64) AppleWebKit/537.36 (KHTML, like Gecko) Chrome/151.0.0.0 Safari/537.36 Edg/151.0.0.0
2026-08-14 00:25:48 | INFO     | app.middleware.logging:dispatch:34 - Response: POST /api/v1/auth/refresh - Status: 422 - Time: 0.020s
2026-08-14 00:26:25 | INFO     | app.middleware.logging:dispatch:18 - Request: POST /api/v1/auth/login - Client: 127.0.0.1 - User-Agent: Mozilla/5.0 (Windows NT 10.0; Win64; x64) AppleWebKit/537.36 (KHTML, like Gecko) Chrome/151.0.0.0 Safari/537.36 Edg/151.0.0.0
2026-08-14 00:26:26 | INFO     | app.middleware.logging:dispatch:34 - Response: POST /api/v1/auth/login - Status: 200 - Time: 0.612s
2026-08-14 00:26:26 | INFO     | app.middleware.logging:dispatch:18 - Request: GET /api/v1/auth/profile - Client: 127.0.0.1 - User-Agent: Mozilla/5.0 (Windows NT 10.0; Win64; x64) AppleWebKit/537.36 (KHTML, like Gecko) Chrome/151.0.0.0 Safari/537.36 Edg/151.0.0.0
2026-08-14 00:26:26 | INFO     | app.middleware.logging:dispatch:34 - Response: GET /api/v1/auth/profile - Status: 401 - Time: 0.023s
2026-08-14 00:26:26 | INFO     | app.middleware.logging:dispatch:18 - Request: POST /api/v1/auth/refresh - Client: 127.0.0.1 - User-Agent: Mozilla/5.0 (Windows NT 10.0; Win64; x64) AppleWebKit/537.36 (KHTML, like Gecko) Chrome/151.0.0.0 Safari/537.36 Edg/151.0.0.0
2026-08-14 00:26:26 | INFO     | app.middleware.logging:dispatch:34 - Response: POST /api/v1/auth/refresh - Status: 422 - Time: 0.014s
2026-08-14 00:27:53 | INFO     | app.main:startup_event:57 - Starting AI Quiz Generator Backend...
2026-08-14 00:27:53 | INFO     | app.main:startup_event:63 - PostgreSQL database tables created successfully
2026-08-14 00:27:53 | INFO     | app.nlp.embedding:_load_model:39 - Loading embedding model: all-MiniLM-L6-v2
2026-08-14 00:28:00 | INFO     | app.nlp.embedding:_load_model:42 - Model loaded successfully. Dimension: 384
2026-08-14 00:28:00 | INFO     | app.utils.vector_db:_initialize_index:39 - Initialized FAISS index with type: flat
2026-08-14 00:28:00 | INFO     | app.main:startup_event:76 - Vector database initialized
2026-08-14 00:28:05 | WARNING  | app.utils.cache:_connect:27 - Redis unavailable at startup: Error 10061 connecting to localhost:6379. No connection could be made because the target machine actively refused it.
2026-08-14 00:28:05 | WARNING  | app.main:startup_event:87 - Redis cache not available
2026-08-14 00:28:05 | INFO     | app.main:startup_event:91 - AI Quiz Generator Backend started successfully
2026-08-14 00:28:05 | INFO     | app.main:shutdown_event:97 - Shutting down AI Quiz Generator Backend...
2026-08-14 00:28:05 | INFO     | app.main:shutdown_event:104 - Vector database indexes saved
2026-08-14 00:28:05 | INFO     | app.main:shutdown_event:108 - AI Quiz Generator Backend shut down successfully
2026-08-14 00:30:51 | INFO     | app.middleware.logging:dispatch:18 - Request: POST /api/v1/auth/login - Client: 127.0.0.1 - User-Agent: Mozilla/5.0 (Windows NT 10.0; Win64; x64) AppleWebKit/537.36 (KHTML, like Gecko) Chrome/151.0.0.0 Safari/537.36 Edg/151.0.0.0
2026-08-14 00:30:52 | INFO     | app.middleware.logging:dispatch:34 - Response: POST /api/v1/auth/login - Status: 200 - Time: 0.775s
2026-08-14 00:30:52 | INFO     | app.middleware.logging:dispatch:18 - Request: GET /api/v1/auth/profile - Client: 127.0.0.1 - User-Agent: Mozilla/5.0 (Windows NT 10.0; Win64; x64) AppleWebKit/537.36 (KHTML, like Gecko) Chrome/151.0.0.0 Safari/537.36 Edg/151.0.0.0
2026-08-14 00:30:52 | INFO     | app.middleware.logging:dispatch:34 - Response: GET /api/v1/auth/profile - Status: 401 - Time: 0.018s
2026-08-14 00:30:52 | INFO     | app.middleware.logging:dispatch:18 - Request: POST /api/v1/auth/refresh - Client: 127.0.0.1 - User-Agent: Mozilla/5.0 (Windows NT 10.0; Win64; x64) AppleWebKit/537.36 (KHTML, like Gecko) Chrome/151.0.0.0 Safari/537.36 Edg/151.0.0.0
2026-08-14 00:30:52 | INFO     | app.middleware.logging:dispatch:34 - Response: POST /api/v1/auth/refresh - Status: 422 - Time: 0.013s
2026-08-14 00:33:00 | INFO     | app.middleware.logging:dispatch:18 - Request: POST /api/v1/auth/login - Client: 127.0.0.1 - User-Agent: Mozilla/5.0 (Windows NT 10.0; Win64; x64) AppleWebKit/537.36 (KHTML, like Gecko) Chrome/151.0.0.0 Safari/537.36 Edg/151.0.0.0
2026-08-14 00:33:01 | INFO     | app.middleware.logging:dispatch:34 - Response: POST /api/v1/auth/login - Status: 200 - Time: 0.527s
2026-08-14 00:33:01 | INFO     | app.middleware.logging:dispatch:18 - Request: GET /api/v1/auth/profile - Client: 127.0.0.1 - User-Agent: Mozilla/5.0 (Windows NT 10.0; Win64; x64) AppleWebKit/537.36 (KHTML, like Gecko) Chrome/151.0.0.0 Safari/537.36 Edg/151.0.0.0
2026-08-14 00:33:01 | INFO     | app.middleware.logging:dispatch:34 - Response: GET /api/v1/auth/profile - Status: 401 - Time: 0.008s
2026-08-14 00:33:01 | INFO     | app.middleware.logging:dispatch:18 - Request: POST /api/v1/auth/refresh - Client: 127.0.0.1 - User-Agent: Mozilla/5.0 (Windows NT 10.0; Win64; x64) AppleWebKit/537.36 (KHTML, like Gecko) Chrome/151.0.0.0 Safari/537.36 Edg/151.0.0.0
2026-08-14 00:33:01 | INFO     | app.middleware.logging:dispatch:34 - Response: POST /api/v1/auth/refresh - Status: 422 - Time: 0.006s
2026-08-14 00:33:21 | INFO     | app.middleware.logging:dispatch:18 - Request: POST /api/v1/auth/login - Client: 127.0.0.1 - User-Agent: Mozilla/5.0 (Windows NT 10.0; Win64; x64) AppleWebKit/537.36 (KHTML, like Gecko) Chrome/151.0.0.0 Safari/537.36 Edg/151.0.0.0
2026-08-14 00:33:21 | INFO     | app.middleware.logging:dispatch:34 - Response: POST /api/v1/auth/login - Status: 200 - Time: 0.552s
2026-08-14 00:33:21 | INFO     | app.middleware.logging:dispatch:18 - Request: GET /api/v1/auth/profile - Client: 127.0.0.1 - User-Agent: Mozilla/5.0 (Windows NT 10.0; Win64; x64) AppleWebKit/537.36 (KHTML, like Gecko) Chrome/151.0.0.0 Safari/537.36 Edg/151.0.0.0
2026-08-14 00:33:21 | INFO     | app.middleware.logging:dispatch:34 - Response: GET /api/v1/auth/profile - Status: 401 - Time: 0.009s
2026-08-14 00:33:21 | INFO     | app.middleware.logging:dispatch:18 - Request: POST /api/v1/auth/refresh - Client: 127.0.0.1 - User-Agent: Mozilla/5.0 (Windows NT 10.0; Win64; x64) AppleWebKit/537.36 (KHTML, like Gecko) Chrome/151.0.0.0 Safari/537.36 Edg/151.0.0.0
2026-08-14 00:33:21 | INFO     | app.middleware.logging:dispatch:34 - Response: POST /api/v1/auth/refresh - Status: 422 - Time: 0.008s
2026-08-14 00:36:48 | INFO     | app.main:startup_event:57 - Starting AI Quiz Generator Backend...
2026-08-14 00:36:48 | INFO     | app.main:startup_event:63 - PostgreSQL database tables created successfully
2026-08-14 00:36:48 | INFO     | app.nlp.embedding:_load_model:39 - Loading embedding model: all-MiniLM-L6-v2
2026-08-14 00:36:56 | INFO     | app.nlp.embedding:_load_model:42 - Model loaded successfully. Dimension: 384
2026-08-14 00:36:56 | INFO     | app.utils.vector_db:_initialize_index:39 - Initialized FAISS index with type: flat
2026-08-14 00:36:56 | INFO     | app.main:startup_event:76 - Vector database initialized
2026-08-14 00:37:01 | WARNING  | app.utils.cache:_connect:27 - Redis unavailable at startup: Error 10061 connecting to localhost:6379. No connection could be made because the target machine actively refused it.
2026-08-14 00:37:01 | WARNING  | app.main:startup_event:87 - Redis cache not available
2026-08-14 00:37:01 | INFO     | app.main:startup_event:91 - AI Quiz Generator Backend started successfully
2026-08-14 00:37:17 | INFO     | app.middleware.logging:dispatch:18 - Request: POST /api/v1/auth/login - Client: 127.0.0.1 - User-Agent: Mozilla/5.0 (Windows NT 10.0; Win64; x64) AppleWebKit/537.36 (KHTML, like Gecko) Chrome/151.0.0.0 Safari/537.36 Edg/151.0.0.0
2026-08-14 00:37:18 | INFO     | app.middleware.logging:dispatch:34 - Response: POST /api/v1/auth/login - Status: 200 - Time: 1.426s
2026-08-14 00:37:18 | INFO     | app.middleware.logging:dispatch:18 - Request: OPTIONS /api/v1/auth/profile - Client: 127.0.0.1 - User-Agent: Mozilla/5.0 (Windows NT 10.0; Win64; x64) AppleWebKit/537.36 (KHTML, like Gecko) Chrome/151.0.0.0 Safari/537.36 Edg/151.0.0.0
2026-08-14 00:37:18 | INFO     | app.middleware.logging:dispatch:34 - Response: OPTIONS /api/v1/auth/profile - Status: 200 - Time: 0.008s
2026-08-14 00:37:18 | INFO     | app.middleware.logging:dispatch:18 - Request: GET /api/v1/auth/profile - Client: 127.0.0.1 - User-Agent: Mozilla/5.0 (Windows NT 10.0; Win64; x64) AppleWebKit/537.36 (KHTML, like Gecko) Chrome/151.0.0.0 Safari/537.36 Edg/151.0.0.0
2026-08-14 00:37:18 | INFO     | app.middleware.logging:dispatch:34 - Response: GET /api/v1/auth/profile - Status: 401 - Time: 0.015s
2026-08-14 00:37:18 | INFO     | app.middleware.logging:dispatch:18 - Request: OPTIONS /api/v1/auth/refresh - Client: 127.0.0.1 - User-Agent: Mozilla/5.0 (Windows NT 10.0; Win64; x64) AppleWebKit/537.36 (KHTML, like Gecko) Chrome/151.0.0.0 Safari/537.36 Edg/151.0.0.0
2026-08-14 00:37:18 | INFO     | app.middleware.logging:dispatch:34 - Response: OPTIONS /api/v1/auth/refresh - Status: 200 - Time: 0.009s
2026-08-14 00:37:18 | INFO     | app.middleware.logging:dispatch:18 - Request: POST /api/v1/auth/refresh - Client: 127.0.0.1 - User-Agent: Mozilla/5.0 (Windows NT 10.0; Win64; x64) AppleWebKit/537.36 (KHTML, like Gecko) Chrome/151.0.0.0 Safari/537.36 Edg/151.0.0.0
2026-08-14 00:37:18 | INFO     | app.middleware.logging:dispatch:34 - Response: POST /api/v1/auth/refresh - Status: 422 - Time: 0.018s
2026-08-14 00:37:29 | INFO     | app.middleware.logging:dispatch:18 - Request: POST /api/v1/auth/login - Client: 127.0.0.1 - User-Agent: Mozilla/5.0 (Windows NT 10.0; Win64; x64) AppleWebKit/537.36 (KHTML, like Gecko) Chrome/151.0.0.0 Safari/537.36 Edg/151.0.0.0
2026-08-14 00:37:31 | INFO     | app.middleware.logging:dispatch:34 - Response: POST /api/v1/auth/login - Status: 200 - Time: 1.467s
2026-08-14 00:37:31 | INFO     | app.middleware.logging:dispatch:18 - Request: GET /api/v1/auth/profile - Client: 127.0.0.1 - User-Agent: Mozilla/5.0 (Windows NT 10.0; Win64; x64) AppleWebKit/537.36 (KHTML, like Gecko) Chrome/151.0.0.0 Safari/537.36 Edg/151.0.0.0
2026-08-14 00:37:31 | INFO     | app.middleware.logging:dispatch:34 - Response: GET /api/v1/auth/profile - Status: 401 - Time: 0.030s
2026-08-14 00:37:31 | INFO     | app.middleware.logging:dispatch:18 - Request: POST /api/v1/auth/refresh - Client: 127.0.0.1 - User-Agent: Mozilla/5.0 (Windows NT 10.0; Win64; x64) AppleWebKit/537.36 (KHTML, like Gecko) Chrome/151.0.0.0 Safari/537.36 Edg/151.0.0.0
2026-08-14 00:37:31 | INFO     | app.middleware.logging:dispatch:34 - Response: POST /api/v1/auth/refresh - Status: 422 - Time: 0.023s
2026-08-14 00:37:58 | INFO     | app.middleware.logging:dispatch:18 - Request: OPTIONS /api/v1/auth/register - Client: 127.0.0.1 - User-Agent: Mozilla/5.0 (Windows NT 10.0; Win64; x64) AppleWebKit/537.36 (KHTML, like Gecko) Chrome/151.0.0.0 Safari/537.36 Edg/151.0.0.0
2026-08-14 00:37:58 | INFO     | app.middleware.logging:dispatch:34 - Response: OPTIONS /api/v1/auth/register - Status: 200 - Time: 0.047s
2026-08-14 00:37:59 | INFO     | app.middleware.logging:dispatch:18 - Request: POST /api/v1/auth/register - Client: 127.0.0.1 - User-Agent: Mozilla/5.0 (Windows NT 10.0; Win64; x64) AppleWebKit/537.36 (KHTML, like Gecko) Chrome/151.0.0.0 Safari/537.36 Edg/151.0.0.0
2026-08-14 00:38:00 | INFO     | app.middleware.logging:dispatch:34 - Response: POST /api/v1/auth/register - Status: 201 - Time: 1.598s
2026-08-14 00:38:00 | INFO     | app.middleware.logging:dispatch:18 - Request: POST /api/v1/auth/login - Client: 127.0.0.1 - User-Agent: Mozilla/5.0 (Windows NT 10.0; Win64; x64) AppleWebKit/537.36 (KHTML, like Gecko) Chrome/151.0.0.0 Safari/537.36 Edg/151.0.0.0
2026-08-14 00:38:01 | INFO     | app.middleware.logging:dispatch:34 - Response: POST /api/v1/auth/login - Status: 200 - Time: 1.096s
2026-08-14 00:38:01 | INFO     | app.middleware.logging:dispatch:18 - Request: GET /api/v1/auth/profile - Client: 127.0.0.1 - User-Agent: Mozilla/5.0 (Windows NT 10.0; Win64; x64) AppleWebKit/537.36 (KHTML, like Gecko) Chrome/151.0.0.0 Safari/537.36 Edg/151.0.0.0
2026-08-14 00:38:01 | INFO     | app.middleware.logging:dispatch:34 - Response: GET /api/v1/auth/profile - Status: 401 - Time: 0.033s
2026-08-14 00:38:02 | INFO     | app.middleware.logging:dispatch:18 - Request: POST /api/v1/auth/refresh - Client: 127.0.0.1 - User-Agent: Mozilla/5.0 (Windows NT 10.0; Win64; x64) AppleWebKit/537.36 (KHTML, like Gecko) Chrome/151.0.0.0 Safari/537.36 Edg/151.0.0.0
2026-08-14 00:38:02 | INFO     | app.middleware.logging:dispatch:34 - Response: POST /api/v1/auth/refresh - Status: 422 - Time: 0.038s
2026-08-14 00:41:04 | INFO     | app.middleware.logging:dispatch:18 - Request: POST /api/v1/auth/login - Client: 127.0.0.1 - User-Agent: Mozilla/5.0 (Windows NT 10.0; Win64; x64) AppleWebKit/537.36 (KHTML, like Gecko) Chrome/151.0.0.0 Safari/537.36 Edg/151.0.0.0
2026-08-14 00:41:05 | INFO     | app.middleware.logging:dispatch:34 - Response: POST /api/v1/auth/login - Status: 200 - Time: 0.793s
2026-08-14 00:41:05 | INFO     | app.middleware.logging:dispatch:18 - Request: GET /api/v1/auth/profile - Client: 127.0.0.1 - User-Agent: Mozilla/5.0 (Windows NT 10.0; Win64; x64) AppleWebKit/537.36 (KHTML, like Gecko) Chrome/151.0.0.0 Safari/537.36 Edg/151.0.0.0
2026-08-14 00:41:05 | INFO     | app.middleware.logging:dispatch:34 - Response: GET /api/v1/auth/profile - Status: 401 - Time: 0.016s
2026-08-14 00:41:05 | INFO     | app.middleware.logging:dispatch:18 - Request: POST /api/v1/auth/refresh - Client: 127.0.0.1 - User-Agent: Mozilla/5.0 (Windows NT 10.0; Win64; x64) AppleWebKit/537.36 (KHTML, like Gecko) Chrome/151.0.0.0 Safari/537.36 Edg/151.0.0.0
2026-08-14 00:41:05 | INFO     | app.middleware.logging:dispatch:34 - Response: POST /api/v1/auth/refresh - Status: 422 - Time: 0.021s
2026-08-14 00:44:21 | INFO     | app.middleware.logging:dispatch:18 - Request: POST /api/v1/auth/login - Client: 127.0.0.1 - User-Agent: Mozilla/5.0 (Windows NT 10.0; Win64; x64) AppleWebKit/537.36 (KHTML, like Gecko) Chrome/151.0.0.0 Safari/537.36 Edg/151.0.0.0
2026-08-14 00:44:22 | INFO     | app.middleware.logging:dispatch:34 - Response: POST /api/v1/auth/login - Status: 200 - Time: 0.804s
2026-08-14 00:44:22 | INFO     | app.middleware.logging:dispatch:18 - Request: GET /api/v1/auth/profile - Client: 127.0.0.1 - User-Agent: Mozilla/5.0 (Windows NT 10.0; Win64; x64) AppleWebKit/537.36 (KHTML, like Gecko) Chrome/151.0.0.0 Safari/537.36 Edg/151.0.0.0
2026-08-14 00:44:22 | INFO     | app.middleware.logging:dispatch:34 - Response: GET /api/v1/auth/profile - Status: 401 - Time: 0.012s
2026-08-14 00:44:22 | INFO     | app.middleware.logging:dispatch:18 - Request: POST /api/v1/auth/refresh - Client: 127.0.0.1 - User-Agent: Mozilla/5.0 (Windows NT 10.0; Win64; x64) AppleWebKit/537.36 (KHTML, like Gecko) Chrome/151.0.0.0 Safari/537.36 Edg/151.0.0.0
2026-08-14 00:44:22 | INFO     | app.middleware.logging:dispatch:34 - Response: POST /api/v1/auth/refresh - Status: 401 - Time: 0.014s
2026-08-14 00:44:46 | INFO     | app.middleware.logging:dispatch:18 - Request: POST /api/v1/auth/login - Client: 127.0.0.1 - User-Agent: Mozilla/5.0 (Windows NT 10.0; Win64; x64) AppleWebKit/537.36 (KHTML, like Gecko) Chrome/151.0.0.0 Safari/537.36 Edg/151.0.0.0
2026-08-14 00:44:46 | INFO     | app.middleware.logging:dispatch:34 - Response: POST /api/v1/auth/login - Status: 200 - Time: 0.346s
2026-08-14 00:44:46 | INFO     | app.middleware.logging:dispatch:18 - Request: GET /api/v1/auth/profile - Client: 127.0.0.1 - User-Agent: Mozilla/5.0 (Windows NT 10.0; Win64; x64) AppleWebKit/537.36 (KHTML, like Gecko) Chrome/151.0.0.0 Safari/537.36 Edg/151.0.0.0
2026-08-14 00:44:46 | INFO     | app.middleware.logging:dispatch:34 - Response: GET /api/v1/auth/profile - Status: 401 - Time: 0.006s
2026-08-14 00:44:47 | INFO     | app.middleware.logging:dispatch:18 - Request: POST /api/v1/auth/refresh - Client: 127.0.0.1 - User-Agent: Mozilla/5.0 (Windows NT 10.0; Win64; x64) AppleWebKit/537.36 (KHTML, like Gecko) Chrome/151.0.0.0 Safari/537.36 Edg/151.0.0.0
2026-08-14 00:44:47 | INFO     | app.middleware.logging:dispatch:34 - Response: POST /api/v1/auth/refresh - Status: 401 - Time: 0.006s
2026-08-14 00:45:40 | INFO     | app.middleware.logging:dispatch:18 - Request: POST /api/v1/auth/login - Client: 127.0.0.1 - User-Agent: Mozilla/5.0 (Windows NT 10.0; Win64; x64) AppleWebKit/537.36 (KHTML, like Gecko) Chrome/151.0.0.0 Safari/537.36 Edg/151.0.0.0
2026-08-14 00:45:40 | INFO     | app.middleware.logging:dispatch:34 - Response: POST /api/v1/auth/login - Status: 200 - Time: 0.417s
2026-08-14 00:45:40 | INFO     | app.middleware.logging:dispatch:18 - Request: GET /api/v1/auth/profile - Client: 127.0.0.1 - User-Agent: Mozilla/5.0 (Windows NT 10.0; Win64; x64) AppleWebKit/537.36 (KHTML, like Gecko) Chrome/151.0.0.0 Safari/537.36 Edg/151.0.0.0
2026-08-14 00:45:40 | INFO     | app.middleware.logging:dispatch:34 - Response: GET /api/v1/auth/profile - Status: 401 - Time: 0.004s
2026-08-14 00:45:40 | INFO     | app.middleware.logging:dispatch:18 - Request: POST /api/v1/auth/refresh - Client: 127.0.0.1 - User-Agent: Mozilla/5.0 (Windows NT 10.0; Win64; x64) AppleWebKit/537.36 (KHTML, like Gecko) Chrome/151.0.0.0 Safari/537.36 Edg/151.0.0.0
2026-08-14 00:45:40 | INFO     | app.middleware.logging:dispatch:34 - Response: POST /api/v1/auth/refresh - Status: 422 - Time: 0.004s
2026-08-14 00:45:46 | INFO     | app.middleware.logging:dispatch:18 - Request: POST /api/v1/auth/login - Client: 127.0.0.1 - User-Agent: Mozilla/5.0 (Windows NT 10.0; Win64; x64) AppleWebKit/537.36 (KHTML, like Gecko) Chrome/151.0.0.0 Safari/537.36 Edg/151.0.0.0
2026-08-14 00:45:47 | INFO     | app.middleware.logging:dispatch:34 - Response: POST /api/v1/auth/login - Status: 200 - Time: 0.444s
2026-08-14 00:45:47 | INFO     | app.middleware.logging:dispatch:18 - Request: GET /api/v1/auth/profile - Client: 127.0.0.1 - User-Agent: Mozilla/5.0 (Windows NT 10.0; Win64; x64) AppleWebKit/537.36 (KHTML, like Gecko) Chrome/151.0.0.0 Safari/537.36 Edg/151.0.0.0
2026-08-14 00:45:47 | INFO     | app.middleware.logging:dispatch:34 - Response: GET /api/v1/auth/profile - Status: 401 - Time: 0.004s
2026-08-14 00:45:47 | INFO     | app.middleware.logging:dispatch:18 - Request: POST /api/v1/auth/refresh - Client: 127.0.0.1 - User-Agent: Mozilla/5.0 (Windows NT 10.0; Win64; x64) AppleWebKit/537.36 (KHTML, like Gecko) Chrome/151.0.0.0 Safari/537.36 Edg/151.0.0.0
2026-08-14 00:45:47 | INFO     | app.middleware.logging:dispatch:34 - Response: POST /api/v1/auth/refresh - Status: 422 - Time: 0.009s
2026-08-14 00:47:08 | INFO     | app.middleware.logging:dispatch:18 - Request: POST /api/v1/auth/login - Client: 127.0.0.1 - User-Agent: Mozilla/5.0 (Linux; Android 15; Pixel 9) AppleWebKit/537.36 (KHTML, like Gecko) Edg/151.0.0.0 Mobile Safari/537.36
2026-08-14 00:47:09 | INFO     | app.middleware.logging:dispatch:34 - Response: POST /api/v1/auth/login - Status: 200 - Time: 1.052s
2026-08-14 00:47:09 | INFO     | app.middleware.logging:dispatch:18 - Request: GET /api/v1/auth/profile - Client: 127.0.0.1 - User-Agent: Mozilla/5.0 (Linux; Android 15; Pixel 9) AppleWebKit/537.36 (KHTML, like Gecko) Edg/151.0.0.0 Mobile Safari/537.36
2026-08-14 00:47:09 | INFO     | app.middleware.logging:dispatch:34 - Response: GET /api/v1/auth/profile - Status: 401 - Time: 0.020s
2026-08-14 00:47:09 | INFO     | app.middleware.logging:dispatch:18 - Request: POST /api/v1/auth/refresh - Client: 127.0.0.1 - User-Agent: Mozilla/5.0 (Linux; Android 15; Pixel 9) AppleWebKit/537.36 (KHTML, like Gecko) Edg/151.0.0.0 Mobile Safari/537.36
2026-08-14 00:47:09 | INFO     | app.middleware.logging:dispatch:34 - Response: POST /api/v1/auth/refresh - Status: 422 - Time: 0.027s
2026-08-14 00:47:17 | INFO     | app.middleware.logging:dispatch:18 - Request: POST /api/v1/auth/login - Client: 127.0.0.1 - User-Agent: Mozilla/5.0 (Linux; Android 15; Pixel 9) AppleWebKit/537.36 (KHTML, like Gecko) Edg/151.0.0.0 Mobile Safari/537.36
2026-08-14 00:47:18 | INFO     | app.middleware.logging:dispatch:34 - Response: POST /api/v1/auth/login - Status: 200 - Time: 0.658s
2026-08-14 00:47:18 | INFO     | app.middleware.logging:dispatch:18 - Request: GET /api/v1/auth/profile - Client: 127.0.0.1 - User-Agent: Mozilla/5.0 (Linux; Android 15; Pixel 9) AppleWebKit/537.36 (KHTML, like Gecko) Edg/151.0.0.0 Mobile Safari/537.36
2026-08-14 00:47:18 | INFO     | app.middleware.logging:dispatch:34 - Response: GET /api/v1/auth/profile - Status: 401 - Time: 0.015s
2026-08-14 00:47:18 | INFO     | app.middleware.logging:dispatch:18 - Request: POST /api/v1/auth/refresh - Client: 127.0.0.1 - User-Agent: Mozilla/5.0 (Linux; Android 15; Pixel 9) AppleWebKit/537.36 (KHTML, like Gecko) Edg/151.0.0.0 Mobile Safari/537.36
2026-08-14 00:47:18 | INFO     | app.middleware.logging:dispatch:34 - Response: POST /api/v1/auth/refresh - Status: 422 - Time: 0.016s
2026-08-14 00:48:17 | INFO     | app.middleware.logging:dispatch:18 - Request: POST /api/v1/auth/login - Client: 127.0.0.1 - User-Agent: Mozilla/5.0 (Windows NT 10.0; Win64; x64) AppleWebKit/537.36 (KHTML, like Gecko) Chrome/151.0.0.0 Safari/537.36 Edg/151.0.0.0
2026-08-14 00:48:18 | INFO     | app.middleware.logging:dispatch:34 - Response: POST /api/v1/auth/login - Status: 200 - Time: 0.543s
2026-08-14 00:48:18 | INFO     | app.middleware.logging:dispatch:18 - Request: OPTIONS /api/v1/auth/profile - Client: 127.0.0.1 - User-Agent: Mozilla/5.0 (Windows NT 10.0; Win64; x64) AppleWebKit/537.36 (KHTML, like Gecko) Chrome/151.0.0.0 Safari/537.36 Edg/151.0.0.0
2026-08-14 00:48:18 | INFO     | app.middleware.logging:dispatch:34 - Response: OPTIONS /api/v1/auth/profile - Status: 200 - Time: 0.003s
2026-08-14 00:48:18 | INFO     | app.middleware.logging:dispatch:18 - Request: GET /api/v1/auth/profile - Client: 127.0.0.1 - User-Agent: Mozilla/5.0 (Windows NT 10.0; Win64; x64) AppleWebKit/537.36 (KHTML, like Gecko) Chrome/151.0.0.0 Safari/537.36 Edg/151.0.0.0
2026-08-14 00:48:18 | INFO     | app.middleware.logging:dispatch:34 - Response: GET /api/v1/auth/profile - Status: 401 - Time: 0.010s
2026-08-14 00:48:18 | INFO     | app.middleware.logging:dispatch:18 - Request: OPTIONS /api/v1/auth/refresh - Client: 127.0.0.1 - User-Agent: Mozilla/5.0 (Windows NT 10.0; Win64; x64) AppleWebKit/537.36 (KHTML, like Gecko) Chrome/151.0.0.0 Safari/537.36 Edg/151.0.0.0
2026-08-14 00:48:18 | INFO     | app.middleware.logging:dispatch:34 - Response: OPTIONS /api/v1/auth/refresh - Status: 200 - Time: 0.001s
2026-08-14 00:48:18 | INFO     | app.middleware.logging:dispatch:18 - Request: POST /api/v1/auth/refresh - Client: 127.0.0.1 - User-Agent: Mozilla/5.0 (Windows NT 10.0; Win64; x64) AppleWebKit/537.36 (KHTML, like Gecko) Chrome/151.0.0.0 Safari/537.36 Edg/151.0.0.0
2026-08-14 00:48:18 | INFO     | app.middleware.logging:dispatch:34 - Response: POST /api/v1/auth/refresh - Status: 422 - Time: 0.007s
2026-08-14 00:49:55 | INFO     | app.main:startup_event:57 - Starting AI Quiz Generator Backend...
2026-08-14 00:49:55 | INFO     | app.main:startup_event:63 - PostgreSQL database tables created successfully
2026-08-14 00:49:55 | INFO     | app.nlp.embedding:_load_model:39 - Loading embedding model: all-MiniLM-L6-v2
2026-08-14 00:50:02 | INFO     | app.nlp.embedding:_load_model:42 - Model loaded successfully. Dimension: 384
2026-08-14 00:50:02 | INFO     | app.utils.vector_db:_initialize_index:39 - Initialized FAISS index with type: flat
2026-08-14 00:50:02 | INFO     | app.main:startup_event:76 - Vector database initialized
2026-08-14 00:50:07 | WARNING  | app.utils.cache:_connect:27 - Redis unavailable at startup: Error 10061 connecting to localhost:6379. No connection could be made because the target machine actively refused it.
2026-08-14 00:50:07 | WARNING  | app.main:startup_event:87 - Redis cache not available
2026-08-14 00:50:07 | INFO     | app.main:startup_event:91 - AI Quiz Generator Backend started successfully
2026-08-14 00:52:25 | INFO     | app.middleware.logging:dispatch:18 - Request: POST /api/v1/auth/login - Client: 127.0.0.1 - User-Agent: Mozilla/5.0 (Windows NT 10.0; Win64; x64) AppleWebKit/537.36 (KHTML, like Gecko) Chrome/151.0.0.0 Safari/537.36 Edg/151.0.0.0
2026-08-14 00:52:28 | INFO     | app.middleware.logging:dispatch:34 - Response: POST /api/v1/auth/login - Status: 200 - Time: 2.847s
2026-08-14 00:52:28 | INFO     | app.middleware.logging:dispatch:18 - Request: GET /api/v1/auth/profile - Client: 127.0.0.1 - User-Agent: Mozilla/5.0 (Windows NT 10.0; Win64; x64) AppleWebKit/537.36 (KHTML, like Gecko) Chrome/151.0.0.0 Safari/537.36 Edg/151.0.0.0
2026-08-14 00:52:28 | INFO     | app.middleware.logging:dispatch:34 - Response: GET /api/v1/auth/profile - Status: 401 - Time: 0.051s
2026-08-14 00:52:33 | INFO     | app.main:shutdown_event:97 - Shutting down AI Quiz Generator Backend...
2026-08-14 00:52:33 | INFO     | app.main:shutdown_event:104 - Vector database indexes saved
2026-08-14 00:52:33 | INFO     | app.main:shutdown_event:108 - AI Quiz Generator Backend shut down successfully
2026-08-14 00:54:28 | INFO     | app.main:startup_event:57 - Starting AI Quiz Generator Backend...
2026-08-14 00:54:28 | INFO     | app.main:startup_event:63 - PostgreSQL database tables created successfully
2026-08-14 00:54:29 | INFO     | app.nlp.embedding:_load_model:39 - Loading embedding model: all-MiniLM-L6-v2
2026-08-14 00:54:35 | INFO     | app.nlp.embedding:_load_model:42 - Model loaded successfully. Dimension: 384
2026-08-14 00:54:35 | INFO     | app.utils.vector_db:_initialize_index:39 - Initialized FAISS index with type: flat
2026-08-14 00:54:35 | INFO     | app.main:startup_event:76 - Vector database initialized
2026-08-14 00:54:39 | WARNING  | app.utils.cache:_connect:27 - Redis unavailable at startup: Error 10061 connecting to localhost:6379. No connection could be made because the target machine actively refused it.
2026-08-14 00:54:39 | WARNING  | app.main:startup_event:87 - Redis cache not available
2026-08-14 00:54:39 | INFO     | app.main:startup_event:91 - AI Quiz Generator Backend started successfully
2026-08-14 00:54:39 | INFO     | app.main:shutdown_event:97 - Shutting down AI Quiz Generator Backend...
2026-08-14 00:54:39 | INFO     | app.main:shutdown_event:104 - Vector database indexes saved
2026-08-14 00:54:39 | INFO     | app.main:shutdown_event:108 - AI Quiz Generator Backend shut down successfully
2026-08-14 00:55:15 | INFO     | app.main:startup_event:57 - Starting AI Quiz Generator Backend...
2026-08-14 00:55:15 | INFO     | app.main:startup_event:63 - PostgreSQL database tables created successfully
2026-08-14 00:55:15 | INFO     | app.nlp.embedding:_load_model:39 - Loading embedding model: all-MiniLM-L6-v2
2026-08-14 00:55:22 | INFO     | app.nlp.embedding:_load_model:42 - Model loaded successfully. Dimension: 384
2026-08-14 00:55:22 | INFO     | app.utils.vector_db:_initialize_index:39 - Initialized FAISS index with type: flat
2026-08-14 00:55:22 | INFO     | app.main:startup_event:76 - Vector database initialized
2026-08-14 00:55:26 | WARNING  | app.utils.cache:_connect:27 - Redis unavailable at startup: Error 10061 connecting to localhost:6379. No connection could be made because the target machine actively refused it.
2026-08-14 00:55:26 | WARNING  | app.main:startup_event:87 - Redis cache not available
2026-08-14 00:55:26 | INFO     | app.main:startup_event:91 - AI Quiz Generator Backend started successfully
2026-08-14 00:55:26 | INFO     | app.middleware.logging:dispatch:18 - Request: POST /api/v1/auth/login - Client: 127.0.0.1 - User-Agent: Mozilla/5.0 (Windows NT 10.0; Win64; x64) AppleWebKit/537.36 (KHTML, like Gecko) Chrome/151.0.0.0 Safari/537.36 Edg/151.0.0.0
2026-08-14 00:55:26 | INFO     | app.middleware.logging:dispatch:34 - Response: POST /api/v1/auth/login - Status: 200 - Time: 0.573s
2026-08-14 00:55:26 | INFO     | app.middleware.logging:dispatch:18 - Request: GET /api/v1/auth/profile - Client: 127.0.0.1 - User-Agent: Mozilla/5.0 (Windows NT 10.0; Win64; x64) AppleWebKit/537.36 (KHTML, like Gecko) Chrome/151.0.0.0 Safari/537.36 Edg/151.0.0.0
2026-08-14 00:55:26 | INFO     | app.middleware.logging:dispatch:34 - Response: GET /api/v1/auth/profile - Status: 401 - Time: 0.004s
2026-08-14 00:55:57 | INFO     | app.middleware.logging:dispatch:18 - Request: POST /api/v1/auth/login - Client: 127.0.0.1 - User-Agent: Mozilla/5.0 (Windows NT 10.0; Win64; x64) AppleWebKit/537.36 (KHTML, like Gecko) Chrome/151.0.0.0 Safari/537.36 Edg/151.0.0.0
2026-08-14 00:55:58 | INFO     | app.middleware.logging:dispatch:34 - Response: POST /api/v1/auth/login - Status: 200 - Time: 0.431s
2026-08-14 00:55:58 | INFO     | app.middleware.logging:dispatch:18 - Request: GET /api/v1/auth/profile - Client: 127.0.0.1 - User-Agent: Mozilla/5.0 (Windows NT 10.0; Win64; x64) AppleWebKit/537.36 (KHTML, like Gecko) Chrome/151.0.0.0 Safari/537.36 Edg/151.0.0.0
2026-08-14 00:55:58 | INFO     | app.middleware.logging:dispatch:34 - Response: GET /api/v1/auth/profile - Status: 401 - Time: 0.005s
2026-08-14 00:58:48 | INFO     | app.middleware.logging:dispatch:18 - Request: POST /api/v1/auth/login - Client: 127.0.0.1 - User-Agent: Mozilla/5.0 (Windows NT 10.0; Win64; x64) AppleWebKit/537.36 (KHTML, like Gecko) Chrome/151.0.0.0 Safari/537.36 Edg/151.0.0.0
2026-08-14 00:58:48 | INFO     | app.middleware.logging:dispatch:34 - Response: POST /api/v1/auth/login - Status: 200 - Time: 0.298s
2026-08-14 00:58:48 | INFO     | app.middleware.logging:dispatch:18 - Request: OPTIONS /api/v1/auth/profile - Client: 127.0.0.1 - User-Agent: Mozilla/5.0 (Windows NT 10.0; Win64; x64) AppleWebKit/537.36 (KHTML, like Gecko) Chrome/151.0.0.0 Safari/537.36 Edg/151.0.0.0
2026-08-14 00:58:48 | INFO     | app.middleware.logging:dispatch:34 - Response: OPTIONS /api/v1/auth/profile - Status: 200 - Time: 0.002s
2026-08-14 00:58:48 | INFO     | app.middleware.logging:dispatch:18 - Request: GET /api/v1/auth/profile - Client: 127.0.0.1 - User-Agent: Mozilla/5.0 (Windows NT 10.0; Win64; x64) AppleWebKit/537.36 (KHTML, like Gecko) Chrome/151.0.0.0 Safari/537.36 Edg/151.0.0.0
2026-08-14 00:58:48 | INFO     | app.middleware.logging:dispatch:34 - Response: GET /api/v1/auth/profile - Status: 401 - Time: 0.000s
2026-08-14 00:58:54 | INFO     | app.middleware.logging:dispatch:18 - Request: POST /api/v1/auth/login - Client: 127.0.0.1 - User-Agent: Mozilla/5.0 (Windows NT 10.0; Win64; x64) AppleWebKit/537.36 (KHTML, like Gecko) Chrome/151.0.0.0 Safari/537.36 Edg/151.0.0.0
2026-08-14 00:58:54 | INFO     | app.middleware.logging:dispatch:34 - Response: POST /api/v1/auth/login - Status: 200 - Time: 0.382s
2026-08-14 00:58:54 | INFO     | app.middleware.logging:dispatch:18 - Request: GET /api/v1/auth/profile - Client: 127.0.0.1 - User-Agent: Mozilla/5.0 (Windows NT 10.0; Win64; x64) AppleWebKit/537.36 (KHTML, like Gecko) Chrome/151.0.0.0 Safari/537.36 Edg/151.0.0.0
2026-08-14 00:58:54 | INFO     | app.middleware.logging:dispatch:34 - Response: GET /api/v1/auth/profile - Status: 401 - Time: 0.000s
2026-08-14 01:00:34 | INFO     | app.middleware.logging:dispatch:18 - Request: POST /api/v1/auth/login - Client: 127.0.0.1 - User-Agent: Mozilla/5.0 (Windows NT 10.0; Win64; x64) AppleWebKit/537.36 (KHTML, like Gecko) Chrome/151.0.0.0 Safari/537.36 Edg/151.0.0.0
2026-08-14 01:00:35 | INFO     | app.middleware.logging:dispatch:34 - Response: POST /api/v1/auth/login - Status: 200 - Time: 0.593s
2026-08-14 01:00:35 | INFO     | app.middleware.logging:dispatch:18 - Request: GET /api/v1/auth/profile - Client: 127.0.0.1 - User-Agent: Mozilla/5.0 (Windows NT 10.0; Win64; x64) AppleWebKit/537.36 (KHTML, like Gecko) Chrome/151.0.0.0 Safari/537.36 Edg/151.0.0.0
2026-08-14 01:00:35 | INFO     | app.middleware.logging:dispatch:34 - Response: GET /api/v1/auth/profile - Status: 401 - Time: 0.007s
2026-08-14 01:03:03 | INFO     | app.middleware.logging:dispatch:18 - Request: POST /api/v1/auth/login - Client: 127.0.0.1 - User-Agent: Mozilla/5.0 (Linux; Android 15; Pixel 9) AppleWebKit/537.36 (KHTML, like Gecko) Edg/151.0.0.0 Mobile Safari/537.36
2026-08-14 01:03:03 | INFO     | app.middleware.logging:dispatch:34 - Response: POST /api/v1/auth/login - Status: 200 - Time: 0.348s
2026-08-14 01:03:03 | INFO     | app.middleware.logging:dispatch:18 - Request: GET /api/v1/auth/profile - Client: 127.0.0.1 - User-Agent: Mozilla/5.0 (Linux; Android 15; Pixel 9) AppleWebKit/537.36 (KHTML, like Gecko) Edg/151.0.0.0 Mobile Safari/537.36
2026-08-14 01:03:03 | INFO     | app.middleware.logging:dispatch:34 - Response: GET /api/v1/auth/profile - Status: 401 - Time: 0.016s
2026-08-14 01:03:15 | INFO     | app.middleware.logging:dispatch:18 - Request: POST /api/v1/auth/login - Client: 127.0.0.1 - User-Agent: Mozilla/5.0 (Linux; Android 15; Pixel 9) AppleWebKit/537.36 (KHTML, like Gecko) Edg/151.0.0.0 Mobile Safari/537.36
2026-08-14 01:03:15 | INFO     | app.middleware.logging:dispatch:34 - Response: POST /api/v1/auth/login - Status: 200 - Time: 0.539s
2026-08-14 01:03:16 | INFO     | app.middleware.logging:dispatch:18 - Request: GET /api/v1/auth/profile - Client: 127.0.0.1 - User-Agent: Mozilla/5.0 (Linux; Android 15; Pixel 9) AppleWebKit/537.36 (KHTML, like Gecko) Edg/151.0.0.0 Mobile Safari/537.36
2026-08-14 01:03:16 | INFO     | app.middleware.logging:dispatch:34 - Response: GET /api/v1/auth/profile - Status: 401 - Time: 0.012s
2026-08-14 01:03:23 | INFO     | app.middleware.logging:dispatch:18 - Request: POST /api/v1/auth/login - Client: 127.0.0.1 - User-Agent: Mozilla/5.0 (Windows NT 10.0; Win64; x64) AppleWebKit/537.36 (KHTML, like Gecko) Chrome/151.0.0.0 Safari/537.36 Edg/151.0.0.0
2026-08-14 01:03:24 | INFO     | app.middleware.logging:dispatch:34 - Response: POST /api/v1/auth/login - Status: 200 - Time: 0.556s
2026-08-14 01:03:24 | INFO     | app.middleware.logging:dispatch:18 - Request: GET /api/v1/auth/profile - Client: 127.0.0.1 - User-Agent: Mozilla/5.0 (Windows NT 10.0; Win64; x64) AppleWebKit/537.36 (KHTML, like Gecko) Chrome/151.0.0.0 Safari/537.36 Edg/151.0.0.0
2026-08-14 01:03:24 | INFO     | app.middleware.logging:dispatch:34 - Response: GET /api/v1/auth/profile - Status: 401 - Time: 0.007s
2026-08-14 01:06:52 | INFO     | app.middleware.logging:dispatch:18 - Request: POST /api/v1/auth/login - Client: 127.0.0.1 - User-Agent: Mozilla/5.0 (Windows NT 10.0; Win64; x64) AppleWebKit/537.36 (KHTML, like Gecko) Chrome/151.0.0.0 Safari/537.36 Edg/151.0.0.0
2026-08-14 01:06:53 | INFO     | app.middleware.logging:dispatch:34 - Response: POST /api/v1/auth/login - Status: 200 - Time: 0.309s
2026-08-14 01:06:53 | INFO     | app.middleware.logging:dispatch:18 - Request: GET /api/v1/auth/profile - Client: 127.0.0.1 - User-Agent: Mozilla/5.0 (Windows NT 10.0; Win64; x64) AppleWebKit/537.36 (KHTML, like Gecko) Chrome/151.0.0.0 Safari/537.36 Edg/151.0.0.0
2026-08-14 01:06:53 | INFO     | app.middleware.logging:dispatch:34 - Response: GET /api/v1/auth/profile - Status: 401 - Time: 0.003s
2026-08-14 01:07:02 | INFO     | app.middleware.logging:dispatch:18 - Request: POST /api/v1/auth/login - Client: 127.0.0.1 - User-Agent: Mozilla/5.0 (Windows NT 10.0; Win64; x64) AppleWebKit/537.36 (KHTML, like Gecko) Chrome/151.0.0.0 Safari/537.36 Edg/151.0.0.0
2026-08-14 01:07:02 | INFO     | app.middleware.logging:dispatch:34 - Response: POST /api/v1/auth/login - Status: 200 - Time: 0.326s
2026-08-14 01:07:02 | INFO     | app.middleware.logging:dispatch:18 - Request: GET /api/v1/auth/profile - Client: 127.0.0.1 - User-Agent: Mozilla/5.0 (Windows NT 10.0; Win64; x64) AppleWebKit/537.36 (KHTML, like Gecko) Chrome/151.0.0.0 Safari/537.36 Edg/151.0.0.0
2026-08-14 01:07:02 | INFO     | app.middleware.logging:dispatch:34 - Response: GET /api/v1/auth/profile - Status: 401 - Time: 0.003s
2026-08-14 07:03:35 | INFO     | app.main:startup_event:57 - Starting AI Quiz Generator Backend...
2026-08-14 07:03:35 | INFO     | app.main:startup_event:63 - PostgreSQL database tables created successfully
2026-08-14 07:03:35 | INFO     | app.nlp.embedding:_load_model:39 - Loading embedding model: all-MiniLM-L6-v2
2026-08-14 07:03:44 | INFO     | app.nlp.embedding:_load_model:42 - Model loaded successfully. Dimension: 384
2026-08-14 07:03:44 | INFO     | app.utils.vector_db:_initialize_index:39 - Initialized FAISS index with type: flat
2026-08-14 07:03:44 | INFO     | app.main:startup_event:76 - Vector database initialized
2026-08-14 07:03:48 | WARNING  | app.utils.cache:_connect:27 - Redis unavailable at startup: Error 10061 connecting to localhost:6379. No connection could be made because the target machine actively refused it.
2026-08-14 07:03:48 | WARNING  | app.main:startup_event:87 - Redis cache not available
2026-08-14 07:03:48 | INFO     | app.main:startup_event:91 - AI Quiz Generator Backend started successfully
2026-08-14 07:04:45 | INFO     | app.middleware.logging:dispatch:18 - Request: POST /api/v1/auth/login - Client: 127.0.0.1 - User-Agent: Mozilla/5.0 (Windows NT 10.0; Win64; x64) AppleWebKit/537.36 (KHTML, like Gecko) Chrome/151.0.0.0 Safari/537.36 Edg/151.0.0.0
2026-08-14 07:04:47 | INFO     | app.middleware.logging:dispatch:34 - Response: POST /api/v1/auth/login - Status: 200 - Time: 1.863s
2026-08-14 07:04:47 | INFO     | app.middleware.logging:dispatch:18 - Request: OPTIONS /api/v1/auth/profile - Client: 127.0.0.1 - User-Agent: Mozilla/5.0 (Windows NT 10.0; Win64; x64) AppleWebKit/537.36 (KHTML, like Gecko) Chrome/151.0.0.0 Safari/537.36 Edg/151.0.0.0
2026-08-14 07:04:47 | INFO     | app.middleware.logging:dispatch:34 - Response: OPTIONS /api/v1/auth/profile - Status: 200 - Time: 0.014s
2026-08-14 07:04:47 | INFO     | app.middleware.logging:dispatch:18 - Request: GET /api/v1/auth/profile - Client: 127.0.0.1 - User-Agent: Mozilla/5.0 (Windows NT 10.0; Win64; x64) AppleWebKit/537.36 (KHTML, like Gecko) Chrome/151.0.0.0 Safari/537.36 Edg/151.0.0.0
2026-08-14 07:04:47 | INFO     | app.middleware.logging:dispatch:34 - Response: GET /api/v1/auth/profile - Status: 401 - Time: 0.084s
2026-08-14 07:21:13 | INFO     | app.middleware.logging:dispatch:18 - Request: POST /api/v1/auth/login - Client: 127.0.0.1 - User-Agent: Mozilla/5.0 (Windows NT 10.0; Win64; x64) AppleWebKit/537.36 (KHTML, like Gecko) Chrome/151.0.0.0 Safari/537.36 Edg/151.0.0.0
2026-08-14 07:21:14 | INFO     | app.middleware.logging:dispatch:34 - Response: POST /api/v1/auth/login - Status: 200 - Time: 1.085s
2026-08-14 07:21:14 | INFO     | app.middleware.logging:dispatch:18 - Request: OPTIONS /api/v1/auth/profile - Client: 127.0.0.1 - User-Agent: Mozilla/5.0 (Windows NT 10.0; Win64; x64) AppleWebKit/537.36 (KHTML, like Gecko) Chrome/151.0.0.0 Safari/537.36 Edg/151.0.0.0
2026-08-14 07:21:14 | INFO     | app.middleware.logging:dispatch:34 - Response: OPTIONS /api/v1/auth/profile - Status: 200 - Time: 0.003s
2026-08-14 07:21:14 | INFO     | app.middleware.logging:dispatch:18 - Request: GET /api/v1/auth/profile - Client: 127.0.0.1 - User-Agent: Mozilla/5.0 (Windows NT 10.0; Win64; x64) AppleWebKit/537.36 (KHTML, like Gecko) Chrome/151.0.0.0 Safari/537.36 Edg/151.0.0.0
2026-08-14 07:21:14 | INFO     | app.middleware.logging:dispatch:34 - Response: GET /api/v1/auth/profile - Status: 401 - Time: 0.014s
2026-08-14 07:24:49 | INFO     | app.middleware.logging:dispatch:18 - Request: POST /api/v1/auth/login - Client: 127.0.0.1 - User-Agent: Mozilla/5.0 (Windows NT 10.0; Win64; x64) AppleWebKit/537.36 (KHTML, like Gecko) Chrome/151.0.0.0 Safari/537.36 Edg/151.0.0.0
2026-08-14 07:24:51 | INFO     | app.middleware.logging:dispatch:34 - Response: POST /api/v1/auth/login - Status: 200 - Time: 1.221s
2026-08-14 07:24:51 | INFO     | app.middleware.logging:dispatch:18 - Request: GET /api/v1/auth/profile - Client: 127.0.0.1 - User-Agent: Mozilla/5.0 (Windows NT 10.0; Win64; x64) AppleWebKit/537.36 (KHTML, like Gecko) Chrome/151.0.0.0 Safari/537.36 Edg/151.0.0.0
2026-08-14 07:24:51 | INFO     | app.middleware.logging:dispatch:34 - Response: GET /api/v1/auth/profile - Status: 401 - Time: 0.018s
2026-08-14 07:24:56 | INFO     | app.middleware.logging:dispatch:18 - Request: POST /api/v1/auth/login - Client: 127.0.0.1 - User-Agent: Mozilla/5.0 (Windows NT 10.0; Win64; x64) AppleWebKit/537.36 (KHTML, like Gecko) Chrome/151.0.0.0 Safari/537.36 Edg/151.0.0.0
2026-08-14 07:24:56 | INFO     | app.middleware.logging:dispatch:34 - Response: POST /api/v1/auth/login - Status: 200 - Time: 0.770s
2026-08-14 07:24:57 | INFO     | app.middleware.logging:dispatch:18 - Request: GET /api/v1/auth/profile - Client: 127.0.0.1 - User-Agent: Mozilla/5.0 (Windows NT 10.0; Win64; x64) AppleWebKit/537.36 (KHTML, like Gecko) Chrome/151.0.0.0 Safari/537.36 Edg/151.0.0.0
2026-08-14 07:24:57 | INFO     | app.middleware.logging:dispatch:34 - Response: GET /api/v1/auth/profile - Status: 401 - Time: 0.024s
2026-08-14 07:25:39 | INFO     | app.middleware.logging:dispatch:18 - Request: POST /api/v1/auth/login - Client: 127.0.0.1 - User-Agent: Mozilla/5.0 (Windows NT 10.0; Win64; x64) AppleWebKit/537.36 (KHTML, like Gecko) Chrome/151.0.0.0 Safari/537.36 Edg/151.0.0.0
2026-08-14 07:25:40 | INFO     | app.middleware.logging:dispatch:34 - Response: POST /api/v1/auth/login - Status: 200 - Time: 0.923s
2026-08-14 07:25:40 | INFO     | app.middleware.logging:dispatch:18 - Request: GET /api/v1/auth/profile - Client: 127.0.0.1 - User-Agent: Mozilla/5.0 (Windows NT 10.0; Win64; x64) AppleWebKit/537.36 (KHTML, like Gecko) Chrome/151.0.0.0 Safari/537.36 Edg/151.0.0.0
2026-08-14 07:25:40 | INFO     | app.middleware.logging:dispatch:34 - Response: GET /api/v1/auth/profile - Status: 401 - Time: 0.022s
2026-08-14 07:26:17 | INFO     | app.middleware.logging:dispatch:18 - Request: POST /api/v1/auth/login - Client: 127.0.0.1 - User-Agent: Mozilla/5.0 (Windows NT 10.0; Win64; x64) AppleWebKit/537.36 (KHTML, like Gecko) Chrome/151.0.0.0 Safari/537.36 Edg/151.0.0.0
2026-08-14 07:26:18 | INFO     | app.middleware.logging:dispatch:34 - Response: POST /api/v1/auth/login - Status: 200 - Time: 0.863s
2026-08-14 07:26:18 | INFO     | app.middleware.logging:dispatch:18 - Request: GET /api/v1/auth/profile - Client: 127.0.0.1 - User-Agent: Mozilla/5.0 (Windows NT 10.0; Win64; x64) AppleWebKit/537.36 (KHTML, like Gecko) Chrome/151.0.0.0 Safari/537.36 Edg/151.0.0.0
2026-08-14 07:26:18 | INFO     | app.middleware.logging:dispatch:34 - Response: GET /api/v1/auth/profile - Status: 401 - Time: 0.019s
2026-08-14 07:27:42 | INFO     | app.middleware.logging:dispatch:18 - Request: POST /api/v1/auth/login - Client: 127.0.0.1 - User-Agent: Mozilla/5.0 (Windows NT 10.0; Win64; x64) AppleWebKit/537.36 (KHTML, like Gecko) Chrome/151.0.0.0 Safari/537.36 Edg/151.0.0.0
2026-08-14 07:27:43 | INFO     | app.middleware.logging:dispatch:34 - Response: POST /api/v1/auth/login - Status: 200 - Time: 0.955s
2026-08-14 07:27:43 | INFO     | app.middleware.logging:dispatch:18 - Request: GET /api/v1/auth/profile - Client: 127.0.0.1 - User-Agent: Mozilla/5.0 (Windows NT 10.0; Win64; x64) AppleWebKit/537.36 (KHTML, like Gecko) Chrome/151.0.0.0 Safari/537.36 Edg/151.0.0.0
2026-08-14 07:27:43 | INFO     | app.middleware.logging:dispatch:34 - Response: GET /api/v1/auth/profile - Status: 401 - Time: 0.006s
2026-08-14 07:31:06 | INFO     | app.middleware.logging:dispatch:18 - Request: POST /api/v1/auth/login - Client: 127.0.0.1 - User-Agent: Mozilla/5.0 (Windows NT 10.0; Win64; x64) AppleWebKit/537.36 (KHTML, like Gecko) Chrome/151.0.0.0 Safari/537.36 Edg/151.0.0.0
2026-08-14 07:31:07 | INFO     | app.middleware.logging:dispatch:34 - Response: POST /api/v1/auth/login - Status: 200 - Time: 0.896s
2026-08-14 07:31:07 | INFO     | app.middleware.logging:dispatch:18 - Request: GET /api/v1/auth/profile - Client: 127.0.0.1 - User-Agent: Mozilla/5.0 (Windows NT 10.0; Win64; x64) AppleWebKit/537.36 (KHTML, like Gecko) Chrome/151.0.0.0 Safari/537.36 Edg/151.0.0.0
2026-08-14 07:31:07 | INFO     | app.middleware.logging:dispatch:34 - Response: GET /api/v1/auth/profile - Status: 401 - Time: 0.015s
2026-08-14 07:34:09 | INFO     | app.middleware.logging:dispatch:18 - Request: POST /api/v1/auth/login - Client: 127.0.0.1 - User-Agent: Mozilla/5.0 (Linux; Android 15; Pixel 9) AppleWebKit/537.36 (KHTML, like Gecko) Edg/151.0.0.0 Mobile Safari/537.36
2026-08-14 07:34:10 | INFO     | app.middleware.logging:dispatch:34 - Response: POST /api/v1/auth/login - Status: 200 - Time: 0.877s
2026-08-14 07:34:10 | INFO     | app.middleware.logging:dispatch:18 - Request: OPTIONS /api/v1/auth/profile - Client: 127.0.0.1 - User-Agent: Mozilla/5.0 (Linux; Android 15; Pixel 9) AppleWebKit/537.36 (KHTML, like Gecko) Edg/151.0.0.0 Mobile Safari/537.36
2026-08-14 07:34:10 | INFO     | app.middleware.logging:dispatch:34 - Response: OPTIONS /api/v1/auth/profile - Status: 200 - Time: 0.010s
2026-08-14 07:34:10 | INFO     | app.middleware.logging:dispatch:18 - Request: GET /api/v1/auth/profile - Client: 127.0.0.1 - User-Agent: Mozilla/5.0 (Linux; Android 15; Pixel 9) AppleWebKit/537.36 (KHTML, like Gecko) Edg/151.0.0.0 Mobile Safari/537.36
2026-08-14 07:34:10 | INFO     | app.middleware.logging:dispatch:34 - Response: GET /api/v1/auth/profile - Status: 401 - Time: 0.043s
2026-08-14 07:34:46 | INFO     | app.middleware.logging:dispatch:18 - Request: GET /api/v1/auth/profile - Client: 127.0.0.1 - User-Agent: Mozilla/5.0 (Linux; Android 15; Pixel 9) AppleWebKit/537.36 (KHTML, like Gecko) Edg/151.0.0.0 Mobile Safari/537.36
2026-08-14 07:34:46 | INFO     | app.middleware.logging:dispatch:34 - Response: GET /api/v1/auth/profile - Status: 403 - Time: 0.013s
2026-08-14 07:34:46 | INFO     | app.middleware.logging:dispatch:18 - Request: GET /api/v1/auth/profile - Client: 127.0.0.1 - User-Agent: Mozilla/5.0 (Linux; Android 15; Pixel 9) AppleWebKit/537.36 (KHTML, like Gecko) Edg/151.0.0.0 Mobile Safari/537.36
2026-08-14 07:34:46 | INFO     | app.middleware.logging:dispatch:34 - Response: GET /api/v1/auth/profile - Status: 403 - Time: 0.008s
2026-08-14 07:35:18 | INFO     | app.middleware.logging:dispatch:18 - Request: GET /api/v1/auth/profile - Client: 127.0.0.1 - User-Agent: Mozilla/5.0 (Linux; Android 15; Pixel 9) AppleWebKit/537.36 (KHTML, like Gecko) Edg/151.0.0.0 Mobile Safari/537.36
2026-08-14 07:35:18 | INFO     | app.middleware.logging:dispatch:34 - Response: GET /api/v1/auth/profile - Status: 403 - Time: 0.013s
2026-08-14 07:35:18 | INFO     | app.middleware.logging:dispatch:18 - Request: GET /api/v1/auth/profile - Client: 127.0.0.1 - User-Agent: Mozilla/5.0 (Linux; Android 15; Pixel 9) AppleWebKit/537.36 (KHTML, like Gecko) Edg/151.0.0.0 Mobile Safari/537.36
2026-08-14 07:35:18 | INFO     | app.middleware.logging:dispatch:34 - Response: GET /api/v1/auth/profile - Status: 403 - Time: 0.018s
2026-08-14 07:35:20 | INFO     | app.middleware.logging:dispatch:18 - Request: GET /api/v1/auth/profile - Client: 127.0.0.1 - User-Agent: Mozilla/5.0 (Linux; Android 15; Pixel 9) AppleWebKit/537.36 (KHTML, like Gecko) Edg/151.0.0.0 Mobile Safari/537.36
2026-08-14 07:35:20 | INFO     | app.middleware.logging:dispatch:34 - Response: GET /api/v1/auth/profile - Status: 403 - Time: 0.066s
2026-08-14 07:35:20 | INFO     | app.middleware.logging:dispatch:18 - Request: GET /api/v1/auth/profile - Client: 127.0.0.1 - User-Agent: Mozilla/5.0 (Linux; Android 15; Pixel 9) AppleWebKit/537.36 (KHTML, like Gecko) Edg/151.0.0.0 Mobile Safari/537.36
2026-08-14 07:35:20 | INFO     | app.middleware.logging:dispatch:34 - Response: GET /api/v1/auth/profile - Status: 403 - Time: 0.037s
2026-08-14 07:35:23 | INFO     | app.middleware.logging:dispatch:18 - Request: GET /api/v1/auth/profile - Client: 127.0.0.1 - User-Agent: Mozilla/5.0 (Linux; Android 15; Pixel 9) AppleWebKit/537.36 (KHTML, like Gecko) Edg/151.0.0.0 Mobile Safari/537.36
2026-08-14 07:35:23 | INFO     | app.middleware.logging:dispatch:34 - Response: GET /api/v1/auth/profile - Status: 403 - Time: 0.014s
2026-08-14 07:35:23 | INFO     | app.middleware.logging:dispatch:18 - Request: GET /api/v1/auth/profile - Client: 127.0.0.1 - User-Agent: Mozilla/5.0 (Linux; Android 15; Pixel 9) AppleWebKit/537.36 (KHTML, like Gecko) Edg/151.0.0.0 Mobile Safari/537.36
2026-08-14 07:35:23 | INFO     | app.middleware.logging:dispatch:34 - Response: GET /api/v1/auth/profile - Status: 403 - Time: 0.009s
2026-08-14 07:35:25 | INFO     | app.middleware.logging:dispatch:18 - Request: POST /api/v1/auth/login - Client: 127.0.0.1 - User-Agent: Mozilla/5.0 (Linux; Android 15; Pixel 9) AppleWebKit/537.36 (KHTML, like Gecko) Edg/151.0.0.0 Mobile Safari/537.36
2026-08-14 07:35:26 | INFO     | app.middleware.logging:dispatch:34 - Response: POST /api/v1/auth/login - Status: 200 - Time: 0.871s
2026-08-14 07:35:39 | INFO     | app.middleware.logging:dispatch:18 - Request: POST /api/v1/auth/login - Client: 127.0.0.1 - User-Agent: Mozilla/5.0 (Windows NT 10.0; Win64; x64) AppleWebKit/537.36 (KHTML, like Gecko) Chrome/151.0.0.0 Safari/537.36 Edg/151.0.0.0
2026-08-14 07:35:40 | INFO     | app.middleware.logging:dispatch:34 - Response: POST /api/v1/auth/login - Status: 200 - Time: 1.217s
2026-08-14 07:35:58 | INFO     | app.middleware.logging:dispatch:18 - Request: OPTIONS /api/v1/auth/register - Client: 127.0.0.1 - User-Agent: Mozilla/5.0 (Windows NT 10.0; Win64; x64) AppleWebKit/537.36 (KHTML, like Gecko) Chrome/151.0.0.0 Safari/537.36 Edg/151.0.0.0
2026-08-14 07:35:58 | INFO     | app.middleware.logging:dispatch:34 - Response: OPTIONS /api/v1/auth/register - Status: 200 - Time: 0.015s
2026-08-14 07:35:58 | INFO     | app.middleware.logging:dispatch:18 - Request: POST /api/v1/auth/register - Client: 127.0.0.1 - User-Agent: Mozilla/5.0 (Windows NT 10.0; Win64; x64) AppleWebKit/537.36 (KHTML, like Gecko) Chrome/151.0.0.0 Safari/537.36 Edg/151.0.0.0
2026-08-14 07:35:59 | INFO     | app.middleware.logging:dispatch:34 - Response: POST /api/v1/auth/register - Status: 400 - Time: 0.307s
2026-08-14 07:36:04 | INFO     | app.middleware.logging:dispatch:18 - Request: GET /api/v1/auth/profile - Client: 127.0.0.1 - User-Agent: Mozilla/5.0 (Windows NT 10.0; Win64; x64) AppleWebKit/537.36 (KHTML, like Gecko) Chrome/151.0.0.0 Safari/537.36 Edg/151.0.0.0
2026-08-14 07:36:04 | INFO     | app.middleware.logging:dispatch:34 - Response: GET /api/v1/auth/profile - Status: 403 - Time: 0.003s
2026-08-14 07:36:04 | INFO     | app.middleware.logging:dispatch:18 - Request: GET /api/v1/auth/profile - Client: 127.0.0.1 - User-Agent: Mozilla/5.0 (Windows NT 10.0; Win64; x64) AppleWebKit/537.36 (KHTML, like Gecko) Chrome/151.0.0.0 Safari/537.36 Edg/151.0.0.0
2026-08-14 07:36:04 | INFO     | app.middleware.logging:dispatch:34 - Response: GET /api/v1/auth/profile - Status: 403 - Time: 0.010s
2026-08-14 07:36:06 | INFO     | app.middleware.logging:dispatch:18 - Request: GET /api/v1/auth/profile - Client: 127.0.0.1 - User-Agent: Mozilla/5.0 (Windows NT 10.0; Win64; x64) AppleWebKit/537.36 (KHTML, like Gecko) Chrome/151.0.0.0 Safari/537.36 Edg/151.0.0.0
2026-08-14 07:36:06 | INFO     | app.middleware.logging:dispatch:34 - Response: GET /api/v1/auth/profile - Status: 403 - Time: 0.002s
2026-08-14 07:36:06 | INFO     | app.middleware.logging:dispatch:18 - Request: GET /api/v1/auth/profile - Client: 127.0.0.1 - User-Agent: Mozilla/5.0 (Windows NT 10.0; Win64; x64) AppleWebKit/537.36 (KHTML, like Gecko) Chrome/151.0.0.0 Safari/537.36 Edg/151.0.0.0
2026-08-14 07:36:06 | INFO     | app.middleware.logging:dispatch:34 - Response: GET /api/v1/auth/profile - Status: 403 - Time: 0.003s
2026-08-14 07:36:48 | INFO     | app.middleware.logging:dispatch:18 - Request: POST /api/v1/auth/register - Client: 127.0.0.1 - User-Agent: Mozilla/5.0 (Windows NT 10.0; Win64; x64) AppleWebKit/537.36 (KHTML, like Gecko) Chrome/151.0.0.0 Safari/537.36 Edg/151.0.0.0
2026-08-14 07:36:49 | INFO     | app.middleware.logging:dispatch:34 - Response: POST /api/v1/auth/register - Status: 201 - Time: 1.585s
2026-08-14 07:38:14 | INFO     | app.middleware.logging:dispatch:18 - Request: POST /api/v1/auth/register - Client: 127.0.0.1 - User-Agent: Mozilla/5.0 (Windows NT 10.0; Win64; x64) AppleWebKit/537.36 (KHTML, like Gecko) Chrome/151.0.0.0 Safari/537.36 Edg/151.0.0.0
2026-08-14 07:38:14 | INFO     | app.middleware.logging:dispatch:34 - Response: POST /api/v1/auth/register - Status: 400 - Time: 0.023s
2026-08-14 07:38:22 | INFO     | app.middleware.logging:dispatch:18 - Request: POST /api/v1/auth/register - Client: 127.0.0.1 - User-Agent: Mozilla/5.0 (Windows NT 10.0; Win64; x64) AppleWebKit/537.36 (KHTML, like Gecko) Chrome/151.0.0.0 Safari/537.36 Edg/151.0.0.0
2026-08-14 07:38:23 | INFO     | app.middleware.logging:dispatch:34 - Response: POST /api/v1/auth/register - Status: 201 - Time: 1.099s
2026-08-14 07:38:26 | INFO     | app.middleware.logging:dispatch:18 - Request: GET /api/v1/auth/profile - Client: 127.0.0.1 - User-Agent: Mozilla/5.0 (Windows NT 10.0; Win64; x64) AppleWebKit/537.36 (KHTML, like Gecko) Chrome/151.0.0.0 Safari/537.36 Edg/151.0.0.0
2026-08-14 07:38:26 | INFO     | app.middleware.logging:dispatch:34 - Response: GET /api/v1/auth/profile - Status: 403 - Time: 0.004s
2026-08-14 07:38:26 | INFO     | app.middleware.logging:dispatch:18 - Request: GET /api/v1/auth/profile - Client: 127.0.0.1 - User-Agent: Mozilla/5.0 (Windows NT 10.0; Win64; x64) AppleWebKit/537.36 (KHTML, like Gecko) Chrome/151.0.0.0 Safari/537.36 Edg/151.0.0.0
2026-08-14 07:38:26 | INFO     | app.middleware.logging:dispatch:34 - Response: GET /api/v1/auth/profile - Status: 403 - Time: 0.009s
2026-08-14 07:38:34 | INFO     | app.middleware.logging:dispatch:18 - Request: GET /api/v1/auth/profile - Client: 127.0.0.1 - User-Agent: Mozilla/5.0 (Windows NT 10.0; Win64; x64) AppleWebKit/537.36 (KHTML, like Gecko) Chrome/151.0.0.0 Safari/537.36 Edg/151.0.0.0
2026-08-14 07:38:34 | INFO     | app.middleware.logging:dispatch:34 - Response: GET /api/v1/auth/profile - Status: 403 - Time: 0.005s
2026-08-14 07:38:34 | INFO     | app.middleware.logging:dispatch:18 - Request: GET /api/v1/auth/profile - Client: 127.0.0.1 - User-Agent: Mozilla/5.0 (Windows NT 10.0; Win64; x64) AppleWebKit/537.36 (KHTML, like Gecko) Chrome/151.0.0.0 Safari/537.36 Edg/151.0.0.0
2026-08-14 07:38:34 | INFO     | app.middleware.logging:dispatch:34 - Response: GET /api/v1/auth/profile - Status: 403 - Time: 0.002s
2026-08-14 07:38:35 | INFO     | app.middleware.logging:dispatch:18 - Request: POST /api/v1/auth/login - Client: 127.0.0.1 - User-Agent: Mozilla/5.0 (Windows NT 10.0; Win64; x64) AppleWebKit/537.36 (KHTML, like Gecko) Chrome/151.0.0.0 Safari/537.36 Edg/151.0.0.0
2026-08-14 07:38:35 | INFO     | app.middleware.logging:dispatch:34 - Response: POST /api/v1/auth/login - Status: 200 - Time: 0.717s
2026-08-14 07:39:18 | INFO     | app.middleware.logging:dispatch:18 - Request: POST /api/v1/auth/register - Client: 127.0.0.1 - User-Agent: Mozilla/5.0 (Windows NT 10.0; Win64; x64) AppleWebKit/537.36 (KHTML, like Gecko) Chrome/151.0.0.0 Safari/537.36 Edg/151.0.0.0
2026-08-14 07:39:19 | INFO     | app.middleware.logging:dispatch:34 - Response: POST /api/v1/auth/register - Status: 201 - Time: 0.764s
2026-08-14 07:40:27 | INFO     | app.main:shutdown_event:97 - Shutting down AI Quiz Generator Backend...
2026-08-14 07:40:27 | INFO     | app.main:shutdown_event:104 - Vector database indexes saved
2026-08-14 07:40:27 | INFO     | app.main:shutdown_event:108 - AI Quiz Generator Backend shut down successfully
2026-08-14 07:43:27 | INFO     | app.main:startup_event:61 - Starting AI Quiz Generator Backend...
2026-08-14 07:43:27 | INFO     | app.main:startup_event:67 - PostgreSQL database tables created successfully
2026-08-14 07:43:27 | INFO     | app.nlp.embedding:_load_model:39 - Loading embedding model: all-MiniLM-L6-v2
2026-08-14 07:43:38 | INFO     | app.nlp.embedding:_load_model:42 - Model loaded successfully. Dimension: 384
2026-08-14 07:43:38 | INFO     | app.utils.vector_db:_initialize_index:39 - Initialized FAISS index with type: flat
2026-08-14 07:43:38 | INFO     | app.main:startup_event:80 - Vector database initialized
2026-08-14 07:43:43 | WARNING  | app.utils.cache:_connect:27 - Redis unavailable at startup: Error 10061 connecting to localhost:6379. No connection could be made because the target machine actively refused it.
2026-08-14 07:43:43 | WARNING  | app.main:startup_event:91 - Redis cache not available
2026-08-14 07:43:43 | INFO     | app.main:startup_event:95 - AI Quiz Generator Backend started successfully
2026-08-14 07:43:49 | INFO     | app.middleware.logging:dispatch:18 - Request: POST /api/v1/auth/register - Client: 127.0.0.1 - User-Agent: Mozilla/5.0 (Windows NT 10.0; Win64; x64) AppleWebKit/537.36 (KHTML, like Gecko) Chrome/151.0.0.0 Safari/537.36 Edg/151.0.0.0
2026-08-14 07:43:50 | INFO     | app.middleware.logging:dispatch:34 - Response: POST /api/v1/auth/register - Status: 201 - Time: 1.467s
2026-08-14 07:43:50 | INFO     | app.middleware.logging:dispatch:18 - Request: POST /api/v1/auth/login - Client: 127.0.0.1 - User-Agent: Mozilla/5.0 (Windows NT 10.0; Win64; x64) AppleWebKit/537.36 (KHTML, like Gecko) Chrome/151.0.0.0 Safari/537.36 Edg/151.0.0.0
2026-08-14 07:43:51 | INFO     | app.middleware.logging:dispatch:34 - Response: POST /api/v1/auth/login - Status: 200 - Time: 0.727s
2026-08-14 07:43:51 | INFO     | app.middleware.logging:dispatch:18 - Request: GET /api/v1/auth/profile - Client: 127.0.0.1 - User-Agent: Mozilla/5.0 (Windows NT 10.0; Win64; x64) AppleWebKit/537.36 (KHTML, like Gecko) Chrome/151.0.0.0 Safari/537.36 Edg/151.0.0.0
2026-08-14 07:43:51 | INFO     | app.middleware.logging:dispatch:34 - Response: GET /api/v1/auth/profile - Status: 200 - Time: 0.033s
2026-08-14 07:43:51 | INFO     | app.middleware.logging:dispatch:18 - Request: GET /api/v1/auth/profile - Client: 127.0.0.1 - User-Agent: Mozilla/5.0 (Windows NT 10.0; Win64; x64) AppleWebKit/537.36 (KHTML, like Gecko) Chrome/151.0.0.0 Safari/537.36 Edg/151.0.0.0
2026-08-14 07:43:52 | INFO     | app.middleware.logging:dispatch:34 - Response: GET /api/v1/auth/profile - Status: 200 - Time: 0.026s
2026-08-14 07:43:52 | INFO     | app.middleware.logging:dispatch:18 - Request: GET /api/v1/auth/profile - Client: 127.0.0.1 - User-Agent: Mozilla/5.0 (Windows NT 10.0; Win64; x64) AppleWebKit/537.36 (KHTML, like Gecko) Chrome/151.0.0.0 Safari/537.36 Edg/151.0.0.0
2026-08-14 07:43:52 | INFO     | app.middleware.logging:dispatch:34 - Response: GET /api/v1/auth/profile - Status: 200 - Time: 0.028s
2026-08-14 07:47:02 | INFO     | app.middleware.logging:dispatch:18 - Request: GET /api/v1/auth/profile - Client: 127.0.0.1 - User-Agent: Mozilla/5.0 (Windows NT 10.0; Win64; x64) AppleWebKit/537.36 (KHTML, like Gecko) Chrome/151.0.0.0 Safari/537.36 Edg/151.0.0.0
2026-08-14 07:47:02 | INFO     | app.middleware.logging:dispatch:34 - Response: GET /api/v1/auth/profile - Status: 200 - Time: 0.121s
2026-08-14 07:47:02 | INFO     | app.middleware.logging:dispatch:18 - Request: GET /api/v1/auth/profile - Client: 127.0.0.1 - User-Agent: Mozilla/5.0 (Windows NT 10.0; Win64; x64) AppleWebKit/537.36 (KHTML, like Gecko) Chrome/151.0.0.0 Safari/537.36 Edg/151.0.0.0
2026-08-14 07:47:02 | INFO     | app.middleware.logging:dispatch:34 - Response: GET /api/v1/auth/profile - Status: 200 - Time: 0.078s
2026-08-14 07:47:05 | INFO     | app.middleware.logging:dispatch:18 - Request: GET /api/v1/auth/profile - Client: 127.0.0.1 - User-Agent: Mozilla/5.0 (Windows NT 10.0; Win64; x64) AppleWebKit/537.36 (KHTML, like Gecko) Chrome/151.0.0.0 Safari/537.36 Edg/151.0.0.0
2026-08-14 07:47:05 | INFO     | app.middleware.logging:dispatch:34 - Response: GET /api/v1/auth/profile - Status: 200 - Time: 0.014s
2026-08-14 07:47:05 | INFO     | app.middleware.logging:dispatch:18 - Request: GET /api/v1/auth/profile - Client: 127.0.0.1 - User-Agent: Mozilla/5.0 (Windows NT 10.0; Win64; x64) AppleWebKit/537.36 (KHTML, like Gecko) Chrome/151.0.0.0 Safari/537.36 Edg/151.0.0.0
2026-08-14 07:47:05 | INFO     | app.middleware.logging:dispatch:34 - Response: GET /api/v1/auth/profile - Status: 200 - Time: 0.018s
2026-08-14 07:47:31 | INFO     | app.middleware.logging:dispatch:18 - Request: GET /api/v1/auth/profile - Client: 127.0.0.1 - User-Agent: Mozilla/5.0 (Windows NT 10.0; Win64; x64) AppleWebKit/537.36 (KHTML, like Gecko) Chrome/151.0.0.0 Safari/537.36 Edg/151.0.0.0
2026-08-14 07:47:31 | INFO     | app.middleware.logging:dispatch:34 - Response: GET /api/v1/auth/profile - Status: 200 - Time: 0.019s
2026-08-14 07:47:31 | INFO     | app.middleware.logging:dispatch:18 - Request: GET /api/v1/auth/profile - Client: 127.0.0.1 - User-Agent: Mozilla/5.0 (Windows NT 10.0; Win64; x64) AppleWebKit/537.36 (KHTML, like Gecko) Chrome/151.0.0.0 Safari/537.36 Edg/151.0.0.0
2026-08-14 07:47:31 | INFO     | app.middleware.logging:dispatch:34 - Response: GET /api/v1/auth/profile - Status: 200 - Time: 0.019s
2026-08-14 07:47:43 | INFO     | app.middleware.logging:dispatch:18 - Request: GET /api/v1/auth/profile - Client: 127.0.0.1 - User-Agent: Mozilla/5.0 (Windows NT 10.0; Win64; x64) AppleWebKit/537.36 (KHTML, like Gecko) Chrome/151.0.0.0 Safari/537.36 Edg/151.0.0.0
2026-08-14 07:47:43 | INFO     | app.middleware.logging:dispatch:34 - Response: GET /api/v1/auth/profile - Status: 200 - Time: 0.020s
2026-08-14 07:47:43 | INFO     | app.middleware.logging:dispatch:18 - Request: GET /api/v1/auth/profile - Client: 127.0.0.1 - User-Agent: Mozilla/5.0 (Windows NT 10.0; Win64; x64) AppleWebKit/537.36 (KHTML, like Gecko) Chrome/151.0.0.0 Safari/537.36 Edg/151.0.0.0
2026-08-14 07:47:43 | INFO     | app.middleware.logging:dispatch:34 - Response: GET /api/v1/auth/profile - Status: 200 - Time: 0.020s
2026-08-14 07:47:49 | INFO     | app.middleware.logging:dispatch:18 - Request: GET /api/v1/auth/profile - Client: 127.0.0.1 - User-Agent: Mozilla/5.0 (Windows NT 10.0; Win64; x64) AppleWebKit/537.36 (KHTML, like Gecko) Chrome/151.0.0.0 Safari/537.36 Edg/151.0.0.0
2026-08-14 07:47:49 | INFO     | app.middleware.logging:dispatch:34 - Response: GET /api/v1/auth/profile - Status: 200 - Time: 0.016s
2026-08-14 07:47:49 | INFO     | app.middleware.logging:dispatch:18 - Request: GET /api/v1/auth/profile - Client: 127.0.0.1 - User-Agent: Mozilla/5.0 (Windows NT 10.0; Win64; x64) AppleWebKit/537.36 (KHTML, like Gecko) Chrome/151.0.0.0 Safari/537.36 Edg/151.0.0.0
