2026-08-13 22:23:20 | ERROR    | app.main:startup_event:64 - Failed to create database tables: (psycopg2.OperationalError) connection to server at "localhost" (::1), port 5432 failed: Connection refused (0x0000274D/10061)
	Is the server running on that host and accepting TCP/IP connections?
connection to server at "localhost" (127.0.0.1), port 5432 failed: Connection refused (0x0000274D/10061)
	Is the server running on that host and accepting TCP/IP connections?

(Background on this error at: https://sqlalche.me/e/20/e3q8)
2026-08-13 22:23:20 | ERROR    | app.main:startup_event:64 - Failed to create database tables: (psycopg2.OperationalError) connection to server at "localhost" (::1), port 5432 failed: Connection refused (0x0000274D/10061)
	Is the server running on that host and accepting TCP/IP connections?
connection to server at "localhost" (127.0.0.1), port 5432 failed: Connection refused (0x0000274D/10061)
	Is the server running on that host and accepting TCP/IP connections?

(Background on this error at: https://sqlalche.me/e/20/e3q8)
2026-08-13 22:23:20 | ERROR    | app.main:startup_event:64 - Failed to create database tables: (psycopg2.OperationalError) connection to server at "localhost" (::1), port 5432 failed: Connection refused (0x0000274D/10061)
	Is the server running on that host and accepting TCP/IP connections?
connection to server at "localhost" (127.0.0.1), port 5432 failed: Connection refused (0x0000274D/10061)
	Is the server running on that host and accepting TCP/IP connections?

(Background on this error at: https://sqlalche.me/e/20/e3q8)
2026-08-13 22:23:20 | ERROR    | app.main:startup_event:64 - Failed to create database tables: (psycopg2.OperationalError) connection to server at "localhost" (::1), port 5432 failed: Connection refused (0x0000274D/10061)
	Is the server running on that host and accepting TCP/IP connections?
connection to server at "localhost" (127.0.0.1), port 5432 failed: Connection refused (0x0000274D/10061)
	Is the server running on that host and accepting TCP/IP connections?

(Background on this error at: https://sqlalche.me/e/20/e3q8)
2026-08-13 22:23:20 | ERROR    | app.main:startup_event:64 - Failed to create database tables: (psycopg2.OperationalError) connection to server at "localhost" (::1), port 5432 failed: Connection refused (0x0000274D/10061)
	Is the server running on that host and accepting TCP/IP connections?
connection to server at "localhost" (127.0.0.1), port 5432 failed: Connection refused (0x0000274D/10061)
	Is the server running on that host and accepting TCP/IP connections?

(Background on this error at: https://sqlalche.me/e/20/e3q8)
2026-08-13 22:23:20 | ERROR    | app.main:startup_event:64 - Failed to create database tables: (psycopg2.OperationalError) connection to server at "localhost" (::1), port 5432 failed: Connection refused (0x0000274D/10061)
	Is the server running on that host and accepting TCP/IP connections?
connection to server at "localhost" (127.0.0.1), port 5432 failed: Connection refused (0x0000274D/10061)
	Is the server running on that host and accepting TCP/IP connections?

(Background on this error at: https://sqlalche.me/e/20/e3q8)
2026-08-13 22:23:33 | ERROR    | app.main:startup_event:64 - Failed to create database tables: (psycopg2.OperationalError) connection to server at "localhost" (::1), port 5432 failed: Connection refused (0x0000274D/10061)
	Is the server running on that host and accepting TCP/IP connections?
connection to server at "localhost" (127.0.0.1), port 5432 failed: Connection refused (0x0000274D/10061)
	Is the server running on that host and accepting TCP/IP connections?

(Background on this error at: https://sqlalche.me/e/20/e3q8)
2026-08-13 22:23:39 | ERROR    | app.main:startup_event:64 - Failed to create database tables: (psycopg2.OperationalError) connection to server at "localhost" (::1), port 5432 failed: Connection refused (0x0000274D/10061)
	Is the server running on that host and accepting TCP/IP connections?
connection to server at "localhost" (127.0.0.1), port 5432 failed: Connection refused (0x0000274D/10061)
	Is the server running on that host and accepting TCP/IP connections?

(Background on this error at: https://sqlalche.me/e/20/e3q8)
2026-08-13 22:23:40 | ERROR    | app.main:startup_event:64 - Failed to create database tables: (psycopg2.OperationalError) connection to server at "localhost" (::1), port 5432 failed: Connection refused (0x0000274D/10061)
	Is the server running on that host and accepting TCP/IP connections?
connection to server at "localhost" (127.0.0.1), port 5432 failed: Connection refused (0x0000274D/10061)
	Is the server running on that host and accepting TCP/IP connections?

(Background on this error at: https://sqlalche.me/e/20/e3q8)
2026-08-13 22:23:41 | ERROR    | app.main:startup_event:64 - Failed to create database tables: (psycopg2.OperationalError) connection to server at "localhost" (::1), port 5432 failed: Connection refused (0x0000274D/10061)
	Is the server running on that host and accepting TCP/IP connections?
connection to server at "localhost" (127.0.0.1), port 5432 failed: Connection refused (0x0000274D/10061)
	Is the server running on that host and accepting TCP/IP connections?

(Background on this error at: https://sqlalche.me/e/20/e3q8)
2026-08-13 22:23:41 | ERROR    | app.main:startup_event:64 - Failed to create database tables: (psycopg2.OperationalError) connection to server at "localhost" (::1), port 5432 failed: Connection refused (0x0000274D/10061)
	Is the server running on that host and accepting TCP/IP connections?
connection to server at "localhost" (127.0.0.1), port 5432 failed: Connection refused (0x0000274D/10061)
	Is the server running on that host and accepting TCP/IP connections?

(Background on this error at: https://sqlalche.me/e/20/e3q8)
2026-08-13 22:23:41 | ERROR    | app.main:startup_event:64 - Failed to create database tables: (psycopg2.OperationalError) connection to server at "localhost" (::1), port 5432 failed: Connection refused (0x0000274D/10061)
	Is the server running on that host and accepting TCP/IP connections?
connection to server at "localhost" (127.0.0.1), port 5432 failed: Connection refused (0x0000274D/10061)
	Is the server running on that host and accepting TCP/IP connections?

(Background on this error at: https://sqlalche.me/e/20/e3q8)
2026-08-13 22:23:42 | ERROR    | app.main:startup_event:64 - Failed to create database tables: (psycopg2.OperationalError) connection to server at "localhost" (::1), port 5432 failed: Connection refused (0x0000274D/10061)
	Is the server running on that host and accepting TCP/IP connections?
connection to server at "localhost" (127.0.0.1), port 5432 failed: Connection refused (0x0000274D/10061)
	Is the server running on that host and accepting TCP/IP connections?

(Background on this error at: https://sqlalche.me/e/20/e3q8)
2026-08-13 22:24:27 | ERROR    | app.main:startup_event:64 - Failed to create database tables: (psycopg2.OperationalError) connection to server at "localhost" (::1), port 5432 failed: Connection refused (0x0000274D/10061)
	Is the server running on that host and accepting TCP/IP connections?
connection to server at "localhost" (127.0.0.1), port 5432 failed: Connection refused (0x0000274D/10061)
	Is the server running on that host and accepting TCP/IP connections?

(Background on this error at: https://sqlalche.me/e/20/e3q8)
2026-08-13 22:24:27 | ERROR    | app.main:startup_event:64 - Failed to create database tables: (psycopg2.OperationalError) connection to server at "localhost" (::1), port 5432 failed: Connection refused (0x0000274D/10061)
	Is the server running on that host and accepting TCP/IP connections?
connection to server at "localhost" (127.0.0.1), port 5432 failed: Connection refused (0x0000274D/10061)
	Is the server running on that host and accepting TCP/IP connections?

(Background on this error at: https://sqlalche.me/e/20/e3q8)
2026-08-13 22:24:27 | ERROR    | app.main:startup_event:64 - Failed to create database tables: (psycopg2.OperationalError) connection to server at "localhost" (::1), port 5432 failed: Connection refused (0x0000274D/10061)
	Is the server running on that host and accepting TCP/IP connections?
connection to server at "localhost" (127.0.0.1), port 5432 failed: Connection refused (0x0000274D/10061)
	Is the server running on that host and accepting TCP/IP connections?

(Background on this error at: https://sqlalche.me/e/20/e3q8)
2026-08-13 22:24:27 | ERROR    | app.main:startup_event:64 - Failed to create database tables: (psycopg2.OperationalError) connection to server at "localhost" (::1), port 5432 failed: Connection refused (0x0000274D/10061)
	Is the server running on that host and accepting TCP/IP connections?
connection to server at "localhost" (127.0.0.1), port 5432 failed: Connection refused (0x0000274D/10061)
	Is the server running on that host and accepting TCP/IP connections?

(Background on this error at: https://sqlalche.me/e/20/e3q8)
2026-08-13 22:24:27 | ERROR    | app.main:startup_event:64 - Failed to create database tables: (psycopg2.OperationalError) connection to server at "localhost" (::1), port 5432 failed: Connection refused (0x0000274D/10061)
	Is the server running on that host and accepting TCP/IP connections?
connection to server at "localhost" (127.0.0.1), port 5432 failed: Connection refused (0x0000274D/10061)
	Is the server running on that host and accepting TCP/IP connections?

(Background on this error at: https://sqlalche.me/e/20/e3q8)
2026-08-13 22:24:27 | ERROR    | app.main:startup_event:64 - Failed to create database tables: (psycopg2.OperationalError) connection to server at "localhost" (::1), port 5432 failed: Connection refused (0x0000274D/10061)
	Is the server running on that host and accepting TCP/IP connections?
connection to server at "localhost" (127.0.0.1), port 5432 failed: Connection refused (0x0000274D/10061)
	Is the server running on that host and accepting TCP/IP connections?

(Background on this error at: https://sqlalche.me/e/20/e3q8)
2026-08-13 22:24:27 | ERROR    | app.main:startup_event:64 - Failed to create database tables: (psycopg2.OperationalError) connection to server at "localhost" (::1), port 5432 failed: Connection refused (0x0000274D/10061)
	Is the server running on that host and accepting TCP/IP connections?
connection to server at "localhost" (127.0.0.1), port 5432 failed: Connection refused (0x0000274D/10061)
	Is the server running on that host and accepting TCP/IP connections?

(Background on this error at: https://sqlalche.me/e/20/e3q8)
2026-08-13 22:24:31 | ERROR    | app.utils.cache:_connect:27 - Failed to connect to Redis: Error 10061 connecting to localhost:6379. No connection could be made because the target machine actively refused it.
2026-08-13 22:24:31 | ERROR    | app.utils.cache:_connect:27 - Failed to connect to Redis: Error 10061 connecting to localhost:6379. No connection could be made because the target machine actively refused it.
2026-08-13 22:24:31 | ERROR    | app.utils.cache:_connect:27 - Failed to connect to Redis: Error 10061 connecting to localhost:6379. No connection could be made because the target machine actively refused it.
2026-08-13 22:24:31 | ERROR    | app.utils.cache:_connect:27 - Failed to connect to Redis: Error 10061 connecting to localhost:6379. No connection could be made because the target machine actively refused it.
2026-08-13 22:24:31 | ERROR    | app.utils.cache:_connect:27 - Failed to connect to Redis: Error 10061 connecting to localhost:6379. No connection could be made because the target machine actively refused it.
2026-08-13 22:24:32 | ERROR    | app.utils.cache:_connect:27 - Failed to connect to Redis: Error 10061 connecting to localhost:6379. No connection could be made because the target machine actively refused it.
2026-08-13 22:24:32 | ERROR    | app.utils.cache:_connect:27 - Failed to connect to Redis: Error 10061 connecting to localhost:6379. No connection could be made because the target machine actively refused it.
2026-08-13 22:25:22 | ERROR    | app.main:startup_event:63 - Failed to create database tables: (psycopg2.OperationalError) connection to server at "localhost" (::1), port 5432 failed: Connection refused (0x0000274D/10061)
	Is the server running on that host and accepting TCP/IP connections?
connection to server at "localhost" (127.0.0.1), port 5432 failed: Connection refused (0x0000274D/10061)
	Is the server running on that host and accepting TCP/IP connections?

(Background on this error at: https://sqlalche.me/e/20/e3q8)
2026-08-13 22:25:26 | ERROR    | app.utils.cache:_connect:27 - Failed to connect to Redis: Error 10061 connecting to localhost:6379. No connection could be made because the target machine actively refused it.
2026-08-13 22:25:33 | ERROR    | app.main:startup_event:63 - Failed to create database tables: (psycopg2.OperationalError) connection to server at "localhost" (::1), port 5432 failed: Connection refused (0x0000274D/10061)
	Is the server running on that host and accepting TCP/IP connections?
connection to server at "localhost" (127.0.0.1), port 5432 failed: Connection refused (0x0000274D/10061)
	Is the server running on that host and accepting TCP/IP connections?

(Background on this error at: https://sqlalche.me/e/20/e3q8)
2026-08-13 22:25:37 | ERROR    | app.utils.cache:_connect:27 - Failed to connect to Redis: Error 10061 connecting to localhost:6379. No connection could be made because the target machine actively refused it.
2026-08-13 22:25:49 | ERROR    | app.main:startup_event:63 - Failed to create database tables: (psycopg2.OperationalError) connection to server at "localhost" (::1), port 5432 failed: Connection refused (0x0000274D/10061)
	Is the server running on that host and accepting TCP/IP connections?
connection to server at "localhost" (127.0.0.1), port 5432 failed: Connection refused (0x0000274D/10061)
	Is the server running on that host and accepting TCP/IP connections?

(Background on this error at: https://sqlalche.me/e/20/e3q8)
2026-08-13 22:25:54 | ERROR    | app.utils.cache:_connect:27 - Failed to connect to Redis: Error 10061 connecting to localhost:6379. No connection could be made because the target machine actively refused it.
2026-08-13 22:27:16 | ERROR    | app.main:startup_event:63 - Failed to create database tables: (psycopg2.OperationalError) connection to server at "localhost" (::1), port 5432 failed: Connection refused (0x0000274D/10061)
	Is the server running on that host and accepting TCP/IP connections?
connection to server at "localhost" (127.0.0.1), port 5432 failed: Connection refused (0x0000274D/10061)
	Is the server running on that host and accepting TCP/IP connections?

(Background on this error at: https://sqlalche.me/e/20/e3q8)
2026-08-13 22:27:20 | ERROR    | app.utils.cache:_connect:27 - Failed to connect to Redis: Error 10061 connecting to localhost:6379. No connection could be made because the target machine actively refused it.
2026-08-13 22:28:22 | ERROR    | app.main:startup_event:63 - Failed to create database tables: (psycopg2.OperationalError) connection to server at "localhost" (::1), port 5432 failed: Connection refused (0x0000274D/10061)
	Is the server running on that host and accepting TCP/IP connections?
connection to server at "localhost" (127.0.0.1), port 5432 failed: Connection refused (0x0000274D/10061)
	Is the server running on that host and accepting TCP/IP connections?

(Background on this error at: https://sqlalche.me/e/20/e3q8)
2026-08-13 22:28:26 | ERROR    | app.utils.cache:_connect:27 - Failed to connect to Redis: Error 10061 connecting to localhost:6379. No connection could be made because the target machine actively refused it.
2026-08-13 22:28:39 | ERROR    | app.main:startup_event:63 - Failed to create database tables: (psycopg2.OperationalError) connection to server at "localhost" (::1), port 5432 failed: Connection refused (0x0000274D/10061)
	Is the server running on that host and accepting TCP/IP connections?
connection to server at "localhost" (127.0.0.1), port 5432 failed: Connection refused (0x0000274D/10061)
	Is the server running on that host and accepting TCP/IP connections?

(Background on this error at: https://sqlalche.me/e/20/e3q8)
2026-08-13 22:28:44 | ERROR    | app.utils.cache:_connect:27 - Failed to connect to Redis: Error 10061 connecting to localhost:6379. No connection could be made because the target machine actively refused it.
2026-08-13 22:29:21 | ERROR    | app.main:startup_event:63 - Failed to create database tables: (psycopg2.OperationalError) connection to server at "localhost" (::1), port 5432 failed: Connection refused (0x0000274D/10061)
	Is the server running on that host and accepting TCP/IP connections?
connection to server at "localhost" (127.0.0.1), port 5432 failed: Connection refused (0x0000274D/10061)
	Is the server running on that host and accepting TCP/IP connections?

(Background on this error at: https://sqlalche.me/e/20/e3q8)
2026-08-13 22:29:22 | ERROR    | app.main:startup_event:63 - Failed to create database tables: (psycopg2.OperationalError) connection to server at "localhost" (::1), port 5432 failed: Connection refused (0x0000274D/10061)
	Is the server running on that host and accepting TCP/IP connections?
connection to server at "localhost" (127.0.0.1), port 5432 failed: Connection refused (0x0000274D/10061)
	Is the server running on that host and accepting TCP/IP connections?

(Background on this error at: https://sqlalche.me/e/20/e3q8)
2026-08-13 22:29:22 | ERROR    | app.main:startup_event:63 - Failed to create database tables: (psycopg2.OperationalError) connection to server at "localhost" (::1), port 5432 failed: Connection refused (0x0000274D/10061)
	Is the server running on that host and accepting TCP/IP connections?
connection to server at "localhost" (127.0.0.1), port 5432 failed: Connection refused (0x0000274D/10061)
	Is the server running on that host and accepting TCP/IP connections?

(Background on this error at: https://sqlalche.me/e/20/e3q8)
2026-08-13 22:29:22 | ERROR    | app.main:startup_event:63 - Failed to create database tables: (psycopg2.OperationalError) connection to server at "localhost" (::1), port 5432 failed: Connection refused (0x0000274D/10061)
	Is the server running on that host and accepting TCP/IP connections?
connection to server at "localhost" (127.0.0.1), port 5432 failed: Connection refused (0x0000274D/10061)
	Is the server running on that host and accepting TCP/IP connections?

(Background on this error at: https://sqlalche.me/e/20/e3q8)
2026-08-13 22:29:22 | ERROR    | app.main:startup_event:63 - Failed to create database tables: (psycopg2.OperationalError) connection to server at "localhost" (::1), port 5432 failed: Connection refused (0x0000274D/10061)
	Is the server running on that host and accepting TCP/IP connections?
connection to server at "localhost" (127.0.0.1), port 5432 failed: Connection refused (0x0000274D/10061)
	Is the server running on that host and accepting TCP/IP connections?

(Background on this error at: https://sqlalche.me/e/20/e3q8)
2026-08-13 22:29:25 | ERROR    | app.utils.cache:_connect:27 - Failed to connect to Redis: Error 10061 connecting to localhost:6379. No connection could be made because the target machine actively refused it.
2026-08-13 22:29:26 | ERROR    | app.utils.cache:_connect:27 - Failed to connect to Redis: Error 10061 connecting to localhost:6379. No connection could be made because the target machine actively refused it.
2026-08-13 22:29:26 | ERROR    | app.utils.cache:_connect:27 - Failed to connect to Redis: Error 10061 connecting to localhost:6379. No connection could be made because the target machine actively refused it.
2026-08-13 22:29:26 | ERROR    | app.utils.cache:_connect:27 - Failed to connect to Redis: Error 10061 connecting to localhost:6379. No connection could be made because the target machine actively refused it.
2026-08-13 22:29:26 | ERROR    | app.utils.cache:_connect:27 - Failed to connect to Redis: Error 10061 connecting to localhost:6379. No connection could be made because the target machine actively refused it.
2026-08-13 22:29:43 | ERROR    | app.main:startup_event:63 - Failed to create database tables: (psycopg2.OperationalError) connection to server at "localhost" (::1), port 5432 failed: Connection refused (0x0000274D/10061)
	Is the server running on that host and accepting TCP/IP connections?
connection to server at "localhost" (127.0.0.1), port 5432 failed: Connection refused (0x0000274D/10061)
	Is the server running on that host and accepting TCP/IP connections?

(Background on this error at: https://sqlalche.me/e/20/e3q8)
2026-08-13 22:29:46 | ERROR    | app.main:startup_event:63 - Failed to create database tables: (psycopg2.OperationalError) connection to server at "localhost" (::1), port 5432 failed: Connection refused (0x0000274D/10061)
	Is the server running on that host and accepting TCP/IP connections?
connection to server at "localhost" (127.0.0.1), port 5432 failed: Connection refused (0x0000274D/10061)
	Is the server running on that host and accepting TCP/IP connections?

(Background on this error at: https://sqlalche.me/e/20/e3q8)
2026-08-13 22:29:46 | ERROR    | app.main:startup_event:63 - Failed to create database tables: (psycopg2.OperationalError) connection to server at "localhost" (::1), port 5432 failed: Connection refused (0x0000274D/10061)
	Is the server running on that host and accepting TCP/IP connections?
connection to server at "localhost" (127.0.0.1), port 5432 failed: Connection refused (0x0000274D/10061)
	Is the server running on that host and accepting TCP/IP connections?

(Background on this error at: https://sqlalche.me/e/20/e3q8)
2026-08-13 22:29:46 | ERROR    | app.main:startup_event:63 - Failed to create database tables: (psycopg2.OperationalError) connection to server at "localhost" (::1), port 5432 failed: Connection refused (0x0000274D/10061)
	Is the server running on that host and accepting TCP/IP connections?
connection to server at "localhost" (127.0.0.1), port 5432 failed: Connection refused (0x0000274D/10061)
	Is the server running on that host and accepting TCP/IP connections?

(Background on this error at: https://sqlalche.me/e/20/e3q8)
2026-08-13 22:29:46 | ERROR    | app.main:startup_event:63 - Failed to create database tables: (psycopg2.OperationalError) connection to server at "localhost" (::1), port 5432 failed: Connection refused (0x0000274D/10061)
	Is the server running on that host and accepting TCP/IP connections?
connection to server at "localhost" (127.0.0.1), port 5432 failed: Connection refused (0x0000274D/10061)
	Is the server running on that host and accepting TCP/IP connections?

(Background on this error at: https://sqlalche.me/e/20/e3q8)
2026-08-13 22:29:47 | ERROR    | app.utils.cache:_connect:27 - Failed to connect to Redis: Error 10061 connecting to localhost:6379. No connection could be made because the target machine actively refused it.
2026-08-13 22:29:50 | ERROR    | app.utils.cache:_connect:27 - Failed to connect to Redis: Error 10061 connecting to localhost:6379. No connection could be made because the target machine actively refused it.
2026-08-13 22:29:50 | ERROR    | app.utils.cache:_connect:27 - Failed to connect to Redis: Error 10061 connecting to localhost:6379. No connection could be made because the target machine actively refused it.
2026-08-13 22:29:50 | ERROR    | app.utils.cache:_connect:27 - Failed to connect to Redis: Error 10061 connecting to localhost:6379. No connection could be made because the target machine actively refused it.
2026-08-13 22:29:51 | ERROR    | app.utils.cache:_connect:27 - Failed to connect to Redis: Error 10061 connecting to localhost:6379. No connection could be made because the target machine actively refused it.
2026-08-13 22:30:23 | ERROR    | app.main:startup_event:63 - Failed to create database tables: (psycopg2.OperationalError) connection to server at "localhost" (::1), port 5432 failed: Connection refused (0x0000274D/10061)
	Is the server running on that host and accepting TCP/IP connections?
connection to server at "localhost" (127.0.0.1), port 5432 failed: Connection refused (0x0000274D/10061)
	Is the server running on that host and accepting TCP/IP connections?

(Background on this error at: https://sqlalche.me/e/20/e3q8)
2026-08-13 22:30:27 | ERROR    | app.utils.cache:_connect:27 - Failed to connect to Redis: Error 10061 connecting to localhost:6379. No connection could be made because the target machine actively refused it.
2026-08-13 22:40:43 | ERROR    | app.main:startup_event:63 - Failed to create database tables: (psycopg2.OperationalError) connection to server at "localhost" (::1), port 5432 failed: Connection refused (0x0000274D/10061)
	Is the server running on that host and accepting TCP/IP connections?
connection to server at "localhost" (127.0.0.1), port 5432 failed: Connection refused (0x0000274D/10061)
	Is the server running on that host and accepting TCP/IP connections?

(Background on this error at: https://sqlalche.me/e/20/e3q8)
2026-08-13 22:40:43 | ERROR    | app.main:startup_event:63 - Failed to create database tables: (psycopg2.OperationalError) connection to server at "localhost" (::1), port 5432 failed: Connection refused (0x0000274D/10061)
	Is the server running on that host and accepting TCP/IP connections?
connection to server at "localhost" (127.0.0.1), port 5432 failed: Connection refused (0x0000274D/10061)
	Is the server running on that host and accepting TCP/IP connections?

(Background on this error at: https://sqlalche.me/e/20/e3q8)
2026-08-13 22:40:43 | ERROR    | app.main:startup_event:63 - Failed to create database tables: (psycopg2.OperationalError) connection to server at "localhost" (::1), port 5432 failed: Connection refused (0x0000274D/10061)
	Is the server running on that host and accepting TCP/IP connections?
connection to server at "localhost" (127.0.0.1), port 5432 failed: Connection refused (0x0000274D/10061)
	Is the server running on that host and accepting TCP/IP connections?

(Background on this error at: https://sqlalche.me/e/20/e3q8)
2026-08-13 22:40:43 | ERROR    | app.main:startup_event:63 - Failed to create database tables: (psycopg2.OperationalError) connection to server at "localhost" (::1), port 5432 failed: Connection refused (0x0000274D/10061)
	Is the server running on that host and accepting TCP/IP connections?
connection to server at "localhost" (127.0.0.1), port 5432 failed: Connection refused (0x0000274D/10061)
	Is the server running on that host and accepting TCP/IP connections?

(Background on this error at: https://sqlalche.me/e/20/e3q8)
2026-08-13 22:40:43 | ERROR    | app.main:startup_event:63 - Failed to create database tables: (psycopg2.OperationalError) connection to server at "localhost" (::1), port 5432 failed: Connection refused (0x0000274D/10061)
	Is the server running on that host and accepting TCP/IP connections?
connection to server at "localhost" (127.0.0.1), port 5432 failed: Connection refused (0x0000274D/10061)
	Is the server running on that host and accepting TCP/IP connections?

(Background on this error at: https://sqlalche.me/e/20/e3q8)
2026-08-13 22:40:44 | ERROR    | app.main:startup_event:63 - Failed to create database tables: (psycopg2.OperationalError) connection to server at "localhost" (::1), port 5432 failed: Connection refused (0x0000274D/10061)
	Is the server running on that host and accepting TCP/IP connections?
connection to server at "localhost" (127.0.0.1), port 5432 failed: Connection refused (0x0000274D/10061)
	Is the server running on that host and accepting TCP/IP connections?

(Background on this error at: https://sqlalche.me/e/20/e3q8)
2026-08-13 22:40:44 | ERROR    | app.main:startup_event:63 - Failed to create database tables: (psycopg2.OperationalError) connection to server at "localhost" (::1), port 5432 failed: Connection refused (0x0000274D/10061)
	Is the server running on that host and accepting TCP/IP connections?
connection to server at "localhost" (127.0.0.1), port 5432 failed: Connection refused (0x0000274D/10061)
	Is the server running on that host and accepting TCP/IP connections?

(Background on this error at: https://sqlalche.me/e/20/e3q8)
2026-08-13 22:40:44 | ERROR    | app.main:startup_event:63 - Failed to create database tables: (psycopg2.OperationalError) connection to server at "localhost" (::1), port 5432 failed: Connection refused (0x0000274D/10061)
	Is the server running on that host and accepting TCP/IP connections?
connection to server at "localhost" (127.0.0.1), port 5432 failed: Connection refused (0x0000274D/10061)
	Is the server running on that host and accepting TCP/IP connections?

(Background on this error at: https://sqlalche.me/e/20/e3q8)
2026-08-13 22:40:47 | ERROR    | app.nlp.embedding:_load_model:44 - Failed to load embedding model: [WinError 5] Access is denied: 'C:\\Users\\akash\\.cache\\huggingface\\hub\\models--sentence-transformers--all-MiniLM-L6-v2\\refs\\main.78bac5b1.tmp' -> 'C:\\Users\\akash\\.cache\\huggingface\\hub\\models--sentence-transformers--all-MiniLM-L6-v2\\refs\\main'
2026-08-13 22:40:52 | ERROR    | app.utils.cache:_connect:27 - Failed to connect to Redis: Error 10061 connecting to localhost:6379. No connection could be made because the target machine actively refused it.
2026-08-13 22:41:24 | ERROR    | app.utils.cache:_connect:27 - Failed to connect to Redis: Error 10061 connecting to localhost:6379. No connection could be made because the target machine actively refused it.
2026-08-13 22:41:37 | ERROR    | app.utils.cache:_connect:27 - Failed to connect to Redis: Error 10061 connecting to localhost:6379. No connection could be made because the target machine actively refused it.
2026-08-13 22:41:37 | ERROR    | app.utils.cache:_connect:27 - Failed to connect to Redis: Error 10061 connecting to localhost:6379. No connection could be made because the target machine actively refused it.
2026-08-13 22:41:37 | ERROR    | app.utils.cache:_connect:27 - Failed to connect to Redis: Error 10061 connecting to localhost:6379. No connection could be made because the target machine actively refused it.
2026-08-13 22:41:37 | ERROR    | app.utils.cache:_connect:27 - Failed to connect to Redis: Error 10061 connecting to localhost:6379. No connection could be made because the target machine actively refused it.
2026-08-13 22:41:37 | ERROR    | app.utils.cache:_connect:27 - Failed to connect to Redis: Error 10061 connecting to localhost:6379. No connection could be made because the target machine actively refused it.
2026-08-13 22:41:37 | ERROR    | app.utils.cache:_connect:27 - Failed to connect to Redis: Error 10061 connecting to localhost:6379. No connection could be made because the target machine actively refused it.
2026-08-13 22:41:38 | ERROR    | app.utils.cache:_connect:27 - Failed to connect to Redis: Error 10061 connecting to localhost:6379. No connection could be made because the target machine actively refused it.
2026-08-13 22:41:57 | ERROR    | app.main:startup_event:63 - Failed to create database tables: (psycopg2.OperationalError) connection to server at "localhost" (::1), port 5432 failed: Connection refused (0x0000274D/10061)
	Is the server running on that host and accepting TCP/IP connections?
connection to server at "localhost" (127.0.0.1), port 5432 failed: Connection refused (0x0000274D/10061)
	Is the server running on that host and accepting TCP/IP connections?

(Background on this error at: https://sqlalche.me/e/20/e3q8)
2026-08-13 22:42:08 | ERROR    | app.utils.cache:_connect:27 - Failed to connect to Redis: Error 10061 connecting to localhost:6379. No connection could be made because the target machine actively refused it.
2026-08-13 22:42:27 | ERROR    | app.main:startup_event:63 - Failed to create database tables: (psycopg2.OperationalError) connection to server at "localhost" (::1), port 5432 failed: Connection refused (0x0000274D/10061)
	Is the server running on that host and accepting TCP/IP connections?
connection to server at "localhost" (127.0.0.1), port 5432 failed: Connection refused (0x0000274D/10061)
	Is the server running on that host and accepting TCP/IP connections?

(Background on this error at: https://sqlalche.me/e/20/e3q8)
2026-08-13 22:42:41 | ERROR    | app.utils.cache:_connect:27 - Failed to connect to Redis: Error 10061 connecting to localhost:6379. No connection could be made because the target machine actively refused it.
2026-08-13 22:43:02 | ERROR    | app.main:startup_event:63 - Failed to create database tables: (psycopg2.OperationalError) connection to server at "localhost" (::1), port 5432 failed: Connection refused (0x0000274D/10061)
	Is the server running on that host and accepting TCP/IP connections?
connection to server at "localhost" (127.0.0.1), port 5432 failed: Connection refused (0x0000274D/10061)
	Is the server running on that host and accepting TCP/IP connections?

(Background on this error at: https://sqlalche.me/e/20/e3q8)
2026-08-13 22:43:02 | ERROR    | app.main:startup_event:63 - Failed to create database tables: (psycopg2.OperationalError) connection to server at "localhost" (::1), port 5432 failed: Connection refused (0x0000274D/10061)
	Is the server running on that host and accepting TCP/IP connections?
connection to server at "localhost" (127.0.0.1), port 5432 failed: Connection refused (0x0000274D/10061)
	Is the server running on that host and accepting TCP/IP connections?

(Background on this error at: https://sqlalche.me/e/20/e3q8)
2026-08-13 22:43:03 | ERROR    | app.main:startup_event:63 - Failed to create database tables: (psycopg2.OperationalError) connection to server at "localhost" (::1), port 5432 failed: Connection refused (0x0000274D/10061)
	Is the server running on that host and accepting TCP/IP connections?
connection to server at "localhost" (127.0.0.1), port 5432 failed: Connection refused (0x0000274D/10061)
	Is the server running on that host and accepting TCP/IP connections?

(Background on this error at: https://sqlalche.me/e/20/e3q8)
2026-08-13 22:43:03 | ERROR    | app.main:startup_event:63 - Failed to create database tables: (psycopg2.OperationalError) connection to server at "localhost" (::1), port 5432 failed: Connection refused (0x0000274D/10061)
	Is the server running on that host and accepting TCP/IP connections?
connection to server at "localhost" (127.0.0.1), port 5432 failed: Connection refused (0x0000274D/10061)
	Is the server running on that host and accepting TCP/IP connections?

(Background on this error at: https://sqlalche.me/e/20/e3q8)
2026-08-13 22:43:03 | ERROR    | app.main:startup_event:63 - Failed to create database tables: (psycopg2.OperationalError) connection to server at "localhost" (::1), port 5432 failed: Connection refused (0x0000274D/10061)
	Is the server running on that host and accepting TCP/IP connections?
connection to server at "localhost" (127.0.0.1), port 5432 failed: Connection refused (0x0000274D/10061)
	Is the server running on that host and accepting TCP/IP connections?

(Background on this error at: https://sqlalche.me/e/20/e3q8)
2026-08-13 22:43:03 | ERROR    | app.main:startup_event:63 - Failed to create database tables: (psycopg2.OperationalError) connection to server at "localhost" (::1), port 5432 failed: Connection refused (0x0000274D/10061)
	Is the server running on that host and accepting TCP/IP connections?
connection to server at "localhost" (127.0.0.1), port 5432 failed: Connection refused (0x0000274D/10061)
	Is the server running on that host and accepting TCP/IP connections?

(Background on this error at: https://sqlalche.me/e/20/e3q8)
2026-08-13 22:43:03 | ERROR    | app.main:startup_event:63 - Failed to create database tables: (psycopg2.OperationalError) connection to server at "localhost" (::1), port 5432 failed: Connection refused (0x0000274D/10061)
	Is the server running on that host and accepting TCP/IP connections?
connection to server at "localhost" (127.0.0.1), port 5432 failed: Connection refused (0x0000274D/10061)
	Is the server running on that host and accepting TCP/IP connections?

(Background on this error at: https://sqlalche.me/e/20/e3q8)
2026-08-13 22:43:14 | ERROR    | app.utils.cache:_connect:27 - Failed to connect to Redis: Error 10061 connecting to localhost:6379. No connection could be made because the target machine actively refused it.
2026-08-13 22:43:15 | ERROR    | app.utils.cache:_connect:27 - Failed to connect to Redis: Error 10061 connecting to localhost:6379. No connection could be made because the target machine actively refused it.
2026-08-13 22:43:15 | ERROR    | app.utils.cache:_connect:27 - Failed to connect to Redis: Error 10061 connecting to localhost:6379. No connection could be made because the target machine actively refused it.
2026-08-13 22:43:16 | ERROR    | app.utils.cache:_connect:27 - Failed to connect to Redis: Error 10061 connecting to localhost:6379. No connection could be made because the target machine actively refused it.
2026-08-13 22:43:16 | ERROR    | app.utils.cache:_connect:27 - Failed to connect to Redis: Error 10061 connecting to localhost:6379. No connection could be made because the target machine actively refused it.
2026-08-13 22:43:16 | ERROR    | app.utils.cache:_connect:27 - Failed to connect to Redis: Error 10061 connecting to localhost:6379. No connection could be made because the target machine actively refused it.
2026-08-13 22:43:16 | ERROR    | app.utils.cache:_connect:27 - Failed to connect to Redis: Error 10061 connecting to localhost:6379. No connection could be made because the target machine actively refused it.
2026-08-13 22:44:54 | ERROR    | app.main:startup_event:63 - Failed to create database tables: (psycopg2.OperationalError) connection to server at "localhost" (::1), port 5432 failed: Connection refused (0x0000274D/10061)
	Is the server running on that host and accepting TCP/IP connections?
connection to server at "localhost" (127.0.0.1), port 5432 failed: Connection refused (0x0000274D/10061)
	Is the server running on that host and accepting TCP/IP connections?

(Background on this error at: https://sqlalche.me/e/20/e3q8)
2026-08-13 22:44:55 | ERROR    | app.main:startup_event:63 - Failed to create database tables: (psycopg2.OperationalError) connection to server at "localhost" (::1), port 5432 failed: Connection refused (0x0000274D/10061)
	Is the server running on that host and accepting TCP/IP connections?
connection to server at "localhost" (127.0.0.1), port 5432 failed: Connection refused (0x0000274D/10061)
	Is the server running on that host and accepting TCP/IP connections?

(Background on this error at: https://sqlalche.me/e/20/e3q8)
2026-08-13 22:44:55 | ERROR    | app.main:startup_event:63 - Failed to create database tables: (psycopg2.OperationalError) connection to server at "localhost" (::1), port 5432 failed: Connection refused (0x0000274D/10061)
	Is the server running on that host and accepting TCP/IP connections?
connection to server at "localhost" (127.0.0.1), port 5432 failed: Connection refused (0x0000274D/10061)
	Is the server running on that host and accepting TCP/IP connections?

(Background on this error at: https://sqlalche.me/e/20/e3q8)
2026-08-13 22:44:55 | ERROR    | app.main:startup_event:63 - Failed to create database tables: (psycopg2.OperationalError) connection to server at "localhost" (::1), port 5432 failed: Connection refused (0x0000274D/10061)
	Is the server running on that host and accepting TCP/IP connections?
connection to server at "localhost" (127.0.0.1), port 5432 failed: Connection refused (0x0000274D/10061)
	Is the server running on that host and accepting TCP/IP connections?

(Background on this error at: https://sqlalche.me/e/20/e3q8)
2026-08-13 22:44:55 | ERROR    | app.main:startup_event:63 - Failed to create database tables: (psycopg2.OperationalError) connection to server at "localhost" (::1), port 5432 failed: Connection refused (0x0000274D/10061)
	Is the server running on that host and accepting TCP/IP connections?
connection to server at "localhost" (127.0.0.1), port 5432 failed: Connection refused (0x0000274D/10061)
	Is the server running on that host and accepting TCP/IP connections?

(Background on this error at: https://sqlalche.me/e/20/e3q8)
2026-08-13 22:44:55 | ERROR    | app.main:startup_event:63 - Failed to create database tables: (psycopg2.OperationalError) connection to server at "localhost" (::1), port 5432 failed: Connection refused (0x0000274D/10061)
	Is the server running on that host and accepting TCP/IP connections?
connection to server at "localhost" (127.0.0.1), port 5432 failed: Connection refused (0x0000274D/10061)
	Is the server running on that host and accepting TCP/IP connections?

(Background on this error at: https://sqlalche.me/e/20/e3q8)
2026-08-13 22:44:56 | ERROR    | app.main:startup_event:63 - Failed to create database tables: (psycopg2.OperationalError) connection to server at "localhost" (::1), port 5432 failed: Connection refused (0x0000274D/10061)
	Is the server running on that host and accepting TCP/IP connections?
connection to server at "localhost" (127.0.0.1), port 5432 failed: Connection refused (0x0000274D/10061)
	Is the server running on that host and accepting TCP/IP connections?

(Background on this error at: https://sqlalche.me/e/20/e3q8)
2026-08-13 22:44:56 | ERROR    | app.main:startup_event:63 - Failed to create database tables: (psycopg2.OperationalError) connection to server at "localhost" (::1), port 5432 failed: Connection refused (0x0000274D/10061)
	Is the server running on that host and accepting TCP/IP connections?
connection to server at "localhost" (127.0.0.1), port 5432 failed: Connection refused (0x0000274D/10061)
	Is the server running on that host and accepting TCP/IP connections?

(Background on this error at: https://sqlalche.me/e/20/e3q8)
2026-08-13 22:45:07 | ERROR    | app.utils.cache:_connect:27 - Failed to connect to Redis: Error 10061 connecting to localhost:6379. No connection could be made because the target machine actively refused it.
2026-08-13 22:45:07 | ERROR    | app.utils.cache:_connect:27 - Failed to connect to Redis: Error 10061 connecting to localhost:6379. No connection could be made because the target machine actively refused it.
2026-08-13 22:45:08 | ERROR    | app.utils.cache:_connect:27 - Failed to connect to Redis: Error 10061 connecting to localhost:6379. No connection could be made because the target machine actively refused it.
2026-08-13 22:45:08 | ERROR    | app.utils.cache:_connect:27 - Failed to connect to Redis: Error 10061 connecting to localhost:6379. No connection could be made because the target machine actively refused it.
2026-08-13 22:45:09 | ERROR    | app.utils.cache:_connect:27 - Failed to connect to Redis: Error 10061 connecting to localhost:6379. No connection could be made because the target machine actively refused it.
2026-08-13 22:45:09 | ERROR    | app.utils.cache:_connect:27 - Failed to connect to Redis: Error 10061 connecting to localhost:6379. No connection could be made because the target machine actively refused it.
2026-08-13 22:45:09 | ERROR    | app.utils.cache:_connect:27 - Failed to connect to Redis: Error 10061 connecting to localhost:6379. No connection could be made because the target machine actively refused it.
2026-08-13 22:45:09 | ERROR    | app.utils.cache:_connect:27 - Failed to connect to Redis: Error 10061 connecting to localhost:6379. No connection could be made because the target machine actively refused it.
2026-08-13 22:45:51 | ERROR    | app.main:startup_event:63 - Failed to create database tables: (psycopg2.OperationalError) connection to server at "localhost" (::1), port 5432 failed: Connection refused (0x0000274D/10061)
	Is the server running on that host and accepting TCP/IP connections?
connection to server at "localhost" (127.0.0.1), port 5432 failed: Connection refused (0x0000274D/10061)
	Is the server running on that host and accepting TCP/IP connections?

(Background on this error at: https://sqlalche.me/e/20/e3q8)
2026-08-13 22:46:04 | ERROR    | app.utils.cache:_connect:27 - Failed to connect to Redis: Error 10061 connecting to localhost:6379. No connection could be made because the target machine actively refused it.
2026-08-13 22:46:43 | ERROR    | app.main:startup_event:63 - Failed to create database tables: (psycopg2.OperationalError) connection to server at "localhost" (::1), port 5432 failed: Connection refused (0x0000274D/10061)
	Is the server running on that host and accepting TCP/IP connections?
connection to server at "localhost" (127.0.0.1), port 5432 failed: Connection refused (0x0000274D/10061)
	Is the server running on that host and accepting TCP/IP connections?

(Background on this error at: https://sqlalche.me/e/20/e3q8)
2026-08-13 22:46:43 | ERROR    | app.main:startup_event:63 - Failed to create database tables: (psycopg2.OperationalError) connection to server at "localhost" (::1), port 5432 failed: Connection refused (0x0000274D/10061)
	Is the server running on that host and accepting TCP/IP connections?
connection to server at "localhost" (127.0.0.1), port 5432 failed: Connection refused (0x0000274D/10061)
	Is the server running on that host and accepting TCP/IP connections?

(Background on this error at: https://sqlalche.me/e/20/e3q8)
2026-08-13 22:46:43 | ERROR    | app.main:startup_event:63 - Failed to create database tables: (psycopg2.OperationalError) connection to server at "localhost" (::1), port 5432 failed: Connection refused (0x0000274D/10061)
	Is the server running on that host and accepting TCP/IP connections?
connection to server at "localhost" (127.0.0.1), port 5432 failed: Connection refused (0x0000274D/10061)
	Is the server running on that host and accepting TCP/IP connections?

(Background on this error at: https://sqlalche.me/e/20/e3q8)
2026-08-13 22:46:43 | ERROR    | app.main:startup_event:63 - Failed to create database tables: (psycopg2.OperationalError) connection to server at "localhost" (::1), port 5432 failed: Connection refused (0x0000274D/10061)
	Is the server running on that host and accepting TCP/IP connections?
connection to server at "localhost" (127.0.0.1), port 5432 failed: Connection refused (0x0000274D/10061)
	Is the server running on that host and accepting TCP/IP connections?

(Background on this error at: https://sqlalche.me/e/20/e3q8)
2026-08-13 22:46:44 | ERROR    | app.main:startup_event:63 - Failed to create database tables: (psycopg2.OperationalError) connection to server at "localhost" (::1), port 5432 failed: Connection refused (0x0000274D/10061)
	Is the server running on that host and accepting TCP/IP connections?
connection to server at "localhost" (127.0.0.1), port 5432 failed: Connection refused (0x0000274D/10061)
	Is the server running on that host and accepting TCP/IP connections?

(Background on this error at: https://sqlalche.me/e/20/e3q8)
2026-08-13 22:46:44 | ERROR    | app.main:startup_event:63 - Failed to create database tables: (psycopg2.OperationalError) connection to server at "localhost" (::1), port 5432 failed: Connection refused (0x0000274D/10061)
	Is the server running on that host and accepting TCP/IP connections?
connection to server at "localhost" (127.0.0.1), port 5432 failed: Connection refused (0x0000274D/10061)
	Is the server running on that host and accepting TCP/IP connections?

(Background on this error at: https://sqlalche.me/e/20/e3q8)
2026-08-13 22:46:45 | ERROR    | app.main:startup_event:63 - Failed to create database tables: (psycopg2.OperationalError) connection to server at "localhost" (::1), port 5432 failed: Connection refused (0x0000274D/10061)
	Is the server running on that host and accepting TCP/IP connections?
connection to server at "localhost" (127.0.0.1), port 5432 failed: Connection refused (0x0000274D/10061)
	Is the server running on that host and accepting TCP/IP connections?

(Background on this error at: https://sqlalche.me/e/20/e3q8)
2026-08-13 22:46:55 | ERROR    | app.utils.cache:_connect:27 - Failed to connect to Redis: Error 10061 connecting to localhost:6379. No connection could be made because the target machine actively refused it.
2026-08-13 22:46:55 | ERROR    | app.utils.cache:_connect:27 - Failed to connect to Redis: Error 10061 connecting to localhost:6379. No connection could be made because the target machine actively refused it.
2026-08-13 22:46:55 | ERROR    | app.utils.cache:_connect:27 - Failed to connect to Redis: Error 10061 connecting to localhost:6379. No connection could be made because the target machine actively refused it.
2026-08-13 22:46:56 | ERROR    | app.utils.cache:_connect:27 - Failed to connect to Redis: Error 10061 connecting to localhost:6379. No connection could be made because the target machine actively refused it.
2026-08-13 22:46:56 | ERROR    | app.utils.cache:_connect:27 - Failed to connect to Redis: Error 10061 connecting to localhost:6379. No connection could be made because the target machine actively refused it.
2026-08-13 22:46:56 | ERROR    | app.utils.cache:_connect:27 - Failed to connect to Redis: Error 10061 connecting to localhost:6379. No connection could be made because the target machine actively refused it.
2026-08-13 22:46:57 | ERROR    | app.utils.cache:_connect:27 - Failed to connect to Redis: Error 10061 connecting to localhost:6379. No connection could be made because the target machine actively refused it.
2026-08-13 22:46:57 | ERROR    | app.utils.cache:_connect:27 - Failed to connect to Redis: Error 10061 connecting to localhost:6379. No connection could be made because the target machine actively refused it.
2026-08-13 22:47:14 | ERROR    | app.main:startup_event:63 - Failed to create PostgreSQL tables: (psycopg2.OperationalError) connection to server at "localhost" (::1), port 5432 failed: Connection refused (0x0000274D/10061)
	Is the server running on that host and accepting TCP/IP connections?
connection to server at "localhost" (127.0.0.1), port 5432 failed: Connection refused (0x0000274D/10061)
	Is the server running on that host and accepting TCP/IP connections?

(Background on this error at: https://sqlalche.me/e/20/e3q8)
2026-08-13 22:47:29 | ERROR    | app.utils.cache:_connect:27 - Failed to connect to Redis: Error 10061 connecting to localhost:6379. No connection could be made because the target machine actively refused it.
2026-08-13 22:48:17 | ERROR    | app.main:startup_event:63 - Failed to create PostgreSQL tables: (psycopg2.OperationalError) connection to server at "localhost" (::1), port 5432 failed: Connection refused (0x0000274D/10061)
	Is the server running on that host and accepting TCP/IP connections?
connection to server at "localhost" (127.0.0.1), port 5432 failed: Connection refused (0x0000274D/10061)
	Is the server running on that host and accepting TCP/IP connections?

(Background on this error at: https://sqlalche.me/e/20/e3q8)
2026-08-13 22:48:17 | ERROR    | app.main:startup_event:63 - Failed to create PostgreSQL tables: (psycopg2.OperationalError) connection to server at "localhost" (::1), port 5432 failed: Connection refused (0x0000274D/10061)
	Is the server running on that host and accepting TCP/IP connections?
connection to server at "localhost" (127.0.0.1), port 5432 failed: Connection refused (0x0000274D/10061)
	Is the server running on that host and accepting TCP/IP connections?

(Background on this error at: https://sqlalche.me/e/20/e3q8)
2026-08-13 22:48:17 | ERROR    | app.main:startup_event:63 - Failed to create PostgreSQL tables: (psycopg2.OperationalError) connection to server at "localhost" (::1), port 5432 failed: Connection refused (0x0000274D/10061)
	Is the server running on that host and accepting TCP/IP connections?
connection to server at "localhost" (127.0.0.1), port 5432 failed: Connection refused (0x0000274D/10061)
	Is the server running on that host and accepting TCP/IP connections?

(Background on this error at: https://sqlalche.me/e/20/e3q8)
2026-08-13 22:48:17 | ERROR    | app.main:startup_event:63 - Failed to create PostgreSQL tables: (psycopg2.OperationalError) connection to server at "localhost" (::1), port 5432 failed: Connection refused (0x0000274D/10061)
	Is the server running on that host and accepting TCP/IP connections?
connection to server at "localhost" (127.0.0.1), port 5432 failed: Connection refused (0x0000274D/10061)
	Is the server running on that host and accepting TCP/IP connections?

(Background on this error at: https://sqlalche.me/e/20/e3q8)
2026-08-13 22:48:17 | ERROR    | app.main:startup_event:63 - Failed to create PostgreSQL tables: (psycopg2.OperationalError) connection to server at "localhost" (::1), port 5432 failed: Connection refused (0x0000274D/10061)
	Is the server running on that host and accepting TCP/IP connections?
connection to server at "localhost" (127.0.0.1), port 5432 failed: Connection refused (0x0000274D/10061)
	Is the server running on that host and accepting TCP/IP connections?

(Background on this error at: https://sqlalche.me/e/20/e3q8)
2026-08-13 22:48:17 | ERROR    | app.main:startup_event:63 - Failed to create PostgreSQL tables: (psycopg2.OperationalError) connection to server at "localhost" (::1), port 5432 failed: Connection refused (0x0000274D/10061)
	Is the server running on that host and accepting TCP/IP connections?
connection to server at "localhost" (127.0.0.1), port 5432 failed: Connection refused (0x0000274D/10061)
	Is the server running on that host and accepting TCP/IP connections?

(Background on this error at: https://sqlalche.me/e/20/e3q8)
2026-08-13 22:48:17 | ERROR    | app.main:startup_event:63 - Failed to create PostgreSQL tables: (psycopg2.OperationalError) connection to server at "localhost" (::1), port 5432 failed: Connection refused (0x0000274D/10061)
	Is the server running on that host and accepting TCP/IP connections?
connection to server at "localhost" (127.0.0.1), port 5432 failed: Connection refused (0x0000274D/10061)
	Is the server running on that host and accepting TCP/IP connections?

(Background on this error at: https://sqlalche.me/e/20/e3q8)
2026-08-13 22:48:17 | ERROR    | app.main:startup_event:63 - Failed to create PostgreSQL tables: (psycopg2.OperationalError) connection to server at "localhost" (::1), port 5432 failed: Connection refused (0x0000274D/10061)
	Is the server running on that host and accepting TCP/IP connections?
connection to server at "localhost" (127.0.0.1), port 5432 failed: Connection refused (0x0000274D/10061)
	Is the server running on that host and accepting TCP/IP connections?

(Background on this error at: https://sqlalche.me/e/20/e3q8)
2026-08-13 22:48:32 | ERROR    | app.utils.cache:_connect:27 - Failed to connect to Redis: Error 10061 connecting to localhost:6379. No connection could be made because the target machine actively refused it.
2026-08-13 22:48:34 | ERROR    | app.utils.cache:_connect:27 - Failed to connect to Redis: Error 10061 connecting to localhost:6379. No connection could be made because the target machine actively refused it.
2026-08-13 22:48:34 | ERROR    | app.utils.cache:_connect:27 - Failed to connect to Redis: Error 10061 connecting to localhost:6379. No connection could be made because the target machine actively refused it.
2026-08-13 22:48:34 | ERROR    | app.utils.cache:_connect:27 - Failed to connect to Redis: Error 10061 connecting to localhost:6379. No connection could be made because the target machine actively refused it.
2026-08-13 22:48:34 | ERROR    | app.utils.cache:_connect:27 - Failed to connect to Redis: Error 10061 connecting to localhost:6379. No connection could be made because the target machine actively refused it.
2026-08-13 22:48:35 | ERROR    | app.utils.cache:_connect:27 - Failed to connect to Redis: Error 10061 connecting to localhost:6379. No connection could be made because the target machine actively refused it.
2026-08-13 22:48:35 | ERROR    | app.utils.cache:_connect:27 - Failed to connect to Redis: Error 10061 connecting to localhost:6379. No connection could be made because the target machine actively refused it.
2026-08-13 22:48:35 | ERROR    | app.utils.cache:_connect:27 - Failed to connect to Redis: Error 10061 connecting to localhost:6379. No connection could be made because the target machine actively refused it.
2026-08-13 22:48:43 | ERROR    | app.main:startup_event:63 - Failed to create PostgreSQL tables: (psycopg2.OperationalError) connection to server at "localhost" (::1), port 5432 failed: Connection refused (0x0000274D/10061)
	Is the server running on that host and accepting TCP/IP connections?
connection to server at "localhost" (127.0.0.1), port 5432 failed: Connection refused (0x0000274D/10061)
	Is the server running on that host and accepting TCP/IP connections?

(Background on this error at: https://sqlalche.me/e/20/e3q8)
2026-08-13 22:49:00 | ERROR    | app.utils.cache:_connect:27 - Failed to connect to Redis: Error 10061 connecting to localhost:6379. No connection could be made because the target machine actively refused it.
2026-08-13 22:50:32 | ERROR    | app.main:startup_event:63 - Failed to create PostgreSQL tables: (psycopg2.OperationalError) connection to server at "localhost" (::1), port 5432 failed: Connection refused (0x0000274D/10061)
	Is the server running on that host and accepting TCP/IP connections?
connection to server at "localhost" (127.0.0.1), port 5432 failed: Connection refused (0x0000274D/10061)
	Is the server running on that host and accepting TCP/IP connections?

(Background on this error at: https://sqlalche.me/e/20/e3q8)
2026-08-13 22:50:32 | ERROR    | app.main:startup_event:63 - Failed to create PostgreSQL tables: (psycopg2.OperationalError) connection to server at "localhost" (::1), port 5432 failed: Connection refused (0x0000274D/10061)
	Is the server running on that host and accepting TCP/IP connections?
connection to server at "localhost" (127.0.0.1), port 5432 failed: Connection refused (0x0000274D/10061)
	Is the server running on that host and accepting TCP/IP connections?

(Background on this error at: https://sqlalche.me/e/20/e3q8)
2026-08-13 22:50:32 | ERROR    | app.main:startup_event:63 - Failed to create PostgreSQL tables: (psycopg2.OperationalError) connection to server at "localhost" (::1), port 5432 failed: Connection refused (0x0000274D/10061)
	Is the server running on that host and accepting TCP/IP connections?
connection to server at "localhost" (127.0.0.1), port 5432 failed: Connection refused (0x0000274D/10061)
	Is the server running on that host and accepting TCP/IP connections?

(Background on this error at: https://sqlalche.me/e/20/e3q8)
2026-08-13 22:50:32 | ERROR    | app.main:startup_event:63 - Failed to create PostgreSQL tables: (psycopg2.OperationalError) connection to server at "localhost" (::1), port 5432 failed: Connection refused (0x0000274D/10061)
	Is the server running on that host and accepting TCP/IP connections?
connection to server at "localhost" (127.0.0.1), port 5432 failed: Connection refused (0x0000274D/10061)
	Is the server running on that host and accepting TCP/IP connections?

(Background on this error at: https://sqlalche.me/e/20/e3q8)
2026-08-13 22:50:32 | ERROR    | app.main:startup_event:63 - Failed to create PostgreSQL tables: (psycopg2.OperationalError) connection to server at "localhost" (::1), port 5432 failed: Connection refused (0x0000274D/10061)
	Is the server running on that host and accepting TCP/IP connections?
connection to server at "localhost" (127.0.0.1), port 5432 failed: Connection refused (0x0000274D/10061)
	Is the server running on that host and accepting TCP/IP connections?

(Background on this error at: https://sqlalche.me/e/20/e3q8)
2026-08-13 22:50:33 | ERROR    | app.main:startup_event:63 - Failed to create PostgreSQL tables: (psycopg2.OperationalError) connection to server at "localhost" (::1), port 5432 failed: Connection refused (0x0000274D/10061)
	Is the server running on that host and accepting TCP/IP connections?
connection to server at "localhost" (127.0.0.1), port 5432 failed: Connection refused (0x0000274D/10061)
	Is the server running on that host and accepting TCP/IP connections?

(Background on this error at: https://sqlalche.me/e/20/e3q8)
2026-08-13 22:50:33 | ERROR    | app.main:startup_event:63 - Failed to create PostgreSQL tables: (psycopg2.OperationalError) connection to server at "localhost" (::1), port 5432 failed: Connection refused (0x0000274D/10061)
	Is the server running on that host and accepting TCP/IP connections?
connection to server at "localhost" (127.0.0.1), port 5432 failed: Connection refused (0x0000274D/10061)
	Is the server running on that host and accepting TCP/IP connections?

(Background on this error at: https://sqlalche.me/e/20/e3q8)
2026-08-13 22:50:33 | ERROR    | app.main:startup_event:63 - Failed to create PostgreSQL tables: (psycopg2.OperationalError) connection to server at "localhost" (::1), port 5432 failed: Connection refused (0x0000274D/10061)
	Is the server running on that host and accepting TCP/IP connections?
connection to server at "localhost" (127.0.0.1), port 5432 failed: Connection refused (0x0000274D/10061)
	Is the server running on that host and accepting TCP/IP connections?

(Background on this error at: https://sqlalche.me/e/20/e3q8)
2026-08-13 22:50:40 | ERROR    | app.main:startup_event:63 - Failed to create PostgreSQL tables: (psycopg2.OperationalError) connection to server at "localhost" (::1), port 5432 failed: Connection refused (0x0000274D/10061)
	Is the server running on that host and accepting TCP/IP connections?
connection to server at "localhost" (127.0.0.1), port 5432 failed: Connection refused (0x0000274D/10061)
	Is the server running on that host and accepting TCP/IP connections?

(Background on this error at: https://sqlalche.me/e/20/e3q8)
2026-08-13 22:50:51 | ERROR    | app.utils.cache:_connect:27 - Failed to connect to Redis: Error 10061 connecting to localhost:6379. No connection could be made because the target machine actively refused it.
2026-08-13 22:50:53 | ERROR    | app.utils.cache:_connect:27 - Failed to connect to Redis: Error 10061 connecting to localhost:6379. No connection could be made because the target machine actively refused it.
2026-08-13 22:50:53 | ERROR    | app.utils.cache:_connect:27 - Failed to connect to Redis: Error 10061 connecting to localhost:6379. No connection could be made because the target machine actively refused it.
2026-08-13 22:50:53 | ERROR    | app.utils.cache:_connect:27 - Failed to connect to Redis: Error 10061 connecting to localhost:6379. No connection could be made because the target machine actively refused it.
2026-08-13 22:50:54 | ERROR    | app.utils.cache:_connect:27 - Failed to connect to Redis: Error 10061 connecting to localhost:6379. No connection could be made because the target machine actively refused it.
2026-08-13 22:50:54 | ERROR    | app.utils.cache:_connect:27 - Failed to connect to Redis: Error 10061 connecting to localhost:6379. No connection could be made because the target machine actively refused it.
2026-08-13 22:50:54 | ERROR    | app.utils.cache:_connect:27 - Failed to connect to Redis: Error 10061 connecting to localhost:6379. No connection could be made because the target machine actively refused it.
2026-08-13 22:50:54 | ERROR    | app.utils.cache:_connect:27 - Failed to connect to Redis: Error 10061 connecting to localhost:6379. No connection could be made because the target machine actively refused it.
2026-08-13 22:50:57 | ERROR    | app.utils.cache:_connect:27 - Failed to connect to Redis: Error 10061 connecting to localhost:6379. No connection could be made because the target machine actively refused it.
2026-08-13 22:52:52 | ERROR    | app.main:startup_event:63 - Failed to create PostgreSQL tables: (psycopg2.OperationalError) connection to server at "localhost" (::1), port 5432 failed: Connection refused (0x0000274D/10061)
	Is the server running on that host and accepting TCP/IP connections?
connection to server at "localhost" (127.0.0.1), port 5432 failed: Connection refused (0x0000274D/10061)
	Is the server running on that host and accepting TCP/IP connections?

(Background on this error at: https://sqlalche.me/e/20/e3q8)
2026-08-13 22:52:52 | ERROR    | app.main:startup_event:63 - Failed to create PostgreSQL tables: (psycopg2.OperationalError) connection to server at "localhost" (::1), port 5432 failed: Connection refused (0x0000274D/10061)
	Is the server running on that host and accepting TCP/IP connections?
connection to server at "localhost" (127.0.0.1), port 5432 failed: Connection refused (0x0000274D/10061)
	Is the server running on that host and accepting TCP/IP connections?

(Background on this error at: https://sqlalche.me/e/20/e3q8)
2026-08-13 22:52:52 | ERROR    | app.main:startup_event:63 - Failed to create PostgreSQL tables: (psycopg2.OperationalError) connection to server at "localhost" (::1), port 5432 failed: Connection refused (0x0000274D/10061)
	Is the server running on that host and accepting TCP/IP connections?
connection to server at "localhost" (127.0.0.1), port 5432 failed: Connection refused (0x0000274D/10061)
	Is the server running on that host and accepting TCP/IP connections?

(Background on this error at: https://sqlalche.me/e/20/e3q8)
2026-08-13 22:52:52 | ERROR    | app.main:startup_event:63 - Failed to create PostgreSQL tables: (psycopg2.OperationalError) connection to server at "localhost" (::1), port 5432 failed: Connection refused (0x0000274D/10061)
	Is the server running on that host and accepting TCP/IP connections?
connection to server at "localhost" (127.0.0.1), port 5432 failed: Connection refused (0x0000274D/10061)
	Is the server running on that host and accepting TCP/IP connections?

(Background on this error at: https://sqlalche.me/e/20/e3q8)
2026-08-13 22:52:52 | ERROR    | app.main:startup_event:63 - Failed to create PostgreSQL tables: (psycopg2.OperationalError) connection to server at "localhost" (::1), port 5432 failed: Connection refused (0x0000274D/10061)
	Is the server running on that host and accepting TCP/IP connections?
connection to server at "localhost" (127.0.0.1), port 5432 failed: Connection refused (0x0000274D/10061)
	Is the server running on that host and accepting TCP/IP connections?

(Background on this error at: https://sqlalche.me/e/20/e3q8)
2026-08-13 22:52:52 | ERROR    | app.main:startup_event:63 - Failed to create PostgreSQL tables: (psycopg2.OperationalError) connection to server at "localhost" (::1), port 5432 failed: Connection refused (0x0000274D/10061)
	Is the server running on that host and accepting TCP/IP connections?
connection to server at "localhost" (127.0.0.1), port 5432 failed: Connection refused (0x0000274D/10061)
	Is the server running on that host and accepting TCP/IP connections?

(Background on this error at: https://sqlalche.me/e/20/e3q8)
2026-08-13 22:52:53 | ERROR    | app.main:startup_event:63 - Failed to create PostgreSQL tables: (psycopg2.OperationalError) connection to server at "localhost" (::1), port 5432 failed: Connection refused (0x0000274D/10061)
	Is the server running on that host and accepting TCP/IP connections?
connection to server at "localhost" (127.0.0.1), port 5432 failed: Connection refused (0x0000274D/10061)
	Is the server running on that host and accepting TCP/IP connections?

(Background on this error at: https://sqlalche.me/e/20/e3q8)
2026-08-13 22:52:53 | ERROR    | app.main:startup_event:63 - Failed to create PostgreSQL tables: (psycopg2.OperationalError) connection to server at "localhost" (::1), port 5432 failed: Connection refused (0x0000274D/10061)
	Is the server running on that host and accepting TCP/IP connections?
connection to server at "localhost" (127.0.0.1), port 5432 failed: Connection refused (0x0000274D/10061)
	Is the server running on that host and accepting TCP/IP connections?

(Background on this error at: https://sqlalche.me/e/20/e3q8)
2026-08-13 22:53:07 | ERROR    | app.utils.cache:_connect:27 - Failed to connect to Redis: Error 10061 connecting to localhost:6379. No connection could be made because the target machine actively refused it.
2026-08-13 22:53:07 | ERROR    | app.utils.cache:_connect:27 - Failed to connect to Redis: Error 10061 connecting to localhost:6379. No connection could be made because the target machine actively refused it.
2026-08-13 22:53:08 | ERROR    | app.utils.cache:_connect:27 - Failed to connect to Redis: Error 10061 connecting to localhost:6379. No connection could be made because the target machine actively refused it.
2026-08-13 22:53:09 | ERROR    | app.utils.cache:_connect:27 - Failed to connect to Redis: Error 10061 connecting to localhost:6379. No connection could be made because the target machine actively refused it.
2026-08-13 22:53:09 | ERROR    | app.utils.cache:_connect:27 - Failed to connect to Redis: Error 10061 connecting to localhost:6379. No connection could be made because the target machine actively refused it.
2026-08-13 22:53:09 | ERROR    | app.utils.cache:_connect:27 - Failed to connect to Redis: Error 10061 connecting to localhost:6379. No connection could be made because the target machine actively refused it.
2026-08-13 22:53:09 | ERROR    | app.utils.cache:_connect:27 - Failed to connect to Redis: Error 10061 connecting to localhost:6379. No connection could be made because the target machine actively refused it.
2026-08-13 22:53:10 | ERROR    | app.utils.cache:_connect:27 - Failed to connect to Redis: Error 10061 connecting to localhost:6379. No connection could be made because the target machine actively refused it.
2026-08-13 22:58:28 | ERROR    | app.main:startup_event:63 - Failed to create PostgreSQL tables: (psycopg2.OperationalError) connection to server at "localhost" (::1), port 5432 failed: Connection refused (0x0000274D/10061)
	Is the server running on that host and accepting TCP/IP connections?
connection to server at "localhost" (127.0.0.1), port 5432 failed: Connection refused (0x0000274D/10061)
	Is the server running on that host and accepting TCP/IP connections?

(Background on this error at: https://sqlalche.me/e/20/e3q8)
2026-08-13 22:58:40 | ERROR    | app.utils.cache:_connect:27 - Failed to connect to Redis: Error 10061 connecting to localhost:6379. No connection could be made because the target machine actively refused it.
2026-08-13 23:06:49 | ERROR    | app.database.mongodb_connection:init_mongodb:42 - Failed to initialize MongoDB: No default database defined
2026-08-13 23:07:05 | ERROR    | app.utils.cache:_connect:27 - Failed to connect to Redis: Error 10061 connecting to localhost:6379. No connection could be made because the target machine actively refused it.
2026-08-13 23:07:21 | ERROR    | app.database.mongodb_connection:init_mongodb:42 - Failed to initialize MongoDB: No default database defined
2026-08-13 23:07:25 | ERROR    | app.database.mongodb_connection:init_mongodb:42 - Failed to initialize MongoDB: No default database defined
2026-08-13 23:07:31 | ERROR    | app.database.mongodb_connection:init_mongodb:42 - Failed to initialize MongoDB: No default database defined
2026-08-13 23:07:34 | ERROR    | app.utils.cache:_connect:27 - Failed to connect to Redis: Error 10061 connecting to localhost:6379. No connection could be made because the target machine actively refused it.
2026-08-13 23:07:37 | ERROR    | app.utils.cache:_connect:27 - Failed to connect to Redis: Error 10061 connecting to localhost:6379. No connection could be made because the target machine actively refused it.
2026-08-13 23:07:43 | ERROR    | app.utils.cache:_connect:27 - Failed to connect to Redis: Error 10061 connecting to localhost:6379. No connection could be made because the target machine actively refused it.
2026-08-13 23:09:39 | ERROR    | app.database.mongodb_connection:init_mongodb:43 - Failed to initialize MongoDB: MotorDatabase object is not callable. If you meant to call the 'append_metadata' method on a AsyncIOMotorClient object it is failing because no such method exists.
2026-08-13 23:09:44 | ERROR    | app.database.mongodb_connection:init_mongodb:43 - Failed to initialize MongoDB: MotorDatabase object is not callable. If you meant to call the 'append_metadata' method on a AsyncIOMotorClient object it is failing because no such method exists.
2026-08-13 23:09:51 | ERROR    | app.database.mongodb_connection:init_mongodb:43 - Failed to initialize MongoDB: MotorDatabase object is not callable. If you meant to call the 'append_metadata' method on a AsyncIOMotorClient object it is failing because no such method exists.
2026-08-13 23:09:53 | ERROR    | app.utils.cache:_connect:27 - Failed to connect to Redis: Error 10061 connecting to localhost:6379. No connection could be made because the target machine actively refused it.
2026-08-13 23:09:58 | ERROR    | app.utils.cache:_connect:27 - Failed to connect to Redis: Error 10061 connecting to localhost:6379. No connection could be made because the target machine actively refused it.
2026-08-13 23:10:06 | ERROR    | app.database.mongodb_connection:init_mongodb:43 - Failed to initialize MongoDB: MotorDatabase object is not callable. If you meant to call the 'append_metadata' method on a AsyncIOMotorClient object it is failing because no such method exists.
2026-08-13 23:10:06 | ERROR    | app.utils.cache:_connect:27 - Failed to connect to Redis: Error 10061 connecting to localhost:6379. No connection could be made because the target machine actively refused it.
2026-08-13 23:10:20 | ERROR    | app.database.mongodb_connection:init_mongodb:43 - Failed to initialize MongoDB: MotorDatabase object is not callable. If you meant to call the 'append_metadata' method on a AsyncIOMotorClient object it is failing because no such method exists.
2026-08-13 23:10:20 | ERROR    | app.utils.cache:_connect:27 - Failed to connect to Redis: Error 10061 connecting to localhost:6379. No connection could be made because the target machine actively refused it.
2026-08-13 23:10:37 | ERROR    | app.utils.cache:_connect:27 - Failed to connect to Redis: Error 10061 connecting to localhost:6379. No connection could be made because the target machine actively refused it.
2026-08-13 23:12:16 | ERROR    | app.database.mongodb_connection:init_mongodb:43 - Failed to initialize MongoDB: MotorDatabase object is not callable. If you meant to call the 'append_metadata' method on a AsyncIOMotorClient object it is failing because no such method exists.
2026-08-13 23:12:16 | ERROR    | app.database.mongodb_connection:init_mongodb:43 - Failed to initialize MongoDB: MotorDatabase object is not callable. If you meant to call the 'append_metadata' method on a AsyncIOMotorClient object it is failing because no such method exists.
2026-08-13 23:12:30 | ERROR    | app.utils.cache:_connect:27 - Failed to connect to Redis: Error 10061 connecting to localhost:6379. No connection could be made because the target machine actively refused it.
2026-08-13 23:12:31 | ERROR    | app.utils.cache:_connect:27 - Failed to connect to Redis: Error 10061 connecting to localhost:6379. No connection could be made because the target machine actively refused it.
2026-08-13 23:12:41 | ERROR    | app.database.mongodb_connection:init_mongodb:43 - Failed to initialize MongoDB: MotorDatabase object is not callable. If you meant to call the 'append_metadata' method on a AsyncIOMotorClient object it is failing because no such method exists.
2026-08-13 23:12:54 | ERROR    | app.database.mongodb_connection:init_mongodb:43 - Failed to initialize MongoDB: MotorDatabase object is not callable. If you meant to call the 'append_metadata' method on a AsyncIOMotorClient object it is failing because no such method exists.
2026-08-13 23:12:55 | ERROR    | app.utils.cache:_connect:27 - Failed to connect to Redis: Error 10061 connecting to localhost:6379. No connection could be made because the target machine actively refused it.
2026-08-13 23:12:56 | ERROR    | app.database.mongodb_connection:init_mongodb:43 - Failed to initialize MongoDB: MotorDatabase object is not callable. If you meant to call the 'append_metadata' method on a AsyncIOMotorClient object it is failing because no such method exists.
2026-08-13 23:13:12 | ERROR    | app.utils.cache:_connect:27 - Failed to connect to Redis: Error 10061 connecting to localhost:6379. No connection could be made because the target machine actively refused it.
2026-08-13 23:13:13 | ERROR    | app.utils.cache:_connect:27 - Failed to connect to Redis: Error 10061 connecting to localhost:6379. No connection could be made because the target machine actively refused it.
2026-08-13 23:14:51 | ERROR    | app.database.mongodb_connection:init_mongodb:48 - Failed to initialize MongoDB: database name cannot be the empty string
2026-08-13 23:14:51 | ERROR    | app.database.mongodb_connection:init_mongodb:48 - Failed to initialize MongoDB: database name cannot be the empty string
2026-08-13 23:15:10 | ERROR    | app.utils.cache:_connect:27 - Failed to connect to Redis: Error 10061 connecting to localhost:6379. No connection could be made because the target machine actively refused it.
2026-08-13 23:15:10 | ERROR    | app.utils.cache:_connect:27 - Failed to connect to Redis: Error 10061 connecting to localhost:6379. No connection could be made because the target machine actively refused it.
2026-08-13 23:15:11 | ERROR    | app.database.mongodb_connection:init_mongodb:48 - Failed to initialize MongoDB: database name cannot be the empty string
2026-08-13 23:15:13 | ERROR    | app.database.mongodb_connection:init_mongodb:48 - Failed to initialize MongoDB: database name cannot be the empty string
2026-08-13 23:15:26 | ERROR    | app.database.mongodb_connection:init_mongodb:48 - Failed to initialize MongoDB: database name cannot be the empty string
2026-08-13 23:15:26 | ERROR    | app.utils.cache:_connect:27 - Failed to connect to Redis: Error 10061 connecting to localhost:6379. No connection could be made because the target machine actively refused it.
2026-08-13 23:15:27 | ERROR    | app.utils.cache:_connect:27 - Failed to connect to Redis: Error 10061 connecting to localhost:6379. No connection could be made because the target machine actively refused it.
2026-08-13 23:15:38 | ERROR    | app.utils.cache:_connect:27 - Failed to connect to Redis: Error 10061 connecting to localhost:6379. No connection could be made because the target machine actively refused it.
2026-08-13 23:19:28 | ERROR    | app.utils.cache:_connect:27 - Failed to connect to Redis: Error 10061 connecting to localhost:6379. No connection could be made because the target machine actively refused it.
2026-08-13 23:20:31 | ERROR    | app.utils.cache:_connect:27 - Failed to connect to Redis: Error 10061 connecting to localhost:6379. No connection could be made because the target machine actively refused it.
2026-08-13 23:20:42 | ERROR    | app.utils.cache:_connect:27 - Failed to connect to Redis: Error 10061 connecting to localhost:6379. No connection could be made because the target machine actively refused it.
2026-08-13 23:20:46 | ERROR    | app.utils.cache:_connect:27 - Failed to connect to Redis: Error 10061 connecting to localhost:6379. No connection could be made because the target machine actively refused it.
2026-08-13 23:20:47 | ERROR    | app.utils.cache:_connect:27 - Failed to connect to Redis: Error 10061 connecting to localhost:6379. No connection could be made because the target machine actively refused it.
2026-08-13 23:24:29 | ERROR    | app.utils.cache:_connect:27 - Failed to connect to Redis: Error 10061 connecting to localhost:6379. No connection could be made because the target machine actively refused it.
2026-08-13 23:24:35 | ERROR    | app.utils.cache:_connect:27 - Failed to connect to Redis: Error 10061 connecting to localhost:6379. No connection could be made because the target machine actively refused it.
2026-08-13 23:24:36 | ERROR    | app.utils.cache:_connect:27 - Failed to connect to Redis: Error 10061 connecting to localhost:6379. No connection could be made because the target machine actively refused it.
2026-08-13 23:24:38 | ERROR    | app.utils.cache:_connect:27 - Failed to connect to Redis: Error 10061 connecting to localhost:6379. No connection could be made because the target machine actively refused it.
2026-08-13 23:24:44 | ERROR    | app.utils.cache:_connect:27 - Failed to connect to Redis: Error 10061 connecting to localhost:6379. No connection could be made because the target machine actively refused it.
2026-08-13 23:24:44 | ERROR    | app.utils.cache:_connect:27 - Failed to connect to Redis: Error 10061 connecting to localhost:6379. No connection could be made because the target machine actively refused it.
2026-08-13 23:24:46 | ERROR    | app.utils.cache:_connect:27 - Failed to connect to Redis: Error 10061 connecting to localhost:6379. No connection could be made because the target machine actively refused it.
2026-08-13 23:24:49 | ERROR    | app.utils.cache:_connect:27 - Failed to connect to Redis: Error 10061 connecting to localhost:6379. No connection could be made because the target machine actively refused it.
2026-08-13 23:28:52 | ERROR    | app.utils.cache:_connect:27 - Failed to connect to Redis: Error 10061 connecting to localhost:6379. No connection could be made because the target machine actively refused it.
2026-08-13 23:32:40 | ERROR    | app.nlp.embedding:_load_model:44 - Failed to load embedding model: The paging file is too small for this operation to complete. (os error 1455)
2026-08-13 23:32:42 | ERROR    | app.nlp.embedding:_load_model:44 - Failed to load embedding model: The paging file is too small for this operation to complete. (os error 1455)
2026-08-13 23:32:42 | ERROR    | app.nlp.embedding:_load_model:44 - Failed to load embedding model: The paging file is too small for this operation to complete. (os error 1455)
2026-08-13 23:32:42 | ERROR    | app.nlp.embedding:_load_model:44 - Failed to load embedding model: The paging file is too small for this operation to complete. (os error 1455)
2026-08-13 23:32:45 | ERROR    | app.utils.cache:_connect:27 - Failed to connect to Redis: Error 10061 connecting to localhost:6379. No connection could be made because the target machine actively refused it.
2026-08-13 23:32:45 | ERROR    | app.nlp.embedding:_load_model:44 - Failed to load embedding model: The paging file is too small for this operation to complete. (os error 1455)
2026-08-13 23:32:47 | ERROR    | app.utils.cache:_connect:27 - Failed to connect to Redis: Error 10061 connecting to localhost:6379. No connection could be made because the target machine actively refused it.
2026-08-13 23:32:47 | ERROR    | app.nlp.embedding:_load_model:44 - Failed to load embedding model: The paging file is too small for this operation to complete. (os error 1455)
2026-08-13 23:32:50 | ERROR    | app.utils.cache:_connect:27 - Failed to connect to Redis: Error 10061 connecting to localhost:6379. No connection could be made because the target machine actively refused it.
2026-08-13 23:32:50 | ERROR    | app.utils.cache:_connect:27 - Failed to connect to Redis: Error 10061 connecting to localhost:6379. No connection could be made because the target machine actively refused it.
2026-08-13 23:32:50 | ERROR    | app.utils.cache:_connect:27 - Failed to connect to Redis: Error 10061 connecting to localhost:6379. No connection could be made because the target machine actively refused it.
2026-08-13 23:32:50 | ERROR    | app.nlp.embedding:_load_model:44 - Failed to load embedding model: The paging file is too small for this operation to complete. (os error 1455)
2026-08-13 23:32:53 | ERROR    | app.utils.cache:_connect:27 - Failed to connect to Redis: Error 10061 connecting to localhost:6379. No connection could be made because the target machine actively refused it.
2026-08-13 23:32:56 | ERROR    | app.utils.cache:_connect:27 - Failed to connect to Redis: Error 10061 connecting to localhost:6379. No connection could be made because the target machine actively refused it.
2026-08-13 23:32:57 | ERROR    | app.utils.cache:_connect:27 - Failed to connect to Redis: Error 10061 connecting to localhost:6379. No connection could be made because the target machine actively refused it.
2026-08-13 23:33:37 | ERROR    | app.utils.cache:_connect:27 - Failed to connect to Redis: Error 10061 connecting to localhost:6379. No connection could be made because the target machine actively refused it.
2026-08-13 23:33:44 | ERROR    | app.utils.cache:_connect:27 - Failed to connect to Redis: Error 10061 connecting to localhost:6379. No connection could be made because the target machine actively refused it.
2026-08-13 23:33:46 | ERROR    | app.utils.cache:_connect:27 - Failed to connect to Redis: Error 10061 connecting to localhost:6379. No connection could be made because the target machine actively refused it.
2026-08-13 23:33:46 | ERROR    | app.utils.cache:_connect:27 - Failed to connect to Redis: Error 10061 connecting to localhost:6379. No connection could be made because the target machine actively refused it.
2026-08-13 23:34:22 | ERROR    | app.utils.cache:_connect:27 - Failed to connect to Redis: Error 10061 connecting to localhost:6379. No connection could be made because the target machine actively refused it.
2026-08-13 23:38:35 | ERROR    | app.nlp.embedding:_load_model:44 - Failed to load embedding model: The paging file is too small for this operation to complete. (os error 1455)
2026-08-13 23:38:37 | ERROR    | app.nlp.embedding:_load_model:44 - Failed to load embedding model: The paging file is too small for this operation to complete. (os error 1455)
2026-08-13 23:38:37 | ERROR    | app.nlp.embedding:_load_model:44 - Failed to load embedding model: [Errno 22] Invalid argument
2026-08-13 23:38:35 | ERROR    | app.nlp.embedding:_load_model:44 - Failed to load embedding model: The paging file is too small for this operation to complete. (os error 1455)
2026-08-13 23:38:39 | ERROR    | app.nlp.embedding:_load_model:44 - Failed to load embedding model: [Errno 22] Invalid argument
2026-08-13 23:38:39 | ERROR    | app.nlp.embedding:_load_model:44 - Failed to load embedding model: [Errno 22] Invalid argument
2026-08-13 23:38:40 | ERROR    | app.utils.cache:_connect:27 - Failed to connect to Redis: Error 10061 connecting to localhost:6379. No connection could be made because the target machine actively refused it.
2026-08-13 23:38:40 | ERROR    | app.nlp.embedding:_load_model:44 - Failed to load embedding model: The paging file is too small for this operation to complete. (os error 1455)
2026-08-13 23:38:40 | ERROR    | app.nlp.embedding:_load_model:44 - Failed to load embedding model: The paging file is too small for this operation to complete. (os error 1455)
2026-08-13 23:38:40 | ERROR    | app.nlp.embedding:_load_model:44 - Failed to load embedding model: [Errno 22] Invalid argument
2026-08-13 23:38:42 | ERROR    | app.utils.cache:_connect:27 - Failed to connect to Redis: Error 10061 connecting to localhost:6379. No connection could be made because the target machine actively refused it.
2026-08-13 23:38:42 | ERROR    | app.utils.cache:_connect:27 - Failed to connect to Redis: Error 10061 connecting to localhost:6379. No connection could be made because the target machine actively refused it.
2026-08-13 23:38:42 | ERROR    | app.utils.cache:_connect:27 - Failed to connect to Redis: Error 10061 connecting to localhost:6379. No connection could be made because the target machine actively refused it.
2026-08-13 23:38:44 | ERROR    | app.utils.cache:_connect:27 - Failed to connect to Redis: Error 10061 connecting to localhost:6379. No connection could be made because the target machine actively refused it.
2026-08-13 23:38:44 | ERROR    | app.utils.cache:_connect:27 - Failed to connect to Redis: Error 10061 connecting to localhost:6379. No connection could be made because the target machine actively refused it.
2026-08-13 23:38:44 | ERROR    | app.utils.cache:_connect:27 - Failed to connect to Redis: Error 10061 connecting to localhost:6379. No connection could be made because the target machine actively refused it.
2026-08-13 23:38:44 | ERROR    | app.utils.cache:_connect:27 - Failed to connect to Redis: Error 10061 connecting to localhost:6379. No connection could be made because the target machine actively refused it.
2026-08-13 23:38:44 | ERROR    | app.utils.cache:_connect:27 - Failed to connect to Redis: Error 10061 connecting to localhost:6379. No connection could be made because the target machine actively refused it.
2026-08-13 23:39:18 | ERROR    | app.nlp.embedding:_load_model:44 - Failed to load embedding model: [Errno 22] Invalid argument
2026-08-13 23:39:18 | ERROR    | app.nlp.embedding:_load_model:44 - Failed to load embedding model: [Errno 22] Invalid argument
2026-08-13 23:39:19 | ERROR    | app.nlp.embedding:_load_model:44 - Failed to load embedding model: [Errno 22] Invalid argument
2026-08-13 23:39:20 | ERROR    | app.nlp.embedding:_load_model:44 - Failed to load embedding model: [Errno 22] Invalid argument
2026-08-13 23:39:23 | ERROR    | app.utils.cache:_connect:27 - Failed to connect to Redis: Error 10061 connecting to localhost:6379. No connection could be made because the target machine actively refused it.
2026-08-13 23:39:23 | ERROR    | app.utils.cache:_connect:27 - Failed to connect to Redis: Error 10061 connecting to localhost:6379. No connection could be made because the target machine actively refused it.
2026-08-13 23:39:23 | ERROR    | app.utils.cache:_connect:27 - Failed to connect to Redis: Error 10061 connecting to localhost:6379. No connection could be made because the target machine actively refused it.
2026-08-13 23:39:24 | ERROR    | app.utils.cache:_connect:27 - Failed to connect to Redis: Error 10061 connecting to localhost:6379. No connection could be made because the target machine actively refused it.
2026-08-13 23:44:03 | ERROR    | app.nlp.embedding:_load_model:44 - Failed to load embedding model: The paging file is too small for this operation to complete. (os error 1455)
2026-08-13 23:44:03 | ERROR    | app.nlp.embedding:_load_model:44 - Failed to load embedding model: The paging file is too small for this operation to complete. (os error 1455)
2026-08-13 23:44:04 | ERROR    | app.nlp.embedding:_load_model:44 - Failed to load embedding model: The paging file is too small for this operation to complete. (os error 1455)
2026-08-13 23:44:04 | ERROR    | app.nlp.embedding:_load_model:44 - Failed to load embedding model: The paging file is too small for this operation to complete. (os error 1455)
2026-08-13 23:44:04 | ERROR    | app.nlp.embedding:_load_model:44 - Failed to load embedding model: The paging file is too small for this operation to complete. (os error 1455)
2026-08-13 23:44:05 | ERROR    | app.nlp.embedding:_load_model:44 - Failed to load embedding model: The paging file is too small for this operation to complete. (os error 1455)
2026-08-13 23:44:05 | ERROR    | app.nlp.embedding:_load_model:44 - Failed to load embedding model: The paging file is too small for this operation to complete. (os error 1455)
2026-08-13 23:44:05 | ERROR    | app.nlp.embedding:_load_model:44 - Failed to load embedding model: The paging file is too small for this operation to complete. (os error 1455)
2026-08-13 23:44:06 | ERROR    | app.nlp.embedding:_load_model:44 - Failed to load embedding model: The paging file is too small for this operation to complete. (os error 1455)
2026-08-13 23:44:08 | ERROR    | app.utils.cache:_connect:27 - Failed to connect to Redis: Error 10061 connecting to localhost:6379. No connection could be made because the target machine actively refused it.
2026-08-13 23:44:08 | ERROR    | app.utils.cache:_connect:27 - Failed to connect to Redis: Error 10061 connecting to localhost:6379. No connection could be made because the target machine actively refused it.
2026-08-13 23:44:08 | ERROR    | app.utils.cache:_connect:27 - Failed to connect to Redis: Error 10061 connecting to localhost:6379. No connection could be made because the target machine actively refused it.
2026-08-13 23:44:08 | ERROR    | app.utils.cache:_connect:27 - Failed to connect to Redis: Error 10061 connecting to localhost:6379. No connection could be made because the target machine actively refused it.
2026-08-13 23:44:08 | ERROR    | app.utils.cache:_connect:27 - Failed to connect to Redis: Error 10061 connecting to localhost:6379. No connection could be made because the target machine actively refused it.
2026-08-13 23:44:10 | ERROR    | app.utils.cache:_connect:27 - Failed to connect to Redis: Error 10061 connecting to localhost:6379. No connection could be made because the target machine actively refused it.
2026-08-13 23:44:13 | ERROR    | app.utils.cache:_connect:27 - Failed to connect to Redis: Error 10061 connecting to localhost:6379. No connection could be made because the target machine actively refused it.
2026-08-13 23:44:14 | ERROR    | app.utils.cache:_connect:27 - Failed to connect to Redis: Error 10061 connecting to localhost:6379. No connection could be made because the target machine actively refused it.
2026-08-13 23:45:01 | ERROR    | app.nlp.embedding:_load_model:44 - Failed to load embedding model: [Errno 22] Invalid argument
2026-08-13 23:45:02 | ERROR    | app.nlp.embedding:_load_model:44 - Failed to load embedding model: [Errno 22] Invalid argument
2026-08-13 23:45:05 | ERROR    | app.utils.cache:_connect:27 - Failed to connect to Redis: Error 10061 connecting to localhost:6379. No connection could be made because the target machine actively refused it.
2026-08-13 23:45:06 | ERROR    | app.utils.cache:_connect:27 - Failed to connect to Redis: Error 10061 connecting to localhost:6379. No connection could be made because the target machine actively refused it.
2026-08-13 23:45:51 | ERROR    | app.utils.cache:_connect:27 - Failed to connect to Redis: Error 10061 connecting to localhost:6379. No connection could be made because the target machine actively refused it.
2026-08-13 23:46:59 | ERROR    | app.utils.cache:_connect:27 - Failed to connect to Redis: Error 10061 connecting to localhost:6379. No connection could be made because the target machine actively refused it.
2026-08-13 23:48:55 | ERROR    | app.nlp.embedding:_load_model:44 - Failed to load embedding model: [Errno 22] Invalid argument
2026-08-13 23:48:57 | ERROR    | app.nlp.embedding:_load_model:44 - Failed to load embedding model: [Errno 22] Invalid argument
2026-08-13 23:48:57 | ERROR    | app.nlp.embedding:_load_model:44 - Failed to load embedding model: [Errno 22] Invalid argument
2026-08-13 23:49:00 | ERROR    | app.utils.cache:_connect:27 - Failed to connect to Redis: Error 10061 connecting to localhost:6379. No connection could be made because the target machine actively refused it.
2026-08-13 23:49:01 | ERROR    | app.utils.cache:_connect:27 - Failed to connect to Redis: Error 10061 connecting to localhost:6379. No connection could be made because the target machine actively refused it.
2026-08-13 23:49:02 | ERROR    | app.utils.cache:_connect:27 - Failed to connect to Redis: Error 10061 connecting to localhost:6379. No connection could be made because the target machine actively refused it.
2026-08-13 23:49:18 | ERROR    | app.nlp.embedding:_load_model:44 - Failed to load embedding model: [Errno 22] Invalid argument
2026-08-13 23:49:21 | ERROR    | app.nlp.embedding:_load_model:44 - Failed to load embedding model: [Errno 22] Invalid argument
2026-08-13 23:49:23 | ERROR    | app.utils.cache:_connect:27 - Failed to connect to Redis: Error 10061 connecting to localhost:6379. No connection could be made because the target machine actively refused it.
2026-08-13 23:49:24 | ERROR    | app.nlp.embedding:_load_model:44 - Failed to load embedding model: [Errno 22] Invalid argument
2026-08-13 23:49:25 | ERROR    | app.nlp.embedding:_load_model:44 - Failed to load embedding model: [Errno 22] Invalid argument
2026-08-13 23:49:25 | ERROR    | app.utils.cache:_connect:27 - Failed to connect to Redis: Error 10061 connecting to localhost:6379. No connection could be made because the target machine actively refused it.
2026-08-13 23:49:26 | ERROR    | app.nlp.embedding:_load_model:44 - Failed to load embedding model: [Errno 22] Invalid argument
2026-08-13 23:49:28 | ERROR    | app.nlp.embedding:_load_model:44 - Failed to load embedding model: [Errno 22] Invalid argument
2026-08-13 23:49:28 | ERROR    | app.nlp.embedding:_load_model:44 - Failed to load embedding model: [Errno 22] Invalid argument
2026-08-13 23:49:29 | ERROR    | app.utils.cache:_connect:27 - Failed to connect to Redis: Error 10061 connecting to localhost:6379. No connection could be made because the target machine actively refused it.
2026-08-13 23:49:29 | ERROR    | app.utils.cache:_connect:27 - Failed to connect to Redis: Error 10061 connecting to localhost:6379. No connection could be made because the target machine actively refused it.
2026-08-13 23:49:31 | ERROR    | app.utils.cache:_connect:27 - Failed to connect to Redis: Error 10061 connecting to localhost:6379. No connection could be made because the target machine actively refused it.
2026-08-13 23:49:34 | ERROR    | app.utils.cache:_connect:27 - Failed to connect to Redis: Error 10061 connecting to localhost:6379. No connection could be made because the target machine actively refused it.
2026-08-13 23:49:34 | ERROR    | app.utils.cache:_connect:27 - Failed to connect to Redis: Error 10061 connecting to localhost:6379. No connection could be made because the target machine actively refused it.
2026-08-13 23:49:37 | ERROR    | app.nlp.embedding:_load_model:44 - Failed to load embedding model: [Errno 22] Invalid argument
2026-08-13 23:49:42 | ERROR    | app.utils.cache:_connect:27 - Failed to connect to Redis: Error 10061 connecting to localhost:6379. No connection could be made because the target machine actively refused it.
2026-08-13 23:49:42 | ERROR    | app.nlp.embedding:_load_model:44 - Failed to load embedding model: [Errno 22] Invalid argument
2026-08-13 23:49:47 | ERROR    | app.utils.cache:_connect:27 - Failed to connect to Redis: Error 10061 connecting to localhost:6379. No connection could be made because the target machine actively refused it.
2026-08-13 23:52:26 | ERROR    | app.utils.cache:_connect:27 - Failed to connect to Redis: Error 10061 connecting to localhost:6379. No connection could be made because the target machine actively refused it.
2026-08-13 23:53:36 | ERROR    | app.utils.cache:_connect:27 - Failed to connect to Redis: Error 10061 connecting to localhost:6379. No connection could be made because the target machine actively refused it.
2026-08-13 23:54:31 | ERROR    | app.nlp.embedding:_load_model:44 - Failed to load embedding model: [Errno 22] Invalid argument
2026-08-13 23:54:36 | ERROR    | app.utils.cache:_connect:27 - Failed to connect to Redis: Error 10061 connecting to localhost:6379. No connection could be made because the target machine actively refused it.
2026-08-13 23:54:44 | ERROR    | app.nlp.embedding:_load_model:44 - Failed to load embedding model: [Errno 22] Invalid argument
2026-08-13 23:54:50 | ERROR    | app.utils.cache:_connect:27 - Failed to connect to Redis: Error 10061 connecting to localhost:6379. No connection could be made because the target machine actively refused it.
2026-08-13 23:54:52 | ERROR    | app.nlp.embedding:_load_model:44 - Failed to load embedding model: [Errno 22] Invalid argument
2026-08-13 23:54:59 | ERROR    | app.utils.cache:_connect:27 - Failed to connect to Redis: Error 10061 connecting to localhost:6379. No connection could be made because the target machine actively refused it.
2026-08-13 23:55:24 | ERROR    | app.nlp.embedding:_load_model:44 - Failed to load embedding model: The paging file is too small for this operation to complete. (os error 1455)
2026-08-13 23:55:27 | ERROR    | app.nlp.embedding:_load_model:44 - Failed to load embedding model: The paging file is too small for this operation to complete. (os error 1455)
2026-08-13 23:55:28 | ERROR    | app.nlp.embedding:_load_model:44 - Failed to load embedding model: The paging file is too small for this operation to complete. (os error 1455)
2026-08-13 23:55:32 | ERROR    | app.utils.cache:_connect:27 - Failed to connect to Redis: Error 10061 connecting to localhost:6379. No connection could be made because the target machine actively refused it.
2026-08-13 23:55:35 | ERROR    | app.utils.cache:_connect:27 - Failed to connect to Redis: Error 10061 connecting to localhost:6379. No connection could be made because the target machine actively refused it.
2026-08-13 23:55:39 | ERROR    | app.nlp.embedding:_load_model:44 - Failed to load embedding model: [Errno 22] Invalid argument
2026-08-13 23:55:40 | ERROR    | app.nlp.embedding:_load_model:44 - Failed to load embedding model: [Errno 22] Invalid argument
2026-08-13 23:55:44 | ERROR    | app.utils.cache:_connect:27 - Failed to connect to Redis: Error 10061 connecting to localhost:6379. No connection could be made because the target machine actively refused it.
2026-08-13 23:55:45 | ERROR    | app.utils.cache:_connect:27 - Failed to connect to Redis: Error 10061 connecting to localhost:6379. No connection could be made because the target machine actively refused it.
2026-08-13 23:55:48 | ERROR    | app.nlp.embedding:_load_model:44 - Failed to load embedding model: [Errno 22] Invalid argument
2026-08-13 23:55:51 | ERROR    | app.utils.cache:_connect:27 - Failed to connect to Redis: Error 10061 connecting to localhost:6379. No connection could be made because the target machine actively refused it.
2026-08-13 23:55:53 | ERROR    | app.utils.cache:_connect:27 - Failed to connect to Redis: Error 10061 connecting to localhost:6379. No connection could be made because the target machine actively refused it.
2026-08-13 23:56:05 | ERROR    | app.nlp.embedding:_load_model:44 - Failed to load embedding model: [Errno 22] Invalid argument
2026-08-13 23:56:07 | ERROR    | app.nlp.embedding:_load_model:44 - Failed to load embedding model: [Errno 22] Invalid argument
2026-08-13 23:56:11 | ERROR    | app.utils.cache:_connect:27 - Failed to connect to Redis: Error 10061 connecting to localhost:6379. No connection could be made because the target machine actively refused it.
2026-08-13 23:56:12 | ERROR    | app.utils.cache:_connect:27 - Failed to connect to Redis: Error 10061 connecting to localhost:6379. No connection could be made because the target machine actively refused it.
2026-08-13 23:58:53 | ERROR    | app.utils.cache:_connect:27 - Failed to connect to Redis: Error 10061 connecting to localhost:6379. No connection could be made because the target machine actively refused it.
2026-08-14 00:00:46 | ERROR    | app.nlp.embedding:_load_model:44 - Failed to load embedding model: [Errno 22] Invalid argument
2026-08-14 00:00:48 | ERROR    | app.nlp.embedding:_load_model:44 - Failed to load embedding model: The paging file is too small for this operation to complete. (os error 1455)
2026-08-14 00:00:49 | ERROR    | app.nlp.embedding:_load_model:44 - Failed to load embedding model: [Errno 22] Invalid argument
2026-08-14 00:00:50 | ERROR    | app.nlp.embedding:_load_model:44 - Failed to load embedding model: [Errno 22] Invalid argument
2026-08-14 00:00:51 | ERROR    | app.utils.cache:_connect:27 - Failed to connect to Redis: Error 10061 connecting to localhost:6379. No connection could be made because the target machine actively refused it.
2026-08-14 00:00:51 | ERROR    | app.nlp.embedding:_load_model:44 - Failed to load embedding model: [Errno 22] Invalid argument
2026-08-14 00:00:51 | ERROR    | app.nlp.embedding:_load_model:44 - Failed to load embedding model: [Errno 22] Invalid argument
2026-08-14 00:00:52 | ERROR    | app.nlp.embedding:_load_model:44 - Failed to load embedding model: The paging file is too small for this operation to complete. (os error 1455)
2026-08-14 00:00:53 | ERROR    | app.utils.cache:_connect:27 - Failed to connect to Redis: Error 10061 connecting to localhost:6379. No connection could be made because the target machine actively refused it.
2026-08-14 00:00:54 | ERROR    | app.utils.cache:_connect:27 - Failed to connect to Redis: Error 10061 connecting to localhost:6379. No connection could be made because the target machine actively refused it.
2026-08-14 00:00:55 | ERROR    | app.utils.cache:_connect:27 - Failed to connect to Redis: Error 10061 connecting to localhost:6379. No connection could be made because the target machine actively refused it.
2026-08-14 00:00:55 | ERROR    | app.utils.cache:_connect:27 - Failed to connect to Redis: Error 10061 connecting to localhost:6379. No connection could be made because the target machine actively refused it.
2026-08-14 00:00:56 | ERROR    | app.utils.cache:_connect:27 - Failed to connect to Redis: Error 10061 connecting to localhost:6379. No connection could be made because the target machine actively refused it.
2026-08-14 00:00:57 | ERROR    | app.utils.cache:_connect:27 - Failed to connect to Redis: Error 10061 connecting to localhost:6379. No connection could be made because the target machine actively refused it.
2026-08-14 00:02:43 | ERROR    | app.nlp.embedding:_load_model:44 - Failed to load embedding model: The paging file is too small for this operation to complete. (os error 1455)
2026-08-14 00:02:50 | ERROR    | app.utils.cache:_connect:27 - Failed to connect to Redis: Error 10061 connecting to localhost:6379. No connection could be made because the target machine actively refused it.
2026-08-14 00:09:05 | ERROR    | app.utils.cache:_connect:27 - Failed to connect to Redis: Error 10061 connecting to localhost:6379. No connection could be made because the target machine actively refused it.
2026-08-14 18:46:56 | ERROR    | app.api.chatbot.router:chat_message:79 - Chatbot error: 400 API key not valid. Please pass a valid API key. [reason: "API_KEY_INVALID"
domain: "googleapis.com"
metadata {
  key: "service"
  value: "generativelanguage.googleapis.com"
}
, locale: "en-US"
message: "API key not valid. Please pass a valid API key."
]
2026-08-14 18:52:18 | ERROR    | app.api.chatbot.router:chat_message:79 - Chatbot error: 400 API key not valid. Please pass a valid API key. [reason: "API_KEY_INVALID"
domain: "googleapis.com"
metadata {
  key: "service"
  value: "generativelanguage.googleapis.com"
}
, locale: "en-US"
message: "API key not valid. Please pass a valid API key."
]
2026-08-14 18:59:50 | ERROR    | app.api.chatbot.router:chat_message:79 - Chatbot error: 400 API key not valid. Please pass a valid API key. [reason: "API_KEY_INVALID"
domain: "googleapis.com"
metadata {
  key: "service"
  value: "generativelanguage.googleapis.com"
}
, locale: "en-US"
message: "API key not valid. Please pass a valid API key."
]
2026-08-14 19:00:30 | ERROR    | app.api.chatbot.router:chat_message:79 - Chatbot error: 400 API key not valid. Please pass a valid API key. [reason: "API_KEY_INVALID"
domain: "googleapis.com"
metadata {
  key: "service"
  value: "generativelanguage.googleapis.com"
}
, locale: "en-US"
message: "API key not valid. Please pass a valid API key."
]
2026-08-14 19:00:50 | ERROR    | app.api.chatbot.router:chat_message:79 - Chatbot error: 400 API key not valid. Please pass a valid API key. [reason: "API_KEY_INVALID"
domain: "googleapis.com"
metadata {
  key: "service"
  value: "generativelanguage.googleapis.com"
}
, locale: "en-US"
message: "API key not valid. Please pass a valid API key."
]
